id_campana,fecha,empresa,comunidad_autonoma,sector,canal_marketing,tipo_campana,gasto_campana,ingresos,impresiones,clics,conversiones,responsable,estado_campana
CMP-0397,11/10/2025,Lácteos del Sur,Cataluña,Agricultura,SEO,branding,10927.19,48947.77,144173.0,2036.0,273.0,sara molina,Activa
CMP-0704,29/10/2025,Electro Ríos,Asturias,Moda,redes sociales,Conversión,15206.02,23441.63,32252.0,1940.0,110.0,cristina ortega,Cancelada
CMP-0963,25/10/2024,Lácteos del Sur,Andalucía,Salud,Televisión,Branding,5882.06,15571.81,160350.0,10088.0,1682.0,Diego Romero,Pausada
CMP-0345,21/09/2025,Grupo Peralta SL,madrid,Finanzas,Prensa,Conversión,3016.25,3336.12,129258.0,8373.0,707.0,miguel álvarez,activa
CMP-0836,02/08/2025,Innovatech Solutions,La Rioja,Moda,Prensa,Conversión,"9.635,12 €",6046.67,322425.0,3147.0,505.0,Sara Molina,Finalizada
CMP-0359,20/09/2025,Bahía Sports,Región de Murcia,Deporte,Email Marketing,Branding,"24.881,00 €",104357.55,,834.0,206.0,Marta Sánchez,Finalizada
CMP-0753,01/07/2024,Byte Studio,,Alimentación,Marketing de Contenidos,Lead Generation,23337.1,44043.76,346853.0,20315.0,3769.0,Laura Gómez,finalizada
CMP-0454,02/10/2023,TecnoWave,Aragón,Inmobiliario,Influencers,Awareness,6080.09,6626.75,157633.0,10909.0,672.0,Carlos Ruiz,Finalizada
CMP-0962,2025-09-07,EcoHogar,Andalucía,Deporte,Google Ads,Awareness,9415.45,4774.55,204768.0,4744.0,1068.0,Ana Fernández,Cancelada
CMP-0047,25/12/2023,TransLogic,Asturias,Inmobiliario,SEO,Lead Generation,€3810.13,9643.05,297209.0,16683.0,887.0,Pablo Navarro,Activa
CMP-0984,21.12.2023,Ferretería Ibérica,Castilla-La Mancha,Deporte,Radio,Conversión,4504.31,13492.08,110919.0,1020.0,240.0,Miguel Álvarez,activa
CMP-0675,27/09/2025,Rural Gourmet,País Vasco,Educación,SEM,Lead Generation,16641.48,20577.08,334784.0,4545.0,218.0,Álvaro Gil,Activa
CMP-0035,16/04/2023,,Región de Murcia,Moda,Radio,Branding,21843.45,59219.12,246599.0,10086.0,925.0,Lucía Herrera,Terminada
CMP-0599,13/05/2025,Byte Studio,Asturias,Finanzas,Prensa,Branding,7267.11,13986.46,431084.0,17695.0,1285.0,Cristina Ortega,Activa
CMP-0793,2024-11-06,Zapatería Confort,Galicia,Belleza,tv,Awareness,17900.31,71817.48,,21259.0,4968.0,Paula Serrano,activa
CMP-0757,16/06/2023,Agrocampo,Andalucía,Hostelería,Influencers,branding,12744.92,25911.81,210136.0,7658.0,685.0,,Pausada
CMP-0821,13/02/2025,Agrocampo,Galicia,Retail,Prensa,Lead Generation,"16.978,54 €",36052.43,139980.0,1681.0,238.0,Álvaro Gil,Finalizada
CMP-0152,24/03/2023,Bahía Sports,Aragón,Tecnología,Google Ads,Awareness,2442.44,9017.26,159996.0,10716.0,1899.0,Ana Fernández,Activa
CMP-0412,16/07/2024,Distribuciones Marín,Baleares,Hostelería,Prensa,Awareness,16942.66,22874.27,391205.0,25885.0,4505.0,Álvaro Gil,Cancelada
CMP-0735,05/08/2025,Joyería Alba,País Vasco,Alimentación,SEM,Conversión,4911.16,15622.96,374118.0,17100.0,1488.0,Álvaro Gil,Cancelada
CMP-0740,02/03/2025,Constructora Levante,Castilla y León,Alimentación,GAds,Lead Generation,22957.11,"33.833,66 €",2161.0,49.0,4.0,Álvaro Gil,Pausada
CMP-0232,27/04/2025,Urbana Inmobiliaria,MADRID,Finanzas,SEM,branding,19568.16,83024.44,392612.0,19245.0,4652.0,paula serrano,Cancelada
CMP-0479,30/04/2025,Agrocampo,Comunidad de Madrid,,Influencers,Awareness,3252.27,"12.243,77 €",54404.0,2494.0,86.0,Sara Molina,Activa
CMP-1029,17/06/2023,Kapital Seguros,Aragón,Hostelería,Marketing de Contenidos,fidelizacion,€13314.64,"14.481,43 €",319495.0,23338.0,2764.0,Lucía Herrera,Cancelada
CMP-0375,30/11/2024,Urbana Inmobiliaria,País Vasco,Alimentación,SEM,Awareness,24246.99,85609.36,3953.0,92.0,18.0,Cristina Ortega,Cancelada
CMP-0052,20/06/2024,Nutrisana,Islas Baleares,Belleza,Redes Sociales,FIDELIZACION,,7100.67,281818.0,4021.0,395.0,Álvaro Gil,Cancelada
CMP-0432,19/08/2025,Viñedos del Valle,Galicia,Retail,Redes Sociales,Awareness,7224.0,€19223.04,252600.0,2625.0,112.0,Sara Molina,Cancelada
CMP-0928,24/09/2025,,Madrid,Moda,Marketing de Contenidos,Lead Generation,€8643.60,€4252.30,203883.0,2099.0,50.0,ELENA CASTRO,Cancelada
CMP-0972,26/11/2023,Dulcería Real,,Moda,SEM,Conversión,,"3.919,55 €",193441.0,6041.0,294.0,Diego Romero,Pausada
CMP-0686,26-12-2025,AutoMotion S.L,Castilla y León,Alimentación,Email Marketing,Lead Generation,20097.93,19519.35,462167.0,7580.0,831.0,Paula Serrano,Finalizada
CMP-0908,2024-04-05,Restaurante El Fogón,Cantabria,Construcción,Influencers,BRANDING,22920.27,35668.1,45872.0,2668.0,477.0,laura gómez,finalizada
CMP-0147,02/02/2025,Fintech Nova,Cataluña,Tecnología,SEO,Fidelización,"8.180,69",16756.33,378138.0,10964.0,2283.0,Pablo Navarro,Pausada
CMP-0956,2023-12-03,EcoHogar,Región de Murcia,Automoción,Influencers,Conversión,19123.98,48233.81,329515.0,,2418.0,Paula Serrano,Finalizada
CMP-0761,15/07/2025,Joyería Alba,Navarra,Turismo,SEM,Lead Generation,994.44,€3857.49,349156.0,6009.0,741.0,Lucía Herrera,Pausada
CMP-0064,2025-03-24,Agrocampo S.L,Asturias,Educación,tv,Branding,17651.05,€42381.97,437417.0,24103.0,2289.0,Pablo Navarro,Activa
CMP-0557,10/12/2025,AGROCAMPO,Aragón,Salud,Influencers,Conversión,,70943.14,277196.0,17980.0,2799.0,Carlos Ruiz,Cancelada
CMP-1028,01/10/2025,Dulcería Real,Islas Baleares,Tecnología,Prensa,Branding,9393.66,9552.65,478041.0,33827.0,7026.0,Pablo Navarro,Activa
CMP-0570,25/04/2024,RURAL GOURMET,Aragón,,Influencers,Lead Generation,19387.31,45205.44,422405.0,29484.0,4548.0,sara molina,Cancelada
CMP-0102,14/01/2023,Nutrisana,,Belleza,SEM,Awareness,10140.66,7104.72,,,710.0,sin datos,Finalizada
CMP-0642,18/06/2023,Colchones Descanso,Asturias,,Marketing de Contenidos,branding,5067.92,6188.47,68556.0,4484.0,198.0,Javier Torres,Pausada
CMP-1102,01/02/2024,Dulcería Real,Castilla y León,Salud,Email Marketing,Awareness,"12.706,48 €",33397.87,294238.0,7756.0,1535.0,Marta Sánchez,ACTIVA
CMP-0225,07/08/2023,Hotel Costa Azul,Andalucía,Finanzas,Radio,FIDELIZACION,"5.328,11","6.135,96 €",131412.0,8899.0,849.0,Javier Torres,Pausada
CMP-0317,09/04/2024,Viñedos del Valle,sin datos,Hostelería,RRSS,Lead Generation,"7.741,24",6612.63,414345.0,11596.0,,desconocido,Finalizada
CMP-0738,03/05/2023,Innovatech Solutions,Aragón,Inmobiliario,SEM,Awareness,3360.07,2361.26,390058.0,22039.0,1304.0,Diego Romero,Pausada
CMP-0129,24/11/2023,AutoMotion,País Vasco,Finanzas,Televisión,Fidelización,16993.06,16828.01,388729.0,9054.0,469.0,Laura Gómez,Activa
CMP-0410,16/04/2024,Hotel Costa Azul,Cantabria,Construcción,Marketing de Contenidos,Awareness,13853.69,11972.18,44554.0,1208.0,162.0,desconocido,Pausada
CMP-0925,15/06/2024,EcoHogar,Aragón,Retail,Radio,Awareness,21598.03,"90.886,80 €",475770.0,33726.0,8161.0,Carlos Ruiz,Finalizada
CMP-1107,02/08/2025,AutoMotion SA,Comunidad Valenciana,Construcción,Prensa,Conversión,7627.91,23631.26,26383.0,1155.0,133.0,Lucía Herrera,Activa
CMP-0290,25/02/2023,Ferretería Ibérica,,Tecnología,Prensa,Branding,15806.64,43123.56,,2668.0,,Ana Fernández,Activa
CMP-1027,11/08/2024,Clínica Dental Sonrisa,Canarias,Moda,SEM,Fidelización,2560.95,1682.38,312163.0,11150.0,1508.0,Paula Serrano,Cancelada
CMP-0421,28-03-2025,Viñedos del Valle,Cataluña,Retail,SEM,Branding,862.6,2573.34,354720.0,21719.0,2203.0,pablo navarro,Finalizada
CMP-0927,05/08/2024,Rural Gourmet,Región de Murcia,Finanzas,Influencers,Fidelización,23454.65,93556.02,225109.0,,297.0,Javier Torres,Pausada
CMP-0542,03/06/2023,Hotel Costa Azul,Castilla y León,,Prensa,Fidelización,9882.57,17820.27,457911.0,32218.0,7807.0,Miguel Álvarez,Pausada
CMP-0110,10/12/2025,TransLogic,,Moda,Email Marketing,Awareness,13985.1,6949.38,181072.0,13692.0,2343.0,Pablo Navarro,Finalizada
CMP-0221,20/03/2025,Solaris Energía,Galicia,Construcción,Redes Sociales,Branding,24396.02,16217.01,145170.0,9214.0,873.0,Elena Castro,Pausada
CMP-0507,04/10/2024,Sabores del Mediterráneo,Cantabria,Hostelería,Email Marketing,Conversión,2024.68,€8764.26,40509.0,841.0,93.0,Cristina Ortega,activa
CMP-0306,30/03/2023,Bahía Sports,IB,Turismo,Influencers,Fidelización,19956.0,63420.64,478380.0,19413.0,1015.0,MIGUEL ÁLVAREZ,Finalizada
CMP-0099,31/12/2025,Lácteos del Sur,Cataluña,Agricultura,Email Marketing,Lead Generation,"7.278,30 €",3992.02,403533.0,4725.0,698.0,PAULA SERRANO,Cancelada
CMP-0456,13/04/2025,Quimera Cosmética,Andalucía,Automoción,Influencers,Awareness,842.56,2388.78,41145.0,1039.0,142.0,ANA FERNÁNDEZ,Finalizada
CMP-1012,26/03/2023,Solaris Energía,Canarias,Finanzas,Prensa,FIDELIZACION,13995.79,35919.08,291765.0,5615.0,953.0,Álvaro Gil,Pausada
CMP-0208,2023-10-14,Xtreme Bikes,Castilla-La Mancha,Educación,Google Ads,Branding,13881.46,"14.412,21 €",318547.0,3551.0,,Diego Romero,Activa
CMP-0010,21/04/2023,Sabores del Mediterráneo,Region de Murcia,Automoción,google ads,fidelizacion,4922.17,3480.51,226494.0,7150.0,776.0,Álvaro Gil,ACTIVA
CMP-0926,15/05/2023,Óptica Visión Plus,Asturias,Turismo,Marketing de Contenidos,Conversión,"17.765,77",49344.89,192471.0,10257.0,2351.0,Laura Gómez,activa
CMP-0054,12/01/2025,Innovatech Solutions,BALEARES,Retail,TV,Lead Generation,1011.36,1877.31,232960.0,8934.0,595.0,cristina ortega,Pausada
CMP-0733,09/10/2023,Kapital Seguros,Andalucía,Educación,Radio,Awareness,21413.4,48686.15,256241.0,8701.0,1906.0,Carlos Ruiz,Pausada
CMP-0413,2023-11-02,Dulcería Real,Castilla y León,Educación,SEO,Lead Generation,18993.59,6646.64,343432.0,14921.0,2874.0,Elena Castro,Cancelada
CMP-0493,14-01-2025,,Extremadura,Deporte,Marketing de Contenidos,Conversión,16327.24,14529.26,65494.0,5100.0,648.0,Diego Romero,Cancelada
CMP-0658,05/06/2023,Yogures La Pradera,Andalucía,Educación,Marketing de Contenidos,Lead Generation,"17.565,66 €",46619.93,397265.0,18669.0,983.0,Javier Torres,Cancelada
CMP-1022,16/06/2024,Bahía Sports,Galicia,Retail,Influencers,Conversión,9038.9,14111.32,422959.0,33201.0,3993.0,David López,Cancelada
CMP-1058,02/04/2023,Dulcería Real,Aragón,Turismo,Prensa,Branding,"16.896,70 €",72137.05,303103.0,18036.0,3383.0,Pablo Navarro,ACTIVA
CMP-1095,14/06/2023,Urbana Inmobiliaria,Galicia,Belleza,Redes Sociales,Branding,11720.92,47184.3,10632.0,788.0,160.0,Marta Sánchez,Pausada
CMP-1043,2023-12-15,Hotel Costa Azul,Andalucía,Inmobiliario,Redes Sociales,Awareness,19730.6,86292.4,484852.0,11950.0,1998.0,ana fernández,Activa
CMP-0983,26/05/2025,Hotel Costa Azul,Islas Baleares,Retail,Radio,Lead Generation,10325.63,22221.66,385360.0,,3748.0,Diego Romero,Finalizada
CMP-0840,04/12/2024,Constructora Levante,,Moda,Marketing de Contenidos,Conversión,,23069.68,489220.0,20179.0,4628.0,Elena Castro,ACTIVA
CMP-0665,04-03-2025,Bahía Sports,La Rioja,Tecnología,Influencers,Conversión,8428.39,5861.76,212079.0,10190.0,2422.0,Miguel Álvarez,activa
CMP-0898,14/12/2023,EcoHogar,Asturias,Finanzas,Email Marketing,Branding,6223.83,9538.48,336838.0,18825.0,,ELENA CASTRO,Cancelada
CMP-0263,08/03/2023,Panadería Trigo Dorado,Madrid,,SEO,Conversión,4762.62,9179.16,248932.0,3812.0,214.0,Paula Serrano,Cancelada
CMP-0688,10/10/2025,Lácteos del Sur,Extremadura,Tecnología,Influencers,Awareness,7450.27,27042.12,412893.0,4636.0,717.0,elena castro,Pausada
CMP-0187,25/09/2023,Constructora Levante,La Rioja,Alimentación,TV,Awareness,15360.81,54876.34,321027.0,2298.0,400.0,Álvaro Gil,Finalizada
CMP-0563,07/03/2024,Joyería Alba,Castilla-La Mancha,Inmobiliario,Marketing de Contenidos,Awareness,8205.44,13440.75,94041.0,7195.0,144.0,Carlos Ruiz,Finalizada
CMP-0474,25/01/2025,Grupo Peralta,Castilla-La Mancha,Educación,Email Marketing,Lead Generation,"24.740,50 €",29240.4,61414.0,313.0,29.0,laura gómez,Pausada
CMP-0284,15-09-2024,Quimera Cosmética,Islas Baleares,Inmobiliario,Redes Sociales,Fidelización,"15.466,19 €",33686.46,108325.0,6078.0,522.0,paula serrano,Pausada
CMP-0535,15/08/2024,Grupo Peralta,La Rioja,Automoción,SEM,Lead Generation,4435.23,15146.27,287118.0,5749.0,720.0,Pablo Navarro,Activa
CMP-0084,23/12/2023,Óptica Visión Plus,Navarra,Salud,Google Ads,Conversión,17796.6,46448.91,152733.0,10973.0,2351.0,Javier Torres,Finalizada
CMP-0264,18/02/2025,Lácteos del Sur,Asturias,Inmobiliario,Marketing de Contenidos,Fidelización,21696.02,87388.64,224662.0,7945.0,159.0,Laura Gómez,Activa
CMP-0055,29/02/2024,Grupo Peralta,Castilla y León,Automoción,Email Marketing,Fidelización,"24.722,76",89133.16,108086.0,1096.0,212.0,Lucía Herrera,activa
CMP-0644,10/04/2025,Solaris Energía,,Belleza,Marketing de Contenidos,Awareness,14387.75,33554.37,180803.0,3449.0,754.0,Ana Fernández,Pausada
CMP-0271,11/08/2024,AutoMotion,,Construcción,Marketing de Contenidos,Fidelización,14369.9,63418.25,277820.0,21958.0,2768.0,Miguel Álvarez,Finalizada
CMP-1080,31/12/2024,Hotel Costa Azul, Murcia,Agricultura,Influencers,Conversión,10080.59,23014.7,204413.0,13299.0,2310.0,Carlos Ruiz,Finalizada
CMP-0114,18/05/2024,Dulcería Real,,Turismo,Radio,Lead Generation,18056.3,27803.23,103360.0,3073.0,310.0,Javier Torres,Cancelada
CMP-0253,18/03/2025,Urbana Inmobiliaria,Aragón,Alimentación,Radio,Fidelización,18870.44,51253.44,47729.0,1033.0,82.0,Sara Molina,Finalizada
CMP-0896,18/11/2025,Bebidas Norte,Castilla-La Mancha,Educación,SEO,fidelizacion,8888.79,33242.33,89001.0,,213.0,ANA FERNÁNDEZ,Cancelada
CMP-0524,24/07/2023,Joyería Alba,Aragón,Belleza,Radio,Awareness,"20.916,90",52420.48,88215.0,5436.0,1065.0,Pablo Navarro,Pausada
CMP-1006,19/04/2025,Innovatech Solutions,Navarra,Educación,GAds,Fidelización,6334.58,3897.37,67312.0,2694.0,314.0,Ana Fernández,Activa
CMP-1123,22/05/2024,Sabores del Mediterráneo,n/a,Inmobiliario,Prensa,Conversión,18871.89,39617.75,177426.0,12855.0,831.0,Cristina Ortega,Cancelada
CMP-0759,01/01/2025,Solaris Energía,Andalucía,Retail,Email Marketing,Awareness,11885.96,5197.44,153289.0,12075.0,1183.0,diego romero,Activa
CMP-0142,05/05/2024,EcoHogar,Region de Murcia,Inmobiliario,Google Ads,Branding,€13040.18,31817.97,392585.0,13497.0,,Álvaro Gil,Finalizada
CMP-0041,24/06/2025,Agrocampo,La Rioja,Alimentación,Redes Sociales,Fidelización,11657.01,6150.9,,8750.0,1676.0,laura gómez,Activa
CMP-0669,15/05/2023,Viñedos del Valle,IB,,TV,Lead Generation,"23.229,44 €",€60431.80,,13039.0,3084.0,Miguel Álvarez,Activa
CMP-0505,14/06/2025,Hotel Costa Azul,comunidad valenciana,,Google Ads,Branding,20965.98,20295.56,169532.0,3438.0,111.0,Cristina Ortega,finalizada
CMP-0171,13/04/2025,,Navarra,Deporte,Influencers,Branding,6881.62,14110.39,338956.0,3964.0,459.0,Elena Castro,Activa
CMP-1059,2024-05-15,,Murcia,Automoción,Google Ads,Fidelización,12973.24,41177.67,131069.0,4927.0,1102.0,Marta Sánchez,Pausada
CMP-1111,27/01/2023,Urbana Inmobiliaria,País Vasco,Hostelería,Email Marketing,Conversión,€4468.16,,309296.0,19187.0,4247.0,Diego Romero,Activa
CMP-0832,17/12/2023,Solaris Energía,Islas Baleares,Alimentación,TV,Awareness,9254.14,2863.75,283940.0,4478.0,752.0,Pablo Navarro,Cancelada
CMP-0431,14/09/2025,TransLogic,Asturias,Moda,Google Ads,Awareness,,43116.93,399128.0,6661.0,,,Pausada
CMP-0217,30/11/2025,Hotel Costa Azul,Galicia,Educación,Influencers,Lead Generation,4887.72,16024.02,414384.0,2293.0,310.0,Cristina Ortega,Cancelada
CMP-0891,23/09/2024,Xtreme Bikes,Castilla y León,Salud,Prensa,Fidelización,18955.4,32748.3,468407.0,3367.0,397.0,Ana Fernández,Finalizada
CMP-0400,22.04.2024,Bebidas Norte,Comunidad de Madrid,Hostelería,TV,FIDELIZACION,€1494.64,5783.81,211097.0,2572.0,489.0,Pablo Navarro,ACTIVA
CMP-0098,23/12/2025,RURAL GOURMET S.L.U.,CV,Agricultura,Email Marketing,Lead Generation,2908.82,"9.924,14 €",125952.0,2920.0,498.0,Pablo Navarro,Pausada
CMP-0632,15/11/2025,Sabores del Mediterráneo,Extremadura,Retail,Prensa,Awareness,10797.81,39795.03,418932.0,3603.0,492.0,diego romero,Activa
CMP-1004,11/08/2023,Constructora Levante,Andalucía,Salud,Email Marketing,Fidelización,10061.71,7445.37,228069.0,10584.0,2557.0,Diego Romero,finalizada
CMP-0858,24/03/2023,Constructora Levante,Castilla-La Mancha,Turismo,SEO,Lead Generation,6072.54,,485100.0,4640.0,979.0,Álvaro Gil,Cancelada
CMP-0755,08/11/2024,Farmacia Central,Aragón,Construcción,Email Marketing,Fidelización,18252.46,34002.3,246352.0,18889.0,1358.0,Paula Serrano,Cancelada
CMP-0579,25/08/2024,Rural Gourmet,Castilla-La Mancha,Construcción,Influencers,Fidelización,18775.04,48773.0,,1195.0,45.0,Ana Fernández,Pausada
CMP-0549,13/01/2024,Xtreme Bikes,Cataluña,Finanzas,SEM,Branding,,1272.72,233294.0,1943.0,115.0,Diego Romero,Pausada
CMP-0737,29/09/2025,Yogures La Pradera,La Rioja,Moda,TV,Conversión,14272.85,16222.49,27235.0,2141.0,344.0,laura gómez,Activa
CMP-0340,15/05/2025,Bahía Sports,Extremadura,Turismo,Redes Sociales,fidelizacion,8572.34,3281.41,171479.0,1338.0,,DIEGO ROMERO,FINALIZADA
CMP-0702,25/02/2025,Grupo Peralta,Andalucía,Construcción,Radio,Lead Generation,12316.98,"27.996,01 €",10669.0,304.0,67.0,Miguel Álvarez,Finalizada
CMP-0961,09/12/2024,Yogures La Pradera,Comunidad Valenciana,Finanzas,Email Marketing,Conversión,618.81,461.48,318967.0,8581.0,2139.0,Laura Gómez,Pausada
CMP-0173,26/02/2023,Óptica Visión Plus,País Vasco,Deporte,Marketing de Contenidos,Conversión,"4.255,14 €",17262.53,393171.0,26466.0,838.0,Cristina Ortega,Activa
CMP-0701,28/07/2024,Fintech Nova,Aragón,Educación,SEO,Conversión,"22.771,62",93152.48,332831.0,24523.0,5969.0,Diego Romero,Finalizada
CMP-0446,12/03/2023,Joyería Alba,,Construcción,GAds,Conversión,20962.97,50296.4,239462.0,3845.0,299.0,SARA MOLINA,Finalizada
CMP-0873,07/10/2024,Colchones Descanso,Andalucía,Automoción,Email Marketing,BRANDING,18980.72,"74.086,79 €",331364.0,18964.0,2802.0,Ana Fernández,Cancelada
CMP-0373,06.11.2023,Muebles Castillo,Región de Murcia,Agricultura,Radio,Lead Generation,"19.665,17",69445.0,404251.0,28632.0,2124.0,Carlos Ruiz,Activa
CMP-1026,01/03/2023,TransLogic,Región de Murcia,Construcción,Influencers,Lead Generation,6697.43,27495.28,28108.0,1425.0,210.0,Paula Serrano,Pausada
CMP-0281,01/08/2024,Xtreme Bikes,C. Valenciana,Deporte,Google Ads,Awareness,950.55,2182.85,,,1609.0,Sara Molina,Finalizada
CMP-0351,24.09.2023,Kapital Seguros,Extremadura,Hostelería,Influencers,Lead Generation,7980.3,5150.28,83244.0,1974.0,357.0,Ana Fernández,Pausada
CMP-1032,14/10/2024,Yogures La Pradera,Asturias,Retail,google ads,Fidelización,"13.553,83",5242.67,378989.0,15103.0,2865.0,Álvaro Gil,Finalizada
CMP-0997,2024-09-02,Agrocampo,murcia,Construcción,Prensa,branding,4010.61,"8.537,98 €",219210.0,9904.0,2455.0,CRISTINA ORTEGA,Finalizada
CMP-0519,21/05/2023,Quimera Cosmética,País Vasco,Finanzas,SEM,Fidelización,24381.6,"96.185,58 €",269703.0,5455.0,578.0,miguel álvarez,Cancelada
CMP-0378,08/04/2025,Farmacia Central,Canarias,Alimentación,Redes Sociales,Lead Generation,19750.87,60014.12,366175.0,11312.0,2317.0,Marta Sánchez,FINALIZADA
CMP-0206,02/08/2025,Hotel Costa Azul,Andalucía,Turismo,google ads,fidelizacion,5019.29,5329.0,419752.0,19957.0,460.0,David López,Terminada
CMP-0447,02.01.2024,EcoHogar,Asturias,Turismo,Email Marketing,Branding,21232.13,89697.64,118502.0,6817.0,154.0,Javier Torres,Pausada
CMP-0018,21/08/2025,Grupo Peralta,Cantabria,Automoción,SEM,Conversión,6816.78,24587.94,57173.0,1926.0,37.0,Sara Molina,Pausada
CMP-0896,18/11/2025,Bebidas Norte,CV,Educación,SEO,fidelizacion,8888.79,33242.33,89001.0,,213.0,ANA FERNÁNDEZ,Cancelada
CMP-0427,21/04/2024,Modaline,Madrid ,Hostelería,GAds,Conversión,8510.61,24304.94,307227.0,11879.0,,Javier Torres,Cancelada
CMP-0831,06/10/2025,Sabores del Mediterráneo,Extremadura,Moda,Google Ads,Lead Generation,"923,09 €",1164.4,393858.0,15251.0,2856.0,Paula Serrano,Finalizada
CMP-0458,16/09/2023,Wellness Center,Castilla-La Mancha,Retail,Influencers,Conversión,14889.29,20667.17,360506.0,15688.0,,Pablo Navarro,Cancelada
CMP-0116,16/07/2024,Xtreme Bikes,Canarias,Retail,Prensa,Lead Generation,"590,15 €",€1496.20,216159.0,1272.0,174.0,Carlos Ruiz,FINALIZADA
CMP-0390,19/10/2023,Rural Gourmet,Castilla y León,Construcción,TV,Fidelización,"7.754,40 €","15.573,42",44492.0,3046.0,396.0,Diego Romero,activa
CMP-0352,04/04/2024,Joyería Alba,Madrid,Finanzas,Marketing de Contenidos,Conversión,€5126.86,"10.463,33",95862.0,3308.0,332.0,David López,activa
CMP-0141,20-12-2024,EcoHogar,comunidad valenciana,Alimentación,SEO,Fidelización,2349.86,1696.49,394998.0,5623.0,1041.0,MIGUEL ÁLVAREZ,Pausada
CMP-0127,29-03-2025,Óptica Visión Plus,Extremadura,Alimentación,redes sociales,Fidelización,4325.19,12427.34,295789.0,23299.0,4021.0,David López,Finalizada
CMP-0591,19/06/2025,Fintech Nova SA,País Vasco,Retail,Marketing de Contenidos,Lead Generation,20914.83,30237.77,104951.0,1918.0,154.0,,Pausada
CMP-0548,26/04/2024,Bebidas Norte,Cantabria,Alimentación,Redes Sociales,Awareness,5427.09,10116.3,,27466.0,511.0,álvaro gil,Cancelada
CMP-0494,27/04/2023,Yogures La Pradera,Castilla y León,Educación,Prensa,Branding,11362.29,45280.05,358355.0,2938.0,,Sara Molina,Cancelada
CMP-0364,05/09/2025,Zapatería Confort,Comunidad Valenciana,Turismo,SEO,FIDELIZACION,15813.08,39590.37,152912.0,6134.0,177.0,Laura Gómez,Cancelada
CMP-0921,11/04/2024,Kapital Seguros,Canarias,Moda,Email Marketing,fidelizacion,,"56.220,64 €",287370.0,7981.0,418.0,paula serrano,Pausada
CMP-0416,04/11/2024,Quimera Cosmética,Cantabria,Finanzas,SEM,BRANDING,5264.27,10216.22,280726.0,9539.0,1182.0,miguel álvarez,Terminada
CMP-0109,15/10/2024,Ferretería Ibérica,Aragón,Salud,SEM,Conversión,"3.675,36",16438.53,123268.0,8158.0,1513.0,sara molina,Finalizada
CMP-0652,12/01/2025,Fintech Nova,La Rioja,,Televisión,Branding,13166.41,8847.91,384152.0,19303.0,2968.0,Ana Fernández,Pausada
CMP-0566,19/07/2024,Nutrisana,Navarra,Finanzas,Google Ads,Awareness,"18.658,08 €",23028.84,39480.0,1165.0,153.0,Carlos Ruiz,Pausada
CMP-0969,22-09-2025,TecnoWave,Canarias,Inmobiliario,Radio,Awareness,4131.78,11410.29,185035.0,12612.0,2470.0,Laura Gómez,Cancelada
CMP-0100,03/09/2024,Constructora Levante,Región de Murcia,Automoción,SEM,Lead Generation,"23.427,90",101699.38,486011.0,12981.0,246.0,Pablo Navarro,Cancelada
CMP-1113,16/02/2024,Farmacia Central,País Vasco,Tecnología,Email Marketing,Awareness,"2.056,81 €",,44751.0,2153.0,148.0,Diego Romero,Activa
CMP-0667,22/01/2024,,La Rioja,,Prensa,Conversión,"20.040,95",53828.6,197022.0,13683.0,3275.0,Cristina Ortega,Finalizada
CMP-0307,29/10/2024,Xtreme Bikes,Aragón,Salud,Google Ads,Conversión,12969.61,"7.750,77 €",123864.0,7321.0,1114.0,sara molina,Cancelada
CMP-0205,18/03/2025,Solaris Energía,Andalucía,Turismo,SEO,Awareness,13927.4,€36647.07,65110.0,529.0,78.0,Álvaro Gil,Finalizada
CMP-0867,23/09/2024,Xtreme Bikes,BALEARES,Automoción,SEM,Lead Generation,"14.197,82 €",,237202.0,7742.0,1736.0,Ana Fernández,Pausada
CMP-0798,24/06/2023,Bahía Sports,Comunidad Valenciana,Inmobiliario,Prensa,Lead Generation,19908.3,,152471.0,9367.0,679.0,LUCÍA HERRERA,Pausada
CMP-0180,03-02-2025,TransLogic,Navarra,,Redes Sociales,Conversión,10204.16,"44.432,76 €",201468.0,1077.0,148.0,Ana Fernández,Pausada
CMP-0362,02/03/2024,Hotel Costa Azul,Asturias,Turismo,Email Marketing,branding,4614.67,€20088.61,,,236.0,Paula Serrano,Activa
CMP-0770,2023-09-06,Kapital Seguros,Castilla y León,Alimentación,SEM,Conversión,24947.55,79945.46,335531.0,3403.0,836.0,Carlos Ruiz,Cancelada
CMP-0697,05/04/2025,Sabores del Mediterráneo,Cantabria,Belleza,Email Marketing,Conversión,11730.63,26263.58,484651.0,31366.0,7429.0,Laura Gómez,Cancelada
CMP-0636,19/06/2025,,MAD,Deporte,SEO,Lead Generation,23420.3,28394.55,186802.0,1316.0,290.0,David López,Activa
CMP-0337,09/02/2025,TecnoWave,Cataluña,Retail,Email Marketing,Fidelización,24769.65,"98.992,60 €",62960.0,2126.0,181.0,Marta Sánchez,Cancelada
CMP-0499,12/04/2025,Solaris Energía,Madrid,Deporte,Email Marketing,Lead Generation,3932.56,8755.33,77825.0,3304.0,,Laura Gómez,Cancelada
CMP-0636,19/06/2025,,MAD,Deporte,SEO,Lead Generation,23420.3,28394.55,186802.0,1316.0,290.0,David López,Activa
CMP-0024,30/10/2025,Zapatería Confort,,Agricultura,Email Marketing,Lead Generation,24699.73,,498594.0,30735.0,3571.0,Álvaro Gil,Cancelada
CMP-0951,2023-11-19,Ferretería Ibérica,Canarias,Hostelería,Influencers,Awareness,24942.87,"107.388,01 €",341635.0,15658.0,890.0,sin datos,Cancelada
CMP-0843,09/05/2025,Distribuciones Marín,Navarra,,SEO,Lead Generation,2859.11,9610.95,192447.0,9902.0,608.0,Laura Gómez,Finalizada
CMP-0490,2025-10-25,Rural Gourmet S.L.,Comunidad Valenciana,Alimentación,Google Ads,Conversión,"17.625,89 €","12.496,67 €",214035.0,15461.0,,Cristina Ortega,Pausada
CMP-0550,25/05/2025,Dulcería Real,Valencia,Hostelería,Google Ads,Awareness,"5.570,29 €",€2310.83,381021.0,25601.0,2923.0,Pablo Navarro,Pausada
CMP-0604,27/07/2023,TecnoWave,Andalucía,Automoción,SEM,Lead Generation,2098.1,3914.51,77439.0,3926.0,721.0,Miguel Álvarez,Activa
CMP-0660,29/01/2024,GRUPO PERALTA,Extremadura,Finanzas,Marketing de Contenidos,Lead Generation,24121.84,94114.53,253874.0,17224.0,1885.0,Javier Torres,Pausada
CMP-0124,06/10/2023,Muebles Castillo,Galicia,Belleza,Influencers,Conversión,"11.117,53","23.442,29",432269.0,30026.0,,Ana Fernández,FINALIZADA
CMP-0661,03/10/2023,Panadería Trigo Dorado,Castilla y León,Hostelería,Prensa,FIDELIZACION,22521.31,95379.39,168353.0,7664.0,218.0,Carlos Ruiz,Pausada
CMP-0782,08/03/2025,Zapatería Confort,Castilla y León,Belleza,Radio,Awareness,17071.8,36914.86,106169.0,7360.0,331.0,sara molina,Activa
CMP-0485,17/10/2023,,Andalucía,Retail,Marketing de Contenidos,Lead Generation,2029.5,7747.08,456880.0,7704.0,348.0,Miguel Álvarez,Pausada
CMP-0565,16-09-2023,Panadería Trigo Dorado,Región de Murcia,Agricultura,GAds,Lead Generation,5237.9,"22.290,33 €",299955.0,11094.0,1295.0,Ana Fernández,Pausada
CMP-0190,15.09.2024,Verde Natural,Galicia,Finanzas,Radio,Awareness,2745.55,5578.47,292597.0,13512.0,,David López,Cancelada
CMP-0627,16/03/2025,Muebles Castillo,Madrid,Moda,Redes Sociales,Awareness,18222.4,68931.17,165832.0,6422.0,719.0,pablo navarro,FINALIZADA
CMP-0512,16/05/2023,Solaris Energía,Galicia,Construcción,SEO,Branding,,€21533.30,298017.0,19264.0,4347.0,lucía herrera,Cancelada
CMP-0254,09/12/2025,Wellness Center,Andalucía,Turismo,Televisión,branding,14070.55,33051.96,342466.0,16386.0,2370.0,Javier Torres,Pausada
CMP-1061,20/04/2023,Joyería Alba,comunidad valenciana,Educación,Redes Sociales,Fidelización,14633.72,47662.4,453081.0,16008.0,1856.0,Marta Sánchez,Pausada
CMP-1035,15-11-2024,TransLogic,Castilla y León,Inmobiliario,Radio,fidelizacion,2440.62,7219.48,153539.0,5953.0,411.0,Sara Molina,Activa
CMP-0071,22/09/2025,TransLogic,VALENCIA,Deporte,Google Ads,Fidelización,,4824.03,162434.0,3008.0,184.0,Javier Torres,Cancelada
CMP-0725,02/11/2025,AutoMotion,,Turismo,Marketing de Contenidos,Lead Generation,"455,29 €",382.09,,25195.0,422.0,MIGUEL ÁLVAREZ,Cancelada
CMP-1139,30/03/2025,Colchones Descanso,Galicia,Tecnología,SEO,Lead Generation,11403.88,27293.3,271960.0,8895.0,2093.0,,Cancelada
CMP-0172,24.01.2025,Ferretería Ibérica,Asturias,Finanzas,Google Ads,Conversión,6387.36,,,15431.0,891.0,Marta Sánchez,Pausada
CMP-0893,11/06/2023,Kapital Seguros,,Construcción,SEM,Fidelización,10150.66,"35.608,49",322031.0,3236.0,53.0,Laura Gómez,ACTIVA
CMP-0169,21/04/2025,Colchones Descanso,La Rioja,Inmobiliario,Marketing de Contenidos,Lead Generation,19532.71,70320.33,455306.0,20567.0,1903.0,Marta Sánchez,Cancelada
CMP-0433,12/09/2023,Kapital Seguros,País Vasco,Salud,TV,Awareness,16098.01,44605.94,214822.0,15332.0,3805.0,miguel álvarez,Cancelada
CMP-0310,2023-11-02,GRUPO PERALTA,Navarra,Retail,TV,Lead Generation,"6.346,22 €",13478.39,117105.0,8418.0,1279.0,Carlos Ruiz,Activa
CMP-0286,02/02/2023,Byte Studio,La Rioja,Finanzas,TV,Conversión,7354.08,29162.53,66323.0,999.0,27.0,Sara Molina,Cancelada
CMP-0126,31/03/2025,Byte Studio,Extremadura,Construcción,Redes Sociales,Awareness,17937.86,"64.829,62 €",39279.0,1519.0,233.0,diego romero,Finalizada
CMP-0654,21/07/2023,Electro Ríos,Región de Murcia,Salud,Influencers,Fidelización,€13070.38,54712.88,201085.0,1640.0,58.0,sara molina,Cancelada
CMP-0634,04-06-2025,Modaline,Canarias,Retail,Marketing de Contenidos,Lead Generation,4705.51,,238551.0,10634.0,1873.0,,Pausada
CMP-0165,04/03/2025,Bahía Sports,Asturias,Automoción,Email Marketing,Lead Generation,7847.16,15453.91,256927.0,18528.0,1363.0,Ana Fernández,ACTIVA
CMP-0968,24/09/2024,Agrocampo,Asturias,Automoción,SEM,Conversión,10624.84,13773.74,334682.0,25167.0,5933.0,,finalizada
CMP-0511,22/12/2025,Clínica Dental Sonrisa,madrid,Moda,Email Marketing,Awareness,22258.35,96245.31,133178.0,6527.0,524.0,Javier Torres,ACTIVA
CMP-0816,08/08/2024,Ferretería Ibérica,Madrid,Belleza,SEM,Fidelización,12783.51,57160.19,305029.0,17711.0,3591.0,Diego Romero,Cancelada
CMP-0043,03.09.2024,Sabores del Mediterráneo,La Rioja,Deporte,Email Marketing,Lead Generation,8628.91,31136.67,140575.0,9354.0,728.0,Elena Castro,Pausada
CMP-0758,10/04/2025,GRUPO PERALTA,Aragón,Inmobiliario,TV,BRANDING,12265.7,55082.24,486953.0,37432.0,5660.0,Pablo Navarro,Finalizada
CMP-0888,05/01/2024,Lácteos del Sur,La Rioja,Automoción,SEO,Lead Generation,"20.128,77 €",10206.54,65572.0,3345.0,613.0,carlos ruiz,ACTIVA
CMP-0265,11/04/2023,Grupo Peralta,País Vasco,,SEM,Fidelización,13063.83,€25625.58,385940.0,3065.0,315.0,Pablo Navarro,ACTIVA
CMP-0133,11/10/2025,FINTECH NOVA,Baleares,Hostelería,Radio,fidelizacion,7443.83,"10.826,17 €",282361.0,7524.0,1485.0,Lucía Herrera,activa
CMP-0529,24/03/2024,Innovatech Solutions,,Moda,TV,Branding,€3737.58,12628.62,227019.0,11099.0,326.0,Marta Sánchez,Pausada
CMP-0672,15/03/2024,,País Vasco,Agricultura,SEO,Awareness,13194.81,13838.96,194918.0,10931.0,226.0,David López,Activa
CMP-0039,12.02.2023,,Castilla-La Mancha,Inmobiliario,Redes Sociales,Conversión,15172.1,6199.81,120522.0,9297.0,1958.0,Paula Serrano,Cancelada
CMP-0532,26/11/2025,Ferretería Ibérica,Cataluña,Alimentación,Redes Sociales,Awareness,18932.31,"36.902,27 €",211757.0,11700.0,,Diego Romero,ACTIVA
CMP-0774,28/11/2024,Bebidas Norte,Cataluña,Hostelería,Influencers,Conversión,,"53.570,01 €",248713.0,10464.0,2606.0,ANA FERNÁNDEZ,Pausada
CMP-0878,30/12/2024,Restaurante El Fogón,Castilla y León,Inmobiliario,Radio,Fidelización,22375.26,35292.03,72977.0,1244.0,48.0,laura gómez,Cancelada
CMP-0967,17/03/2024,Agrocampo S.A.,País Vasco,Tecnología,Radio,Lead Generation,14249.93,31440.95,19550.0,928.0,125.0,Javier Torres,Cancelada
CMP-0944,05/04/2024,TransLogic,baleares,Moda,Email Marketing,Lead Generation,9909.6,"11.144,91 €",161021.0,8107.0,447.0,Sara Molina,Activa
CMP-0886,06-01-2023,Rural Gourmet,Comunidad Valenciana,Belleza,SEM,Lead Generation,17564.83,"49.130,55",301040.0,18506.0,2985.0,Lucía Herrera,Finalizada
CMP-0326,11/01/2024,Ferretería Ibérica,País Vasco,Construcción,Influencers,Awareness,"7.388,43 €",18651.14,491399.0,5288.0,298.0,Ana Fernández,Pausada
CMP-0014,2024-12-15,Colchones Descanso,IB,Deporte,Prensa,Awareness,24903.19,"15.133,54",112254.0,4820.0,201.0,,Pausada
CMP-0167,08/07/2025,Zapatería Confort,País Vasco,Salud,SEO,Conversión,20051.17,63073.89,325701.0,5230.0,1243.0,Cristina Ortega,Finalizada
CMP-0523,26/05/2025,Clínica Dental Sonrisa,País Vasco,Turismo,Google Ads,fidelizacion,4846.14,19769.59,74861.0,5776.0,981.0,david lópez,Activa
CMP-0229,08/10/2024,Constructora Levante,Canarias,Turismo,Prensa,Fidelización,10653.71,9213.13,468830.0,32210.0,4318.0,Álvaro Gil,activa
CMP-0879,24/06/2023,Lácteos del Sur,Asturias,Alimentación,Google Ads,Fidelización,11937.23,8278.8,442261.0,8176.0,,Lucía Herrera,Terminada
CMP-0695,30/05/2024,EcoHogar,País Vasco,,RRSS,Branding,"10.777,78 €",40554.29,386084.0,,103.0,Lucía Herrera,activa
CMP-0356,11/01/2023,Electro Ríos,Asturias,Turismo,TV,Conversión,"23.495,18",102492.59,314145.0,18288.0,3737.0,Diego Romero,Cancelada
CMP-1018,13/01/2023,Lácteos del Sur,Andalucía,Tecnología,SEM,Awareness,4433.92,17123.95,429252.0,9607.0,615.0,Marta Sánchez,Activa
CMP-0919,19.02.2024,Nutrisana,Andalucía,Salud,GOOGLE ADS,BRANDING,23991.54,87106.86,270335.0,20120.0,4920.0,,Pausada
CMP-0021,23/12/2023,Bebidas Norte,N/A,Moda,Prensa,Branding,3356.74,6934.6,493521.0,16501.0,3127.0,Cristina Ortega,Finalizada
CMP-0386,04/12/2025,Nutrisana,La Rioja,Construcción,REDES SOCIALES,Conversión,"4.972,18",14412.15,302938.0,18727.0,,David López,Cancelada
CMP-0072,15/06/2025,Byte Studio,Islas Baleares,Salud,Radio,FIDELIZACION,4223.73,,404777.0,20989.0,4756.0,David López,Cancelada
CMP-0285,13/10/2024,Bahía Sports,Asturias,Moda,TV,Conversión,21558.95,84852.89,123834.0,4628.0,701.0,Sara Molina,Cancelada
CMP-0368,30-06-2025,Byte Studio,Madrid,Inmobiliario,SEO,Conversión,11954.93,"4.681,92 €",87587.0,6365.0,1192.0,sara molina,Cancelada
CMP-0061,13/01/2023,Innovatech Solutions,Comunidad Valenciana,Moda,Google Ads,Branding,918.04,1329.08,400222.0,11275.0,,,Pausada
CMP-0628,13/02/2024,Joyería Alba,Navarra,Belleza,SEM,Branding,20847.28,8327.48,224632.0,14448.0,1273.0,,Activa
CMP-0111,06/06/2024,Ferretería Ibérica,Andalucía,Agricultura,Radio,Awareness,14147.17,61748.18,292678.0,13097.0,1351.0,DAVID LÓPEZ,Activa
CMP-0005,2023-04-07,Dulcería Real,País Vasco,Hostelería,TV,Lead Generation,,"12.339,85",73025.0,,100.0,,Activa
CMP-0762,30/08/2023,EcoHogar,Comunidad Valenciana,Tecnología,Email Marketing,branding,6168.9,5703.94,81879.0,635.0,15.0,Miguel Álvarez,Pausada
CMP-0825,23/04/2025,Restaurante El Fogón,,Hostelería,Google Ads,Lead Generation,4225.34,"13.944,15 €",235918.0,16846.0,3103.0,paula serrano,Finalizada
CMP-0976,25/04/2025,TecnoWave,La Rioja,Hostelería,Marketing de Contenidos,Conversión,"12.077,47 €",18909.77,446997.0,,1103.0,DAVID LÓPEZ,Cancelada
CMP-0699,24/11/2023,Fintech Nova,Islas Baleares,Alimentación,Influencers,Lead Generation,4910.66,13988.83,262191.0,9822.0,2331.0,Elena Castro,Cancelada
CMP-0741,12/02/2023,EcoHogar,Asturias,Deporte,Radio,Fidelización,22068.8,52179.1,414471.0,29276.0,2697.0,Miguel Álvarez,Cancelada
CMP-0978,2025-05-31,Dulcería Real,Galicia,Alimentación,SEM,Awareness,8567.07,26949.19,247624.0,19138.0,2742.0,Miguel Álvarez,ACTIVA
CMP-0666,12/07/2023,Distribuciones Marín,Madrid,Retail,Prensa,Branding,5820.68,25841.91,332378.0,3695.0,437.0,ELENA CASTRO,Pausada
CMP-0527,06/06/2025,Kapital Seguros,,Belleza,Email Marketing,Lead Generation,,13468.09,368464.0,11328.0,1778.0,Ana Fernández,Pausada
CMP-0844,24/07/2025,AutoMotion,Región de Murcia,Construcción,Radio,FIDELIZACION,"7.230,27 €",25544.47,46184.0,352.0,33.0,Laura Gómez,Pausada
CMP-1070,13/02/2025,Innovatech Solutions,murcia,Hostelería,TV,Fidelización,,32363.76,161581.0,9606.0,2121.0,diego romero,Cancelada
CMP-0558,16/04/2024,Panadería Trigo Dorado,Extremadura,Salud,Marketing de Contenidos,Conversión,€2176.31,5775.75,,2986.0,498.0,Paula Serrano,Finalizada
CMP-0279,02/07/2025,Ferretería Ibérica,Canarias,,SEO,fidelizacion,2826.99,1486.88,224090.0,7707.0,1380.0,Lucía Herrera,Cancelada
CMP-0095,23.08.2025,,Cataluña,Educación,Email Marketing,fidelizacion,"3.955,50",12658.0,215655.0,9194.0,1441.0,Sara Molina,Pausada
CMP-0096,25/06/2024,AGROCAMPO,Canarias,Hostelería,SEM,Conversión,,31832.75,378472.0,21215.0,4304.0,Pablo Navarro,Pausada
CMP-0802,24/05/2024,Hotel Costa Azul,Asturias,Educación,SEO,Fidelización,24061.37,72277.11,287535.0,21891.0,2837.0,CRISTINA ORTEGA,Pausada
CMP-0902,05/05/2023,Dulcería Real,Aragón,Belleza,Marketing de Contenidos,Conversión,"13.286,81 €",47313.36,464389.0,33205.0,5835.0,Álvaro Gil,Cancelada
CMP-1115,28.10.2023,Fintech Nova, Murcia,Inmobiliario,SEM,Awareness,11683.12,"13.313,12",222619.0,2617.0,545.0,Ana Fernández,activa
CMP-1063,13.07.2023,Fintech Nova,Aragón,Alimentación,Prensa,Branding,€8742.13,19308.06,4915.0,133.0,6.0,Lucía Herrera,activa
CMP-0903,19/02/2025,FINTECH NOVA S.A.,Cantabria,Tecnología,Prensa,Conversión,1103.44,746.01,382653.0,30224.0,,Marta Sánchez,Cancelada
CMP-0715,13/07/2024,Wellness Center,La Rioja,Alimentación,Email Marketing,Conversión,4529.62,3500.78,380508.0,8603.0,1881.0,LAURA GÓMEZ,Cancelada
CMP-0229,08/10/2024,Constructora Levante,Canarias,Turismo,Prensa,Fidelización,10653.71,9213.13,468830.0,32210.0,4318.0,Álvaro Gil,activa
CMP-0059,17/07/2023,Byte Studio,Islas Baleares,Construcción,Redes Sociales,Fidelización,17233.16,39497.11,48328.0,3256.0,105.0,Álvaro Gil,Activa
CMP-0319,05/11/2025,Byte Studio,Canarias,Belleza,SEM,Fidelización,23705.17,99486.03,82316.0,438.0,82.0,,Cancelada
CMP-0464,07/06/2025,AutoMotion,Galicia,,SEO,Awareness,24736.36,75603.58,230849.0,3956.0,375.0,miguel álvarez,Finalizada
CMP-0633,17/08/2025,Bebidas Norte,Galicia,Hostelería,Google Ads,Lead Generation,"19.558,59 €",49549.78,419191.0,,3909.0,Paula Serrano,Pausada
CMP-0025,15/06/2023,  Grupo Peralta  ,Extremadura,Automoción,Prensa,Lead Generation,7010.02,4384.28,150303.0,3394.0,307.0,Sara Molina,Activa
CMP-0643,12/03/2023,Rural Gourmet,Cataluña,,SEO,Conversión,8333.01,,76637.0,3713.0,869.0,Álvaro Gil,Pausada
CMP-0245,06/03/2025,Constructora Levante,Navarra,Inmobiliario,Marketing de Contenidos,Awareness,,25114.29,254973.0,4939.0,87.0,MIGUEL ÁLVAREZ,Finalizada
CMP-0026,08/05/2025,Colchones Descanso,Castilla y León,Belleza,SEO,Awareness,9633.45,3128.59,184922.0,5066.0,524.0,Javier Torres,Finalizada
CMP-0223,27/03/2024,Viñedos del Valle,Castilla y León,Hostelería,Influencers,Lead Generation,"22.433,79",87951.62,253191.0,3473.0,91.0,Laura Gómez,Pausada
CMP-0887,24/05/2024,Quimera Cosmética,Asturias,Educación,Marketing de Contenidos,FIDELIZACION,23690.19,61424.95,323706.0,17718.0,,Paula Serrano,Pausada
CMP-1020,17/09/2024,Bebidas Norte,BALEARES,Alimentación,Televisión,Awareness,8160.43,25586.61,291030.0,8542.0,456.0,PABLO NAVARRO,Activa
CMP-1076,02/04/2024,Panadería Trigo Dorado,País Vasco,Educación,google ads,Fidelización,"23.047,36 €",67770.36,40891.0,836.0,96.0,MIGUEL ÁLVAREZ,Cancelada
CMP-0131,10/01/2024,Farmacia Central,C. Valenciana,Inmobiliario,Email Marketing,Fidelización,14836.18,46331.35,164699.0,2279.0,189.0,Paula Serrano,finalizada
CMP-0154,08-07-2023,Modaline,MURCIA,Retail,Email Marketing,FIDELIZACION,740.64,422.74,,25317.0,5170.0,Cristina Ortega,Terminada
CMP-0838,13/09/2023,Quimera Cosmética,País Vasco,Hostelería,Influencers,Awareness,9647.29,27997.06,359958.0,14127.0,271.0,Elena Castro,FINALIZADA
CMP-0942,2023-06-16,Agrocampo,Extremadura,Belleza,Redes Sociales,Awareness,20565.21,"11.946,32 €",203451.0,6996.0,323.0,Álvaro Gil,Cancelada
CMP-0327,02/02/2025,AutoMotion SL,Castilla y León,Deporte,SEO,Fidelización,"13.453,62 €",23904.98,75849.0,452.0,60.0,Elena Castro,Activa
CMP-1021,23/08/2025,Ferretería Ibérica,Islas Baleares,,Email Marketing,Awareness,,25942.26,135937.0,5249.0,439.0,Miguel Álvarez,Cancelada
CMP-0076,09/05/2023,Grupo Peralta,Madrid,Inmobiliario,SEO,Conversión,7668.55,3838.47,220609.0,11674.0,1861.0,Javier Torres,Activa
CMP-1085,04/04/2023,Yogures La Pradera,Cantabria,Tecnología,SEO,Lead Generation,2641.87,4812.37,81641.0,2712.0,638.0,Ana Fernández,Pausada
CMP-1081,06/12/2025,Wellness Center,País Vasco,Turismo,SEO,Branding,"23.208,04 €",28171.3,191329.0,1622.0,382.0,Ana Fernández,Activa
CMP-0489,02/04/2023,,La Rioja,Retail,RRSS,Branding,,"5.571,10",487669.0,3622.0,270.0,Elena Castro,Pausada
CMP-0820,06-08-2024,Zapatería Confort,Extremadura,Agricultura,Google Ads,Fidelización,3635.37,14787.51,397392.0,2508.0,517.0,Álvaro Gil,Pausada
CMP-0954,04/02/2024,Viñedos del Valle,Murcia,Finanzas,Redes Sociales,Awareness,"11.433,57 €","31.152,82 €",210375.0,11812.0,,paula serrano,Pausada
CMP-0691,2023-09-21,Nutrisana,Aragón,Alimentación,Email Marketing,Awareness,20175.78,83447.73,452163.0,19515.0,726.0,David López,Activa
CMP-0200,19/01/2023,Muebles Castillo,baleares,Agricultura,Marketing de Contenidos,Conversión,"8.410,45",12893.32,498735.0,30646.0,4208.0,Javier Torres,ACTIVA
CMP-0901,01/02/2023,Modaline,Aragón,Salud,Marketing de Contenidos,branding,"11.982,76",34774.84,236605.0,13686.0,1951.0,Ana Fernández,Cancelada
CMP-0135,19.11.2025,Electro Ríos, Murcia,,TV,Awareness,,22503.14,369626.0,9960.0,1468.0,Álvaro Gil,Pausada
CMP-0514,22/03/2023,Joyería Alba,Madrid,Deporte,TV,Awareness,3450.24,,19902.0,1436.0,330.0,Carlos Ruiz,ACTIVA
CMP-0260,11/10/2023,TransLogic,Galicia,Deporte,Email Marketing,Awareness,24269.32,"100.011,17 €",173140.0,6698.0,,Paula Serrano,Finalizada
CMP-0587,01/08/2023,Wellness Center,Madrid,Educación,Email Marketing,Conversión,"24.931,34 €",73682.29,257558.0,4644.0,882.0,Sara Molina,Cancelada
CMP-0004,06/10/2024,Ferretería Ibérica,La Rioja,Moda,Radio,Conversión,5880.39,2556.92,165888.0,,150.0,,Cancelada
CMP-0700,28/05/2025,Xtreme Bikes,VALENCIA,Educación,Influencers,Conversión,521.6,,83653.0,2542.0,214.0,CARLOS RUIZ,FINALIZADA
CMP-0509,25/08/2024,Rural Gourmet,Extremadura,Construcción,TV,Awareness,6836.25,15877.97,48718.0,1517.0,215.0,Paula Serrano,Activa
CMP-0197,20/02/2025,Grupo Peralta,Aragón,,RRSS,Conversión,12870.87,46936.22,365471.0,9711.0,1645.0,Álvaro Gil,Pausada
CMP-1003,28/02/2025,Constructora Levante,Galicia,Salud,Radio,Lead Generation,€21127.14,94445.97,108927.0,7750.0,1010.0,Javier Torres,Cancelada
CMP-0573,20/09/2025,TecnoWave,Canarias,Turismo,redes sociales,Branding,"21.167,95 €",73484.78,276566.0,3509.0,370.0,Sara Molina,Pausada
CMP-0027,25/02/2023,Rural Gourmet S.L,Galicia,Belleza,Influencers,Awareness,24521.91,62367.05,475991.0,16446.0,2392.0,Lucía Herrera,ACTIVA
CMP-0674,01-05-2025,EcoHogar,Castilla-La Mancha,Deporte,SEO,Lead Generation,23518.77,71591.43,479560.0,12202.0,2143.0,Miguel Álvarez,Cancelada
CMP-0460,2025-11-07,Bebidas Norte,La Rioja,Belleza,Prensa,Fidelización,23253.81,85924.15,6107.0,471.0,52.0,paula serrano,Cancelada
CMP-1120,13/04/2023,TecnoWave,Extremadura,Educación,GAds,Fidelización,14622.47,17920.9,280276.0,3033.0,519.0,,Activa
CMP-0309,15/12/2023,,Castilla y León,Alimentación,TV,Lead Generation,"10.571,95 €",36932.33,115766.0,8275.0,1281.0,Pablo Navarro,Cancelada
CMP-0062,17/06/2023,Colchones Descanso,Extremadura,Belleza,Marketing de Contenidos,Lead Generation,14986.35,60095.82,82068.0,1379.0,218.0,Elena Castro,Pausada
CMP-0335,25/07/2024,Restaurante El Fogón,Cantabria,Alimentación,GAds,Conversión,9031.21,,498646.0,17618.0,2224.0,Carlos Ruiz,Cancelada
CMP-1134,19/08/2023,Innovatech Solutions,Asturias,Deporte,GAds,Lead Generation,2402.67,4948.5,1644.0,60.0,9.0,Laura Gómez,Finalizada
CMP-1042,21/04/2024,EcoHogar,Madrid,Alimentación,Influencers,Conversión,10236.63,35788.49,236171.0,1427.0,100.0,Sara Molina,FINALIZADA
CMP-0973,07/11/2024,Farmacia Central,Canarias,Educación,SEO,Awareness,9958.08,41574.32,217527.0,11813.0,821.0,Lucía Herrera,Cancelada
CMP-0619,2025-09-18,Quimera Cosmética,Andalucía,Automoción,SEO,Awareness,21662.14,50646.78,89168.0,6269.0,787.0,Diego Romero,Terminada
CMP-0751,08/09/2025,Óptica Visión Plus,Aragón,Salud,SEM,Fidelización,20563.14,53808.56,21746.0,1632.0,356.0,ANA FERNÁNDEZ,Pausada
CMP-1130,17.05.2024,Innovatech Solutions,Comunidad Valenciana,Educación,Google Ads,Lead Generation,5953.61,"24.602,36 €",389783.0,,4139.0,,Pausada
CMP-0689,22/11/2024,Clínica Dental Sonrisa,Cantabria,Finanzas,Google Ads,Conversión,"1.489,87 €",€1941.27,,3988.0,993.0,laura gómez,Cancelada
CMP-0526,14.07.2024,Panadería Trigo Dorado,Cantabria,Agricultura,Prensa,Conversión,5316.43,3588.33,483184.0,,6044.0,,Pausada
CMP-0801,12/12/2025,Farmacia Central,Andalucía,Retail,SEM,Branding,"9.005,91 €",40478.97,405442.0,21014.0,3418.0,Elena Castro,ACTIVA
CMP-0857,11/08/2025,Constructora Levante,Navarra,Deporte,Marketing de Contenidos,Lead Generation,,551.93,399481.0,18602.0,2894.0,Miguel Álvarez,Pausada
CMP-0009,07/11/2024,Solaris Energía,Castilla y León,Turismo,Radio,Conversión,1960.63,5785.1,120531.0,1211.0,21.0,Paula Serrano,Cancelada
CMP-0408,16/06/2023,Innovatech Solutions,Andalucía,Tecnología,Prensa,Lead Generation,21846.72,84684.68,306727.0,21911.0,1319.0,Elena Castro,FINALIZADA
CMP-0620,09.12.2025,,Galicia,Automoción,Redes Sociales,Awareness,22835.02,93771.29,440889.0,26880.0,5551.0,Elena Castro,Activa
CMP-1051,16/02/2023,Kapital Seguros,País Vasco,Moda,Influencers,Awareness,18599.31,€40426.08,442249.0,17948.0,956.0,Pablo Navarro,Pausada
CMP-0484,12/05/2025,,Castilla y León,Retail,Email Marketing,Branding,21249.04,83730.66,429897.0,6642.0,800.0,Laura Gómez,Activa
CMP-1024,03/10/2024,Distribuciones Marín,Cantabria,Educación,SEM,Lead Generation,439.14,1657.44,228457.0,4294.0,748.0,Paula Serrano,ACTIVA
CMP-0796,14/06/2023,Nutrisana,Aragón,Belleza,Email Marketing,Awareness,"13.045,29",38148.71,37952.0,1391.0,225.0,Laura Gómez,Activa
CMP-0455,05.07.2024,Hotel Costa Azul,Galicia,Educación,Influencers,Fidelización,"16.977,84 €",72136.08,75601.0,3416.0,92.0,Sara Molina,Cancelada
CMP-0075,18/08/2025,Byte Studio,Madrid,Retail,SEM,Conversión,"3.612,47 €",5436.38,435534.0,17610.0,3688.0,Miguel Álvarez,Pausada
CMP-0069,16/11/2024,Quimera Cosmética,Comunidad Valenciana,Moda,SEM,Awareness,,17792.27,313964.0,2802.0,452.0,Paula Serrano,Activa
CMP-0058,30/05/2025,Bahía Sports,Castilla y León,,Influencers,Lead Generation,21349.26,64770.45,403657.0,18709.0,4073.0,Javier Torres,Pausada
CMP-1118,07/03/2025,Clínica Dental Sonrisa,Cantabria,Inmobiliario,RRSS,Fidelización,5631.8,9858.31,409919.0,12356.0,705.0,sara molina,Cancelada
CMP-0714,15/02/2023,Distribuciones Marín,Cataluña,Agricultura,GOOGLE ADS,Lead Generation,€24279.32,"82.932,21 €",195965.0,2098.0,231.0,Lucía Herrera,Activa
CMP-0298,2025-04-07,Restaurante El Fogón,Castilla y León,Retail,TV,Lead Generation,,35616.26,493284.0,30990.0,3866.0,Javier Torres,Activa
CMP-0453,16.05.2025,TecnoWave,Madrid,Construcción,SEM,FIDELIZACION,2298.34,1893.4,157040.0,5067.0,712.0,Paula Serrano,Finalizada
CMP-0218,15/09/2025,Colchones Descanso,La Rioja,Turismo,SEM,FIDELIZACION,9267.97,13506.72,357333.0,12438.0,732.0,Álvaro Gil,Cancelada
CMP-0692,01/08/2025,Muebles Castillo,Aragón,Hostelería,Google Ads,Branding,21779.96,63016.72,82416.0,4014.0,970.0,Carlos Ruiz,ACTIVA
CMP-0649,22/10/2023,EcoHogar,País Vasco,Hostelería,SEO,Lead Generation,23091.69,66390.75,35530.0,335.0,36.0,Sara Molina,Pausada
CMP-0958,26/12/2024,Panadería Trigo Dorado,Castilla y León,Moda,tv,Branding,€21351.03,,434770.0,31338.0,6567.0,PABLO NAVARRO,Cancelada
CMP-0596,13/06/2025,Distribuciones Marín,Castilla y León,,Prensa,Awareness,22097.28,34590.77,42639.0,803.0,173.0,Carlos Ruiz,Finalizada
CMP-0664,19/04/2023,Byte Studio,Islas Baleares,Hostelería,Google Ads,Fidelización,19204.25,84820.37,308190.0,8809.0,102.0,Diego Romero,Terminada
CMP-0611,06-05-2025,Muebles Castillo,Galicia,Finanzas,Redes Sociales,Conversión,19120.79,,358773.0,26206.0,2673.0,Carlos Ruiz,Activa
CMP-0789,01/09/2023,Dulcería Real,,Hostelería,Marketing de Contenidos,Fidelización,€22267.08,90204.64,49511.0,1513.0,101.0,Pablo Navarro,Activa
CMP-0682,06/08/2025,Colchones Descanso,Extremadura,Automoción,SEM,Conversión,,19949.44,346176.0,22089.0,2147.0,Elena Castro,Cancelada
CMP-1138,22/01/2025,TransLogic,Castilla-La Mancha,Finanzas,Redes Sociales,Lead Generation,"6.544,89 €",22687.05,367455.0,16520.0,1908.0,Paula Serrano,ACTIVA
CMP-0501,14/06/2025,Constructora Levante,Región de Murcia,Hostelería,Google Ads,Fidelización,13908.29,13674.07,229024.0,7699.0,1638.0,diego romero,Cancelada
CMP-0267,2023-11-29,TecnoWave,Cataluña,Moda,SEM,Awareness,19252.86,"79.542,45",296980.0,20891.0,4534.0,Ana Fernández,Finalizada
CMP-0007,09/02/2023,Agrocampo,Castilla y León,Agricultura,Marketing de Contenidos,branding,"23.846,79 €","99.541,82",482055.0,2430.0,213.0,Elena Castro,Cancelada
CMP-0559,09/10/2025,Joyería Alba,Galicia,Agricultura,Email Marketing,Lead Generation,8670.98,6897.32,214673.0,7852.0,1931.0,,Cancelada
CMP-1134,19/08/2023,Innovatech Solutions,Asturias,Deporte,GAds,Lead Generation,2402.67,4948.5,1644.0,60.0,9.0,Laura Gómez,Finalizada
CMP-0621,16/05/2024,Ferretería Ibérica,Cantabria,Tecnología,Redes Sociales,Awareness,11276.49,28150.46,128789.0,3117.0,,David López,Finalizada
CMP-0139,29/09/2023,Fintech Nova,Cantabria,Retail,Redes Sociales,Branding,10844.93,7407.48,50403.0,256.0,31.0,carlos ruiz,activa
CMP-0164,11/11/2023,Joyería Alba,madrid,Deporte,Marketing de Contenidos,Lead Generation,7575.54,5324.44,206493.0,9887.0,2091.0,Marta Sánchez,Cancelada
CMP-0713,23/05/2024,Electro Ríos,Región de Murcia,Deporte,Redes Sociales,Branding,€18895.69,78746.65,252250.0,11871.0,931.0,Sara Molina,Activa
CMP-0531,24-02-2023,Viñedos del Valle,Andalucía,Hostelería,Email Marketing,Fidelización,8984.01,20299.56,215593.0,8536.0,1954.0,Javier Torres,Pausada
CMP-1062,24/05/2023,Solaris Energía,Aragón,Agricultura,Email Marketing,Lead Generation,3902.44,€15769.25,74287.0,559.0,52.0,Cristina Ortega,Finalizada
CMP-0044,31/03/2023,Distribuciones Marín,La Rioja,Educación,Televisión,Conversión,24523.21,31953.33,201287.0,4532.0,888.0,Elena Castro,Activa
CMP-0745,27/12/2023,Zapatería Confort,La Rioja,Moda,Email Marketing,Conversión,1856.12,"7.353,21",326053.0,2905.0,485.0,diego romero,Activa
CMP-0732,05/03/2023,Clínica Dental Sonrisa,,Educación,Email Marketing,branding,6185.25,15396.85,261141.0,16447.0,1872.0,Paula Serrano,Pausada
CMP-0320,27/03/2024,TecnoWave,Andalucía,Automoción,Redes Sociales,Conversión,3657.7,9561.34,162023.0,1111.0,175.0,Paula Serrano,Activa
CMP-0894,12/06/2023,Zapatería Confort,Baleares,Agricultura,SEM,Lead Generation,24553.07,56988.69,259778.0,20619.0,838.0,Lucía Herrera,Cancelada
CMP-0772,20/12/2024,Clínica Dental Sonrisa,Asturias,Hostelería,Televisión,Lead Generation,3816.16,3714.75,427908.0,24268.0,1373.0,Cristina Ortega,Activa
CMP-0545,17/04/2023,AGROCAMPO,Región de Murcia,Agricultura,Influencers,Awareness,15281.84,28935.11,,21657.0,3088.0,laura gómez,ACTIVA
CMP-0295,14.01.2024,Bahía Sports,País Vasco,Turismo,SEM,Lead Generation,17760.26,14277.54,449521.0,22634.0,2268.0,Pablo Navarro,Cancelada
CMP-0398,05/11/2024,Fintech Nova,MURCIA,Hostelería,Redes Sociales,Awareness,"24.456,77 €",50871.18,39528.0,2916.0,166.0,Pablo Navarro,Activa
CMP-0541,10-10-2023,Distribuciones Marín,Extremadura,Finanzas,TV,FIDELIZACION,20843.59,56185.03,248872.0,10592.0,1012.0,DAVID LÓPEZ,activa
CMP-0588,04/02/2023,Ferretería Ibérica,Aragón,Agricultura,Email Marketing,Fidelización,7993.07,31198.07,145978.0,11496.0,650.0,Cristina Ortega,ACTIVA
CMP-0663,02/10/2025,Modaline,Comunidad Valenciana,Salud,Radio,Awareness,23877.41,34850.98,132626.0,10086.0,1862.0,Javier Torres,Cancelada
CMP-0020,08/02/2024,Colchones Descanso,Andalucía,Finanzas,Influencers,Fidelización,4913.95,2390.26,229119.0,1174.0,272.0,Ana Fernández,Pausada
CMP-1126,11/09/2024,Verde Natural,Comunidad Valenciana,Educación,Radio,BRANDING,18598.9,30179.19,334828.0,9776.0,149.0,Carlos Ruiz,Cancelada
CMP-0618,15/01/2025,Fintech Nova,Navarra,Moda,Radio,Fidelización,"894,52",1063.57,159336.0,2569.0,33.0,Diego Romero,Pausada
CMP-0659,18/06/2023,AutoMotion SL,Castilla-La Mancha,Retail,Radio,Conversión,"21.156,24 €","71.770,13",460019.0,32918.0,2651.0,David López,FINALIZADA
CMP-0680,10/11/2023,,BALEARES,,Email Marketing,Lead Generation,"6.401,05","28.270,56 €",334312.0,13079.0,3016.0,Javier Torres,Pausada
CMP-1045,09.03.2025,AGROCAMPO S.L.U.,Comunidad Valenciana,Turismo,SEO,Conversión,23812.53,9960.24,383329.0,23058.0,2857.0,álvaro gil,Pausada
CMP-0380,2025-12-28,Solaris Energía,baleares,Finanzas,Email Marketing,Lead Generation,11438.05,50652.17,422755.0,25759.0,3853.0,Javier Torres,Pausada
CMP-1128,07/08/2025,Sabores del Mediterráneo,madrid,Inmobiliario,SEM,Conversión,17620.21,76758.17,403920.0,8201.0,1665.0,Laura Gómez,Finalizada
CMP-0138,26/05/2025,Viñedos del Valle,Comunidad Valenciana,n/a,Email Marketing,Awareness,603.78,2538.06,83328.0,3174.0,32.0,Carlos Ruiz,FINALIZADA
CMP-0504,2025-03-10,Restaurante El Fogón,Asturias,Agricultura,Influencers,Fidelización,20748.04,"76.053,87 €",303461.0,11283.0,2656.0,Elena Castro,Cancelada
CMP-0186,06/09/2025,Muebles Castillo,País Vasco,Alimentación,Email Marketing,Branding,"4.735,16 €",9391.08,239857.0,6089.0,624.0,Paula Serrano,Cancelada
CMP-0940,28/04/2023,Muebles Castillo,Castilla y León,Agricultura,Radio,Lead Generation,22181.13,44585.48,208051.0,4114.0,714.0,DIEGO ROMERO,Finalizada
CMP-0419,23/07/2025,Colchones Descanso,Canarias,Moda,Marketing de Contenidos,Conversión,22005.14,49134.38,302559.0,2399.0,76.0,Diego Romero,Finalizada
CMP-0134,19.12.2024,Nutrisana,Extremadura,,Marketing de Contenidos,Conversión,11088.93,"49.618,77 €",407154.0,26828.0,1619.0,LUCÍA HERRERA,Pausada
CMP-1095,14/06/2023,Urbana Inmobiliaria,Galicia,Belleza,Redes Sociales,Branding,11720.92,47184.3,10632.0,788.0,160.0,Marta Sánchez,Pausada
CMP-0438,25/04/2024,Clínica Dental Sonrisa,CV,,Redes Sociales,BRANDING,,1438.26,65869.0,1696.0,156.0,Elena Castro,Cancelada
CMP-1091,20/10/2024,Electro Ríos,Cataluña,,Radio,Fidelización,21373.11,,135437.0,8564.0,731.0,Javier Torres,Activa
CMP-0328,12.10.2023,Bahía Sports,Navarra,Hostelería,Influencers,Conversión,20507.35,85686.29,251905.0,7838.0,1378.0,Álvaro Gil,Finalizada
CMP-0318,27/01/2025,Byte Studio,Cataluña,Finanzas,Influencers,Awareness,4199.12,3321.73,166503.0,8007.0,927.0,Marta Sánchez,activa
CMP-0813,25/02/2023,EcoHogar,Cantabria,Alimentación,Influencers,Conversión,9160.79,18054.88,318966.0,3709.0,812.0,David López,Activa
CMP-0409,16/03/2023,Zapatería Confort,Galicia,Belleza,SEO,Lead Generation,17423.84,57598.5,259913.0,10534.0,1574.0,Sara Molina,Pausada
CMP-0518,03/08/2023,Ferretería Ibérica,Navarra,Construcción,Influencers,Awareness,5469.39,17043.14,245945.0,16327.0,899.0,Álvaro Gil,Finalizada
CMP-1125,04/03/2025,Muebles Castillo,Galicia,Inmobiliario,Televisión,Conversión,5607.14,19578.43,355051.0,17693.0,3686.0,Álvaro Gil,Cancelada
CMP-0778,21/08/2025,,La Rioja,Construcción,SEO,Lead Generation,16282.45,43797.58,454896.0,5818.0,1192.0,Ana Fernández,finalizada
CMP-1105,20-09-2023,Urbana Inmobiliaria,La Rioja,Automoción,Email Marketing,Fidelización,2085.14,2631.73,253006.0,8331.0,1527.0,,Cancelada
CMP-0448,24/10/2024,Joyería Alba,Cataluña,Deporte,SEM,Lead Generation,17470.13,19555.84,449422.0,20718.0,691.0,Pablo Navarro,finalizada
CMP-0762,30/08/2023,EcoHogar,Cantabria,Tecnología,Email Marketing,branding,6168.9,5703.94,81879.0,635.0,15.0,Miguel Álvarez,Pausada
CMP-0149,17/11/2024,Verde Natural,Asturias,Deporte,SEM,Branding,5978.34,"10.491,86",440678.0,25122.0,309.0,marta sánchez,Finalizada
CMP-0452,12/09/2023,Restaurante El Fogón,Galicia,Finanzas,google ads,Branding,"13.990,29 €",35716.52,426324.0,19080.0,483.0,Marta Sánchez,Activa
CMP-0935,28/09/2025,Modaline,Islas Baleares,Moda,Google Ads,FIDELIZACION,8943.78,36880.75,412420.0,5912.0,871.0,Carlos Ruiz,Cancelada
CMP-0743,14/06/2025,Panadería Trigo Dorado,Castilla y León,Turismo,Influencers,Awareness,9648.08,22788.97,380178.0,14598.0,1631.0,Álvaro Gil,Finalizada
CMP-0958,26/12/2024,Panadería Trigo Dorado,Castilla y León,Moda,tv,Branding,€21351.03,,434770.0,31338.0,6567.0,PABLO NAVARRO,Cancelada
CMP-0366,2024-06-15,,Extremadura,Construcción,Redes Sociales,branding,24174.65,95723.11,98642.0,2054.0,59.0,Cristina Ortega,Cancelada
CMP-1083,06/11/2024,Joyería Alba,Andalucía,Alimentación,Redes Sociales,Awareness,€10226.14,37178.04,121656.0,6700.0,1571.0,Lucía Herrera,Cancelada
CMP-0508,2024-06-05,Óptica Visión Plus,Madrid ,Construcción,Email Marketing,Conversión,"12.200,99 €",35124.47,287014.0,1543.0,208.0,DAVID LÓPEZ,Activa
CMP-0797,19/06/2023,Verde Natural,La Rioja,Hostelería,GOOGLE ADS,Branding,2274.12,2257.47,389625.0,25558.0,3849.0,Miguel Álvarez,Cancelada
CMP-0792,17/12/2023,TransLogic,País Vasco,Finanzas,TV,Conversión,4017.45,2272.77,472965.0,,806.0,Sara Molina,Pausada
CMP-0922,10/01/2024,Urbana Inmobiliaria,Madrid,Construcción,Influencers,Awareness,15572.89,27723.56,191457.0,14755.0,712.0,miguel álvarez,Activa
CMP-0475,06/08/2023,Fintech Nova,Castilla-La Mancha,Deporte,Marketing de Contenidos,fidelizacion,18315.82,27010.29,134711.0,10489.0,1457.0,Diego Romero,Cancelada
CMP-0233,09/03/2025,,Castilla y León,Educación,SEM,Lead Generation,19171.91,12455.13,138100.0,7092.0,214.0,álvaro gil,Pausada
CMP-0794,2023-09-17,Quimera Cosmética,Región de Murcia,Moda,Marketing de Contenidos,Conversión,19359.44,43606.12,48223.0,3404.0,128.0,Paula Serrano,Activa
CMP-0586,03/06/2024,Zapatería Confort,Madrid,Retail,SEM,Lead Generation,5033.24,"13.901,77",172703.0,2082.0,205.0,Miguel Álvarez,Activa
CMP-0952,07/09/2023,Fintech Nova,Islas Baleares,Tecnología,GAds,Branding,2785.4,,474281.0,3014.0,416.0,David López,Pausada
CMP-0159,2025-12-13,Lácteos del Sur,,Finanzas,TV,Awareness,1676.99,1543.49,369963.0,27300.0,5346.0,Marta Sánchez,Cancelada
CMP-0316,20.04.2024,Urbana Inmobiliaria,Aragón,Moda,Marketing de Contenidos,Awareness,18495.19,7217.3,99622.0,968.0,212.0,,Cancelada
CMP-0257,09/07/2024,Dulcería Real,MAD,Turismo,Influencers,BRANDING,22669.8,"56.959,15",134432.0,2389.0,186.0,elena castro,Pausada
CMP-0205,18/03/2025,Solaris Energía,Andalucía,Turismo,SEO,Awareness,13927.4,€36647.07,65110.0,529.0,78.0,Álvaro Gil,Finalizada
CMP-0097,2024-12-07,,,,SEM,branding,3222.48,10124.43,199569.0,14405.0,1508.0,David López,Pausada
CMP-0048,04/09/2024,Viñedos del Valle,Extremadura,Educación,SEM,Lead Generation,"22.549,99 €",70941.5,83324.0,878.0,207.0,Sara Molina,Cancelada
CMP-0852,08/05/2024,Yogures La Pradera,,Retail,Prensa,Conversión,20453.37,"79.573,68",389469.0,15196.0,3433.0,cristina ortega,finalizada
CMP-0385,25/11/2024,Nutrisana,Cantabria,Educación,SEM,Branding,20035.33,61927.4,215263.0,7328.0,1656.0,Lucía Herrera,Activa
CMP-0726,23/05/2025,Constructora Levante,Comunidad Valenciana,Alimentación,SEO,Lead Generation,22576.09,34591.89,85825.0,685.0,105.0,Lucía Herrera,Finalizada
CMP-0178,30/08/2023,Sabores del Mediterráneo,Andalucía,Belleza,SEO,FIDELIZACION,19744.64,33398.69,137108.0,6707.0,813.0,,Terminada
CMP-0329,17/08/2023,Kapital Seguros,La Rioja,Hostelería,TV,Branding,3308.54,2802.06,41711.0,1537.0,296.0,carlos ruiz,Pausada
CMP-0315,12/08/2023,Viñedos del Valle,Región de Murcia,Belleza,Email Marketing,Conversión,,4590.65,94248.0,2509.0,601.0,Ana Fernández,Terminada
CMP-0358,06/11/2023,Zapatería Confort,Cantabria,Retail,SEO,Conversión,7962.66,32242.57,165935.0,10000.0,1279.0,Pablo Navarro,Cancelada
CMP-0348,13.03.2023,Byte Studio,Cataluña,Educación,SEO,Awareness,9202.35,30421.3,431132.0,12120.0,1998.0,Miguel Álvarez,Activa
CMP-0468,06/05/2023,Sabores del Mediterráneo,Cataluña,Turismo,GOOGLE ADS,Awareness,13219.29,42839.32,121834.0,2635.0,295.0,paula serrano,Activa
CMP-0299,16/08/2024,Nutrisana,,Construcción,Redes Sociales,Conversión,,35969.33,178790.0,1972.0,237.0,Carlos Ruiz,Activa
CMP-0681,03/04/2025,Byte Studio,IB,Moda,tv,Lead Generation,"1.255,36",2540.3,461771.0,21062.0,1358.0,Javier Torres,finalizada
CMP-0992,03/10/2024,Farmacia Central,Cantabria,Belleza,SEM,Fidelización,,60286.12,359298.0,,1758.0,Cristina Ortega,Pausada
CMP-0281,01/08/2024,Xtreme Bikes,C. Valenciana,Deporte,Google Ads,Awareness,950.55,2182.85,,,1609.0,Sara Molina,Finalizada
CMP-0752,06/08/2024,Verde Natural,Navarra,,Google Ads,Lead Generation,11319.29,19276.43,321849.0,12720.0,2025.0,Cristina Ortega,Activa
CMP-0791,04/03/2024,Distribuciones Marín,Canarias,Belleza,Redes Sociales,Conversión,4467.29,4285.06,387149.0,3248.0,172.0,Miguel Álvarez,Pausada
CMP-1039,08/01/2023,Colchones Descanso,,Construcción,Prensa,Awareness,€19972.74,41088.6,211332.0,5179.0,991.0,Lucía Herrera,Pausada
CMP-0250,29/12/2024,,Castilla-La Mancha,Automoción,Marketing de Contenidos,Conversión,12879.53,,300189.0,4984.0,94.0,Carlos Ruiz,Finalizada
CMP-0779,06/12/2024,Ferretería Ibérica,Extremadura,Agricultura,Marketing de Contenidos,Awareness,10857.13,31221.67,204155.0,3967.0,542.0,Paula Serrano,Cancelada
CMP-0016,04.06.2023,Hotel Costa Azul,VALENCIA,Inmobiliario,Prensa,Conversión,4207.23,9069.56,370472.0,13735.0,169.0,Javier Torres,Activa
CMP-0160,31/12/2024,Lácteos del Sur,País Vasco,Moda,SEM,Awareness,4520.23,19747.62,,26115.0,4107.0,Miguel Álvarez,activa
CMP-0854,21/02/2024,Lácteos del Sur,Canarias,Turismo,Televisión,Lead Generation,16402.33,"53.313,72 €",128699.0,8262.0,1779.0,David López,Finalizada
CMP-0592,05/07/2023,EcoHogar,Galicia,Turismo,SEO,Lead Generation,8686.09,€37937.89,289703.0,19479.0,3908.0,Elena Castro,FINALIZADA
CMP-0361,16/07/2025,Viñedos del Valle,Comunidad Valenciana,Hostelería,SEM,Awareness,15783.25,22588.0,345484.0,1877.0,,Elena Castro,Cancelada
CMP-0049,21/03/2025,Colchones Descanso,Cataluña,Agricultura,Marketing de Contenidos,Lead Generation,"9.102,19 €",€14041.62,367123.0,9964.0,2438.0,Lucía Herrera,Pausada
CMP-0953,17/10/2025,,La Rioja,,Email Marketing,Branding,10937.05,,418625.0,16556.0,1226.0,Miguel Álvarez,Cancelada
CMP-0331,2023-01-09,Solaris Energía,Galicia,Agricultura,Prensa,Lead Generation,13315.2,44025.5,148274.0,2651.0,506.0,,Pausada
CMP-0589,01/11/2025,Byte Studio,Madrid ,Automoción,Google Ads,Fidelización,18278.14,€11929.57,232968.0,1942.0,303.0,Marta Sánchez,Activa
CMP-0472,03/06/2023,Distribuciones Marín,Navarra,Moda,Prensa,Lead Generation,18569.74,36572.62,359476.0,16153.0,2152.0,MARTA SÁNCHEZ,Activa
CMP-0113,15/10/2025,Joyería Alba,La Rioja,Hostelería,Influencers,Conversión,9640.41,24499.47,188855.0,5312.0,511.0,Diego Romero,ACTIVA
CMP-0339,19/07/2023,Óptica Visión Plus,Baleares,Finanzas,SEO,Conversión,20276.93,55815.52,401682.0,28861.0,2652.0,carlos ruiz,Pausada
CMP-0308,03/02/2025,Ferretería Ibérica,Galicia,Finanzas,Influencers,Awareness,22284.12,20250.77,486980.0,24693.0,1302.0,Miguel Álvarez,Activa
CMP-0227,10/01/2025,Lácteos del Sur,MAD,Tecnología,Prensa,Awareness,17292.42,6046.19,110994.0,3713.0,126.0,Diego Romero,Cancelada
CMP-0423,28/06/2025,Zapatería Confort,Comunidad de Madrid,Hostelería,SEO,Conversión,16097.1,53264.08,470791.0,5983.0,1051.0,carlos ruiz,Activa
CMP-1013,2025-01-28,Sabores del Mediterráneo,MAD,Automoción,TV,Lead Generation,24609.35,"31.833,72 €",78816.0,5864.0,687.0,Lucía Herrera,Activa
CMP-1041,20/02/2024,Quimera Cosmética,,Inmobiliario,Prensa,Fidelización,21010.76,78731.43,,24048.0,5025.0,Pablo Navarro,Finalizada
CMP-0572,11.02.2024,Óptica Visión Plus,Asturias,Deporte,SEO,Awareness,"19.217,68 €",€50391.75,343872.0,2988.0,180.0,Javier Torres,Finalizada
CMP-0768,03/05/2025,Solaris Energía,Canarias,Hostelería,Marketing de Contenidos,BRANDING,10864.27,47001.84,421184.0,27480.0,3804.0,Ana Fernández,Cancelada
CMP-0829,17/11/2025,Wellness Center,País Vasco,Alimentación,Redes Sociales,Branding,"13.447,71 €",56430.26,475003.0,18876.0,3771.0,Álvaro Gil,Pausada
CMP-0907,25.07.2024,Verde Natural,Asturias,Belleza,Google Ads,Lead Generation,11534.69,"39.872,04 €",480747.0,8979.0,887.0,sara molina,Activa
CMP-0396,15/07/2024,Modaline,Madrid,Educación,Prensa,FIDELIZACION,"3.360,29 €",14183.67,449017.0,9922.0,1344.0,Sara Molina,Activa
CMP-0598,26.03.2025,Constructora Levante,Castilla y León,Tecnología,Radio,Conversión,19242.53,35605.55,178679.0,7613.0,79.0,Carlos Ruiz,Cancelada
CMP-1087,24/06/2025,EcoHogar,Andalucía,Deporte,SEM,Fidelización,2623.03,4290.78,120179.0,,1055.0,SARA MOLINA,Pausada
CMP-0128,18/10/2023,Wellness Center,Aragón,Belleza,SEO,fidelizacion,2792.82,5717.17,45512.0,623.0,146.0,Pablo Navarro,activa
CMP-0622,15/04/2023,Ferretería Ibérica,Andalucía,Salud,Radio,branding,5351.75,7088.66,399839.0,19430.0,2359.0,David López,Activa
CMP-0914,16-09-2023,TecnoWave,La Rioja,Deporte,Redes Sociales,Branding,8110.22,28985.19,66779.0,348.0,51.0,David López,Cancelada
CMP-1047,05/03/2023,Sabores del Mediterráneo,Cantabria,,Marketing de Contenidos,Awareness,18091.75,10752.46,189448.0,3740.0,897.0,David López,activa
CMP-0595,13/10/2023,Electro Ríos,Aragón,Hostelería,Redes Sociales,Awareness,,102826.1,104551.0,7983.0,1168.0,Javier Torres,Activa
CMP-0450,20/12/2023,Restaurante El Fogón,Asturias,Hostelería,Google Ads,Lead Generation,6276.02,5014.36,208456.0,8681.0,1520.0,JAVIER TORRES,ACTIVA
CMP-0238,31/01/2023,Joyería Alba,Aragón,Moda,SEM,Lead Generation,"6.876,04",22717.22,381713.0,2143.0,67.0,lucía herrera,Terminada
CMP-0168,24/03/2025,Hotel Costa Azul,Castilla-La Mancha,Construcción,Radio,Branding,8129.79,27265.96,,4248.0,438.0,Sara Molina,Activa
CMP-0612,08/03/2025,,Galicia,Deporte,Email Marketing,Lead Generation,14318.79,"32.676,01 €",48192.0,3681.0,56.0,Marta Sánchez,FINALIZADA
CMP-0747,18/05/2024,Rural Gourmet,Castilla y León,Tecnología,Marketing de Contenidos,branding,6199.75,17716.84,193013.0,9272.0,714.0,Elena Castro,Cancelada
CMP-0081,23/12/2024,Electro Ríos,Extremadura,Turismo,Social Media,Awareness,17998.04,17996.38,,7315.0,147.0,Marta Sánchez,Cancelada
CMP-0415,05/09/2024,Muebles Castillo,Madrid,Retail,Email Marketing,Conversión,"5.792,17",,395092.0,13928.0,2742.0,Diego Romero,Cancelada
CMP-0650,07/11/2023,Modaline,Comunidad Valenciana,,Influencers,Branding,5812.37,24911.88,74131.0,5333.0,211.0,Lucía Herrera,Cancelada
CMP-0301,02/11/2023,TecnoWave,Castilla y León,Agricultura,google ads,Lead Generation,,12195.58,343305.0,18898.0,2267.0,Paula Serrano,Finalizada
CMP-0624,20/06/2025,Hotel Costa Azul,País Vasco,,REDES SOCIALES,Lead Generation,21708.07,29216.73,144830.0,8087.0,1057.0,,Cancelada
CMP-0325,02/09/2023,Panadería Trigo Dorado,Madrid,Tecnología,Marketing de Contenidos,branding,"14.610,43 €",39088.94,455763.0,11094.0,1937.0,MARTA SÁNCHEZ,Pausada
CMP-1079,04/10/2023,Yogures La Pradera,Asturias,Tecnología,Email Marketing,Branding,980.65,993.21,135186.0,7460.0,599.0,Cristina Ortega,Cancelada
CMP-0216,02/06/2025,RURAL GOURMET,La Rioja,Hostelería,Televisión,Fidelización,22569.22,57890.08,1129.0,81.0,15.0,Paula Serrano,Cancelada
CMP-0603,13/07/2023,Óptica Visión Plus,Comunidad Valenciana,,SEM,Awareness,"18.351,23",46452.98,208230.0,4924.0,148.0,David López,Cancelada
CMP-0031,03/07/2024,Farmacia Central,Castilla y León,Deporte,GAds,Conversión,,51829.55,253991.0,10125.0,2107.0,cristina ortega,Pausada
CMP-0243,25/11/2023,Distribuciones Marín,n/a,Construcción,Influencers,Lead Generation,14254.2,36821.54,170201.0,10200.0,775.0,Sara Molina,Pausada
CMP-0709,20/05/2023,Verde Natural,Cataluña,Salud,SEO,fidelizacion,12854.12,,12827.0,708.0,125.0,Javier Torres,Cancelada
CMP-0876,15/04/2023,Clínica Dental Sonrisa,País Vasco,Alimentación,google ads,Branding,22108.94,85387.17,346699.0,5362.0,329.0,Álvaro Gil,ACTIVA
CMP-1133,14/12/2025,Sabores del Mediterráneo,Madrid,Retail,Radio,Conversión,13846.64,42029.87,404408.0,10999.0,899.0,Javier Torres,Cancelada
CMP-0210,27/10/2023,rural gourmet S.L.U.,Castilla-La Mancha,Automoción,SEO,Branding,11266.27,11856.73,497898.0,23618.0,5180.0,Sara Molina,ACTIVA
CMP-0552,13/08/2025,,baleares,Salud,TV,Awareness,"20.932,79 €",80798.25,233183.0,9258.0,1070.0,Carlos Ruiz,Pausada
CMP-1046,02/11/2023,Quimera Cosmética,Cantabria,Educación,Email Marketing,Branding,13240.84,,200506.0,4237.0,525.0,Diego Romero,Cancelada
CMP-0931,03/11/2023,Constructora Levante,Castilla y León,Turismo,Influencers,BRANDING,14636.4,42979.68,347312.0,26405.0,4715.0,Cristina Ortega,Activa
CMP-0436,22/09/2024,Óptica Visión Plus,País Vasco,Deporte,Radio,BRANDING,20392.85,29159.52,110351.0,8248.0,870.0,Ana Fernández,Pausada
CMP-0028,24/03/2023,Agrocampo,Galicia,Deporte,Redes Sociales,Conversión,1491.72,6411.51,118056.0,6346.0,1253.0,,Pausada
CMP-1073,2024-05-21,Panadería Trigo Dorado,Asturias,Retail,SEM,Fidelización,,24192.34,146758.0,1639.0,302.0,David López,Cancelada
CMP-0670,16/02/2024,Lácteos del Sur,Valencia,Turismo,tv,branding,22814.3,60790.67,368658.0,16550.0,1731.0,Diego Romero,Pausada
CMP-0123,18/09/2025,Kapital Seguros,Islas Baleares,Educación,Radio,Fidelización,,6259.47,88164.0,3315.0,368.0,Laura Gómez,Cancelada
CMP-1099,06/01/2023,Verde Natural,La Rioja,Automoción,TV,BRANDING,11425.56,3455.05,450948.0,20725.0,1706.0,Carlos Ruiz,Finalizada
CMP-0463,19-11-2025,Constructora Levante,Región de Murcia,Retail,Email Marketing,Awareness,10171.29,3430.04,226365.0,9485.0,287.0,Ana Fernández,Pausada
CMP-1040,18/07/2025,,La Rioja,,Radio,Awareness,"21.420,83 €",27760.19,436410.0,27283.0,3793.0,Sara Molina,Activa
CMP-1131,17/04/2023,Fintech Nova,Castilla-La Mancha,Agricultura,Marketing de Contenidos,Conversión,€17009.46,29659.52,,15101.0,3281.0,,Cancelada
CMP-1050,24/03/2025,Joyería Alba,Aragón,Tecnología,SEO,Fidelización,21449.35,90276.65,69572.0,1306.0,58.0,paula serrano,Pausada
CMP-0949,27/01/2025,Modaline,Madrid,Agricultura,Marketing de Contenidos,Awareness,10886.52,"44.688,82 €",66808.0,730.0,67.0,Marta Sánchez,Pausada
CMP-0744,13/04/2023,Quimera Cosmética,Navarra,Agricultura,SEM,Lead Generation,9241.38,32298.47,47671.0,,133.0,Sara Molina,finalizada
CMP-0734,27/01/2024,Joyería Alba,Canarias,Salud,Influencers,Fidelización,14941.96,18781.11,486420.0,35477.0,8079.0,Cristina Ortega,Finalizada
CMP-0510,17/05/2025,Dulcería Real,Castilla-La Mancha,Deporte,Influencers,fidelizacion,7927.31,28817.5,379067.0,15764.0,3497.0,Javier Torres,Cancelada
CMP-0203,08/04/2025,Bebidas Norte,Madrid,Construcción,Redes Sociales,FIDELIZACION,1946.96,7302.66,478119.0,11665.0,1202.0,Carlos Ruiz,Pausada
CMP-0404,25.03.2024,Sabores del Mediterráneo,Castilla y León,,SEO,Lead Generation,8349.75,6181.83,459831.0,29516.0,594.0,Miguel Álvarez,Cancelada
CMP-0569,01/01/2025,FINTECH NOVA,Canarias,Moda,Radio,Awareness,21900.97,68013.43,257517.0,16675.0,1736.0,Marta Sánchez,activa
CMP-0600,02/04/2025,Colchones Descanso,Comunidad Valenciana,,Televisión,Branding,"12.772,87 €",40649.08,6575.0,272.0,65.0,Javier Torres,Pausada
CMP-0363,16/05/2025,Yogures La Pradera,Extremadura,Hostelería,Influencers,FIDELIZACION,5156.81,,203970.0,8308.0,1205.0,Javier Torres,Finalizada
CMP-0272,30/08/2023,Fintech Nova S.L.,Galicia,Retail,SEO,Awareness,17772.96,78429.98,1328.0,18.0,2.0,Ana Fernández,activa
CMP-0467,14/04/2024,Yogures La Pradera,Asturias,Retail,SEM,Conversión,€15355.29,16774.27,448699.0,22138.0,3592.0,Diego Romero,Cancelada
CMP-0651,2024-11-30,Kapital Seguros,Asturias,Deporte,SEM,Branding,20591.56,52988.05,320334.0,12517.0,336.0,Miguel Álvarez,Pausada
CMP-1074,03/07/2025,Ferretería Ibérica,Cataluña,Alimentación,Google Ads,Branding,24688.87,€28418.62,,2659.0,155.0,Pablo Navarro,Cancelada
CMP-0756,08/04/2025,Wellness Center,Canarias,Hostelería,SEM,Branding,6950.28,"29.523,04 €",158084.0,6705.0,1232.0,David López,Finalizada
CMP-0273,23-11-2024,Muebles Castillo,La Rioja,Hostelería,Redes Sociales,Lead Generation,10022.02,26953.93,15765.0,1062.0,60.0,Álvaro Gil,Cancelada
CMP-0278,18/11/2025,Urbana Inmobiliaria,BALEARES,Tecnología,SEM,Fidelización,16843.88,"24.341,89 €",83073.0,2120.0,28.0,Elena Castro,Cancelada
CMP-1072,21/07/2024,Yogures La Pradera,Extremadura,Construcción,Redes Sociales,Lead Generation,21885.9,52773.45,94227.0,5587.0,764.0,Javier Torres,Activa
CMP-0013,2024-10-09,Dulcería Real,Aragón,Salud,SEM,Lead Generation,14944.08,43358.79,220294.0,11962.0,1742.0,Pablo Navarro,ACTIVA
CMP-0906,08/04/2023,Joyería Alba,Castilla-La Mancha,Moda,Prensa,Conversión,23228.19,70369.28,336648.0,25502.0,3863.0,Álvaro Gil,Activa
CMP-1101,09/11/2024,Grupo Peralta,Región de Murcia,Educación,SEO,Awareness,9066.52,4271.2,424957.0,14052.0,2339.0,Cristina Ortega,Cancelada
CMP-0678,26/11/2023,Verde Natural,Aragón,Retail,Google Ads,Lead Generation,21809.17,12898.12,129357.0,6483.0,512.0,Miguel Álvarez,Pausada
CMP-0211,23/06/2024,Lácteos del Sur,País Vasco,Moda,Televisión,Branding,2759.98,€12054.09,332671.0,22363.0,4704.0,Elena Castro,Pausada
CMP-0305,10/01/2023,Xtreme Bikes,Galicia,Alimentación,Prensa,Branding,"15.378,84 €","10.299,04",433815.0,27631.0,2583.0,Elena Castro,finalizada
CMP-0975,23.03.2024,Dulcería Real,Navarra,Inmobiliario,SEM,Branding,"8.339,06","17.216,31",317924.0,18827.0,3457.0,Lucía Herrera,Terminada
CMP-0148,14/09/2024,Lácteos del Sur,Castilla y León,Belleza,Influencers,Fidelización,"2.342,36",5196.14,,3888.0,564.0,Miguel Álvarez,Terminada
CMP-0443,10/09/2023,Quimera Cosmética,La Rioja,Alimentación,Influencers,Conversión,€19204.46,23536.59,135571.0,7448.0,1775.0,DIEGO ROMERO,Cancelada
CMP-0300,03/05/2024,Urbana Inmobiliaria,Andalucía,Hostelería,Prensa,Awareness,,"16.366,79",101736.0,702.0,174.0,Lucía Herrera,activa
CMP-0376,23/11/2025,FINTECH NOVA S.L.,Navarra,Alimentación,GAds,Conversión,3622.26,7610.57,481806.0,17199.0,2065.0,Laura Gómez,Activa
CMP-0645,23/07/2025,Muebles Castillo,Aragón,Hostelería,Prensa,Awareness,24917.81,26974.56,179273.0,11746.0,1491.0,CRISTINA ORTEGA,activa
CMP-0780,13.01.2024,Solaris Energía,Región de Murcia,Salud,Email Marketing,Branding,24449.83,48980.07,100725.0,6145.0,1080.0,,Pausada
CMP-0819,24/06/2025,Byte Studio,Galicia,Turismo,Prensa,Conversión,10070.25,7999.91,400946.0,14565.0,3262.0,desconocido,Finalizada
CMP-0473,29/08/2024,Yogures La Pradera,Murcia,Construcción,SEO,Awareness,11494.94,37617.96,275789.0,6732.0,1444.0,,Activa
CMP-0564,24/07/2024,Joyería Alba,Galicia,Construcción,Prensa,Conversión,23492.28,€32644.92,318307.0,19579.0,4540.0,Paula Serrano,Activa
CMP-1092,06.03.2024,Verde Natural,Valencia,Tecnología,Redes Sociales,Conversión,€6182.75,22142.14,136642.0,2191.0,117.0,carlos ruiz,Cancelada
CMP-0389,05/05/2023,Dulcería Real,Extremadura,Alimentación,Radio,Branding,,14775.56,264962.0,,337.0,N/A,Finalizada
CMP-0023,14/05/2024,Sabores del Mediterráneo,Madrid,Deporte,Google Ads,Conversión,22176.2,"60.270,87",377120.0,21581.0,2776.0,Elena Castro,activa
CMP-0698,06/11/2023,Byte Studio,País Vasco,Salud,GAds,Conversión,10105.57,3623.76,415408.0,27543.0,6260.0,Pablo Navarro,Pausada
CMP-0881,26/03/2025,Muebles Castillo,Cataluña,Agricultura,Marketing de Contenidos,Lead Generation,18127.06,32392.67,408936.0,30598.0,4572.0,Diego Romero,Pausada
CMP-0424,09/12/2023,Modaline,Navarra,Alimentación,Influencers,Awareness,5670.08,22712.08,418317.0,28300.0,4793.0,David López,Cancelada
CMP-0960,29-12-2025,Xtreme Bikes,La Rioja,Salud,Influencers,Lead Generation,16722.27,64140.29,228429.0,16955.0,3270.0,David López,finalizada
CMP-0722,15-07-2025,Joyería Alba,Islas Baleares,Retail,Marketing de Contenidos,Awareness,3202.67,3458.88,407383.0,22828.0,595.0,Ana Fernández,Cancelada
CMP-0653,21/09/2025,Sabores del Mediterráneo,La Rioja,Salud,Marketing de Contenidos,Lead Generation,16741.07,22688.27,187493.0,2105.0,72.0,Lucía Herrera,Cancelada
CMP-0497,02-09-2024,Innovatech Solutions,Islas Baleares,Construcción,SEO,Awareness,6451.37,6707.13,74811.0,762.0,81.0,Paula Serrano,Pausada
CMP-0143,26/03/2025,Modaline,Navarra,Hostelería,tv,Branding,613.9,358.29,137960.0,2922.0,676.0,Carlos Ruiz,Finalizada
CMP-0051,13-09-2025,Zapatería Confort,Aragón,Hostelería,Google Ads,Conversión,12644.51,18266.45,,2106.0,437.0,Cristina Ortega,Pausada
CMP-0719,23.11.2023,Muebles Castillo,Comunidad Valenciana,Hostelería,SEO,Lead Generation,12757.55,49892.08,328212.0,5211.0,479.0,Carlos Ruiz,Activa
CMP-0739,23/02/2025,Grupo Peralta,País Vasco,Alimentación,Marketing de Contenidos,Fidelización,,10403.16,,,530.0,Carlos Ruiz,finalizada
CMP-0082,08/03/2023,TecnoWave,Cantabria,Automoción,Influencers,Lead Generation,3330.5,4300.28,338751.0,11000.0,1120.0,Elena Castro,Pausada
CMP-0483,13/05/2025,Agrocampo,Castilla y León,,Google Ads,Conversión,"13.437,51",34082.8,431152.0,9596.0,288.0,Elena Castro,activa
CMP-0322,28/04/2025,Sabores del Mediterráneo,,,SEO,Awareness,20131.4,"30.443,97 €",422904.0,25205.0,5682.0,,Cancelada
CMP-0971,11/07/2024,Lácteos del Sur,País Vasco,Belleza,Radio,BRANDING,17535.98,39895.95,20231.0,994.0,102.0,Diego Romero,FINALIZADA
CMP-0698,06/11/2023,Byte Studio,País Vasco,Salud,GAds,Conversión,10105.57,3623.76,415408.0,27543.0,6260.0,Pablo Navarro,Pausada
CMP-0676,07/09/2025,Nutrisana,Castilla y León,Retail,Televisión,BRANDING,13957.8,33379.55,,2945.0,,,Finalizada
CMP-0067,2025-01-25,Dulcería Real,Andalucía,,Marketing de Contenidos,FIDELIZACION,1593.07,3872.46,,6469.0,123.0,PAULA SERRANO,Terminada
CMP-0929,30/06/2024,Wellness Center,Comunidad Valenciana,Salud,SEO,Fidelización,6716.64,23970.58,469967.0,10866.0,1357.0,javier torres,Cancelada
CMP-0800,11/04/2023,Grupo Peralta,Asturias,Educación,Redes Sociales,Branding,10441.72,38115.83,268769.0,5936.0,517.0,Sara Molina,Cancelada
CMP-0856,31/10/2024,Electro Ríos,Navarra,Salud,Email Marketing,Conversión,11819.07,29706.05,261438.0,15400.0,945.0,Carlos Ruiz,Activa
CMP-0418,27/09/2024,Kapital Seguros,Navarra,Educación,Radio,Awareness,10918.58,"35.819,72",,4217.0,624.0,PABLO NAVARRO,Finalizada
CMP-0721,30/10/2025,Viñedos del Valle,La Rioja,Tecnología,Google Ads,Awareness,,13055.58,395456.0,7563.0,76.0,Álvaro Gil,Finalizada
CMP-0065,26/11/2024,Grupo Peralta,Andalucía,Construcción,Google Ads,Conversión,€11004.78,21810.25,41733.0,1447.0,122.0,Miguel Álvarez,finalizada
CMP-0913,09/07/2025,Constructora Levante,Castilla-La Mancha,Educación,Influencers,Awareness,€4235.43,12000.1,250862.0,7543.0,1139.0,Elena Castro,Cancelada
CMP-1016,05/02/2025,Innovatech Solutions,Cataluña,Moda,Email Marketing,Conversión,16698.58,€71965.99,293380.0,21322.0,2264.0,Diego Romero,Terminada
CMP-0707,26/04/2024,rural gourmet S.L,La Rioja,Moda,Prensa,Branding,12517.58,52488.52,73853.0,1208.0,,marta sánchez,Finalizada
CMP-0492,04/10/2024,Bebidas Norte,Canarias,Tecnología,GOOGLE ADS,Awareness,21714.84,79237.64,469808.0,5420.0,176.0,Lucía Herrera,Pausada
CMP-0907,25.07.2024,Verde Natural,Asturias,Belleza,Google Ads,Lead Generation,11534.69,"39.872,04 €",480747.0,8979.0,887.0,sara molina,Activa
CMP-0817,23/07/2025,Joyería Alba,desconocido,Turismo,Email Marketing,Fidelización,20791.0,62276.26,398693.0,19943.0,3692.0,Diego Romero,ACTIVA
CMP-0066,08/10/2025,Hotel Costa Azul,Cantabria,Finanzas,Marketing de Contenidos,FIDELIZACION,5092.34,14411.71,399071.0,24717.0,694.0,Pablo Navarro,Pausada
CMP-0991,07/02/2023,Distribuciones Marín,Navarra,,Prensa,Fidelización,5218.45,7919.34,158856.0,6070.0,1378.0,laura gómez,Pausada
CMP-1055,07/07/2024,Distribuciones Marín,Cataluña,Construcción,Email Marketing,BRANDING,,86871.07,146567.0,6672.0,883.0,Marta Sánchez,finalizada
CMP-0981,10/09/2024,Xtreme Bikes,Aragón,Retail,Email Marketing,Conversión,11066.22,16614.76,244721.0,6059.0,1505.0,Javier Torres,Pausada
CMP-0297,30/05/2023,EcoHogar,Castilla-La Mancha,Hostelería,Radio,Branding,15426.36,11511.9,232015.0,13608.0,473.0,PAULA SERRANO,Finalizada
CMP-0420,20/08/2024,AutoMotion,Extremadura,Hostelería,Prensa,Branding,9960.07,42548.29,126169.0,9010.0,431.0,Lucía Herrera,Finalizada
CMP-0439,07-10-2024,Wellness Center,Asturias,Moda,Marketing de Contenidos,Branding,"18.971,41 €","53.847,70 €",176949.0,5805.0,1298.0,Laura Gómez,Finalizada
CMP-0262,30/06/2024,Byte Studio,Castilla y León,Inmobiliario,SEO,Conversión,19521.88,14610.96,97360.0,678.0,167.0,Miguel Álvarez,Cancelada
CMP-0705,09-08-2023,Byte Studio,Castilla-La Mancha,Salud,Marketing de Contenidos,Lead Generation,11277.79,21478.34,82801.0,4101.0,787.0,Javier Torres,Pausada
CMP-0282,10/06/2025,Quimera Cosmética,Aragón,Construcción,SEO,Conversión,,2159.26,364387.0,17972.0,3562.0,Paula Serrano,Activa
CMP-0641,20/06/2025,Nutrisana,Comunidad de Madrid,Agricultura,SEM,Conversión,10613.1,6140.4,249898.0,9954.0,1091.0,diego romero,Cancelada
CMP-0884,01/01/2023,EcoHogar,Castilla y León,Retail,SEM,Awareness,17925.42,13505.62,112353.0,4565.0,492.0,Javier Torres,FINALIZADA
CMP-0189,14/02/2025,Lácteos del Sur,Castilla y León,Alimentación,Radio,Lead Generation,"6.174,12 €",27009.36,26898.0,1157.0,164.0,Álvaro Gil,Cancelada
CMP-0899,15/04/2024,Grupo Peralta,Valencia,Automoción,SEO,Awareness,20702.2,"28.376,62 €",375239.0,19756.0,354.0,Álvaro Gil,Activa
CMP-0252,24/01/2023,Sabores del Mediterráneo,Asturias,Retail,SEM,FIDELIZACION,23270.1,18761.99,404406.0,,1483.0,miguel álvarez,Cancelada
CMP-0706,08/06/2025,Bebidas Norte,Asturias,,Influencers,Fidelización,12032.12,10773.1,436605.0,25776.0,3660.0,,Activa
CMP-0515,30/07/2023,Viñedos del Valle,Cataluña,Deporte,RRSS,Lead Generation,12434.75,37212.33,477849.0,6740.0,,Miguel Álvarez,Activa
CMP-1098,14.09.2023,fintech nova SL,País Vasco,Construcción,SEM,Awareness,"8.831,93",4421.12,405462.0,19154.0,2164.0,Ana Fernández,Pausada
CMP-0488,30/01/2025,,Galicia,,GOOGLE ADS,Fidelización,7967.1,23868.97,434219.0,14561.0,336.0,marta sánchez,Activa
CMP-0274,08/02/2023,Ferretería Ibérica,Aragón,Hostelería,Influencers,Branding,,32562.93,380590.0,21261.0,3045.0,Sara Molina,Cancelada
CMP-0965,09/03/2024,Verde Natural,Cantabria,Construcción,Radio,Awareness,"14.325,47 €",44641.12,302611.0,17874.0,2720.0,LUCÍA HERRERA,Pausada
CMP-1086,28/07/2023,Innovatech Solutions,Galicia,Retail,Prensa,Lead Generation,10686.72,23968.38,74606.0,578.0,14.0,Ana Fernández,Finalizada
CMP-0449,30/10/2023,Solaris Energía,Extremadura,Finanzas,Email Marketing,branding,9183.2,,53950.0,3014.0,745.0,Elena Castro,Finalizada
CMP-0412,16/07/2024,Distribuciones Marín,Comunidad Valenciana,Hostelería,Prensa,Awareness,16942.66,22874.27,391205.0,25885.0,4505.0,Álvaro Gil,Cancelada
CMP-0859,11/07/2023,Modaline,Comunidad Valenciana,Tecnología,Marketing de Contenidos,Awareness,8802.81,34873.79,110627.0,7788.0,1144.0,David López,finalizada
CMP-0619,2025-09-18,Quimera Cosmética,Aragón,Automoción,SEO,Awareness,21662.14,50646.78,89168.0,6269.0,787.0,Diego Romero,Terminada
CMP-1023,09/01/2024,Nutrisana,Cataluña,Construcción,Radio,Fidelización,21871.4,€12867.39,105902.0,2432.0,400.0,Carlos Ruiz,Cancelada
CMP-0955,2025-09-17,Lácteos del Sur,Valencia,Automoción,Radio,Conversión,16297.11,49947.35,24423.0,188.0,43.0,,Activa
CMP-0150,15/07/2023,Zapatería Confort,Asturias,Alimentación,Marketing de Contenidos,FIDELIZACION,"10.443,81",42416.78,240864.0,18809.0,571.0,Ana Fernández,Cancelada
CMP-0219,17/04/2023,Clínica Dental Sonrisa,Madrid,Deporte,Email Marketing,Lead Generation,€2686.91,6542.74,,12536.0,1781.0,Carlos Ruiz,Activa
CMP-0240,02/06/2024,Lácteos del Sur,Canarias,Salud,Influencers,Branding,4133.56,13882.96,390950.0,,3975.0,cristina ortega,Pausada
CMP-0730,20/12/2023,Wellness Center,Andalucía,Tecnología,Email Marketing,Fidelización,20070.39,"21.924,92",249410.0,10193.0,625.0,Carlos Ruiz,Cancelada
CMP-0193,22/12/2023,Dulcería Real,comunidad valenciana,Inmobiliario,Marketing de Contenidos,Awareness,12176.71,29650.27,483454.0,35419.0,6235.0,Diego Romero,Pausada
CMP-0192,06.04.2023,EcoHogar,Región de Murcia,Belleza,Radio,Fidelización,11534.74,41317.04,376303.0,11418.0,2189.0,Elena Castro,Cancelada
CMP-0889,21.04.2025,Agrocampo S.L,Asturias,Belleza,REDES SOCIALES,Fidelización,18867.12,"49.658,36",207533.0,4261.0,364.0,Ana Fernández,Cancelada
CMP-0007,09/02/2023,Agrocampo,Castilla y León,Agricultura,Marketing de Contenidos,branding,"23.846,79 €","99.541,82",482055.0,2430.0,213.0,Elena Castro,Cancelada
CMP-0610,12/10/2024,Lácteos del Sur,Asturias,Salud,tv,Awareness,"19.308,39 €",56904.87,348750.0,24885.0,5983.0,Paula Serrano,Activa
CMP-0717,07/04/2023,TransLogic,Andalucía,Inmobiliario,Influencers,Lead Generation,"14.061,82 €",45734.34,415717.0,9297.0,1986.0,Javier Torres,FINALIZADA
CMP-0551,28/07/2024,Clínica Dental Sonrisa,Castilla-La Mancha,Alimentación,SEO,FIDELIZACION,24015.56,54342.32,485288.0,11097.0,,Javier Torres,ACTIVA
CMP-0946,17/02/2025,Byte Studio,Galicia,Construcción,Influencers,Conversión,"16.058,86 €",53673.38,,31694.0,960.0,Ana Fernández,Finalizada
CMP-0892,15/11/2024,Constructora Levante,Baleares,Retail,TV,branding,19306.53,33078.47,152119.0,1378.0,144.0,Pablo Navarro,Cancelada
CMP-0583,24/10/2024,Nutrisana,Cataluña,Tecnología,Prensa,Lead Generation,23252.77,67030.28,75647.0,1313.0,288.0,Ana Fernández,Cancelada
CMP-1121,2025-04-28,Urbana Inmobiliaria,Asturias,Hostelería,SEO,Lead Generation,21112.39,"91.726,56 €",184736.0,13095.0,936.0,LUCÍA HERRERA,Activa
CMP-0324,25/08/2025,Fintech Nova,Canarias,Moda,Email Marketing,Lead Generation,€865.63,268.58,138218.0,3802.0,622.0,Laura Gómez,Activa
CMP-0937,08/11/2025,Electro Ríos,,Deporte,Redes Sociales,FIDELIZACION,23576.6,57427.54,305575.0,12519.0,643.0,Laura Gómez,Pausada
CMP-0793,2024-11-06,Zapatería Confort,Canarias,Belleza,tv,Awareness,17900.31,71817.48,,21259.0,4968.0,Paula Serrano,activa
CMP-0668,04-09-2023,Constructora Levante,Canarias,Alimentación,Influencers,Conversión,12781.75,47552.18,233863.0,1701.0,32.0,,Pausada
CMP-0438,25/04/2024,Clínica Dental Sonrisa,murcia,,Redes Sociales,BRANDING,,1438.26,65869.0,1696.0,156.0,Elena Castro,Cancelada
CMP-0783,29/12/2023,Zapatería Confort,Madrid ,Alimentación,Marketing de Contenidos,Lead Generation,7369.01,15005.5,462558.0,12276.0,957.0,Pablo Navarro,Cancelada
CMP-1104,15-05-2023,Restaurante El Fogón,País Vasco,Inmobiliario,SEM,Branding,€5112.58,11864.83,162499.0,7978.0,611.0,LUCÍA HERRERA,Cancelada
CMP-0342,07/06/2023,Innovatech Solutions,Canarias,Construcción,SEM,Lead Generation,1868.29,6847.25,249677.0,9246.0,863.0,Sara Molina,Cancelada
CMP-0003,17/01/2025,Nutrisana,BALEARES,Educación,Google Ads,Conversión,21411.88,84346.35,199795.0,5164.0,839.0,,Finalizada
CMP-0230,23/04/2025,Hotel Costa Azul,Galicia,Inmobiliario,Marketing de Contenidos,fidelizacion,9151.86,24284.19,489054.0,32155.0,2977.0,Pablo Navarro,activa
CMP-0656,22/06/2024,Óptica Visión Plus,País Vasco,Salud,Prensa,Fidelización,24344.77,32732.63,234336.0,14945.0,1313.0,Lucía Herrera,ACTIVA
CMP-0082,08/03/2023,TecnoWave,Cantabria,Automoción,Influencers,Lead Generation,3330.5,4300.28,338751.0,11000.0,1120.0,Elena Castro,Pausada
CMP-0077,11/02/2023,Panadería Trigo Dorado,La Rioja,Retail,TV,Awareness,1878.45,4713.88,266485.0,17049.0,2247.0,Carlos Ruiz,Activa
CMP-1116,06/03/2025,Joyería Alba,La Rioja,Moda,redes sociales,Awareness,3084.34,10626.28,241550.0,,545.0,Laura Gómez,activa
CMP-0372,07-04-2023,AutoMotion,Islas Baleares,Tecnología,Prensa,Branding,19878.36,84698.31,259354.0,7203.0,434.0,David López,Pausada
CMP-0181,09/12/2025,Clínica Dental Sonrisa,C. Valenciana,Automoción,SEO,Conversión,€1819.12,€895.04,497767.0,13346.0,2464.0,SARA MOLINA,Finalizada
CMP-0723,07/06/2024,Farmacia Central,Asturias,Hostelería,Prensa,BRANDING,14914.74,47015.63,17024.0,723.0,68.0,cristina ortega,Activa
CMP-0578,08/06/2023,Yogures La Pradera,MAD,Alimentación,Email Marketing,Conversión,13959.22,"47.554,55",384839.0,4274.0,150.0,Laura Gómez,Cancelada
CMP-0748,30/11/2025,Bebidas Norte,Asturias,Hostelería,SEM,Fidelización,13628.43,"27.207,44 €",275777.0,11030.0,1823.0,Marta Sánchez,Pausada
CMP-0771,08/07/2023,Yogures La Pradera,Asturias,Hostelería,SEO,Fidelización,3228.02,€10024.92,146409.0,9357.0,893.0,Diego Romero,Activa
CMP-1034,15/12/2024,EcoHogar,,Inmobiliario,SEO,Conversión,9602.04,19094.99,480230.0,18244.0,1132.0,,Pausada
CMP-1025,13/10/2025,AutoMotion,Asturias,Inmobiliario,Google Ads,Conversión,9034.76,28724.65,99061.0,2668.0,583.0,Diego Romero,Cancelada
CMP-0657,05/07/2023,Agrocampo S.L.U.,La Rioja,Automoción,Influencers,Lead Generation,"18.548,51 €",70710.44,119812.0,3443.0,287.0,sin datos,Pausada
CMP-0590,22.09.2024,Solaris Energía,Galicia,Educación,Email Marketing,Awareness,5594.64,10478.9,43111.0,3051.0,721.0,Marta Sánchez,Cancelada
CMP-0554,25/04/2024,Hotel Costa Azul,Andalucía,Construcción,Radio,Branding,599.73,2308.19,445834.0,14043.0,2561.0,Javier Torres,Activa
CMP-0827,03/12/2023,,Castilla y León,Deporte,Prensa,Awareness,11786.38,49433.26,243903.0,1414.0,302.0,Diego Romero,Finalizada
CMP-0979,14/04/2025,Bebidas Norte,Valencia,Salud,SEM,Lead Generation,9400.47,37762.4,156016.0,11197.0,623.0,david lópez,Finalizada
CMP-0900,08-12-2024,Restaurante El Fogón,Castilla-La Mancha,Turismo,Influencers,Awareness,11125.43,26941.98,270082.0,19682.0,4176.0,Elena Castro,Pausada
CMP-0038,14/08/2024,Byte Studio,Cantabria,Educación,SEM,Lead Generation,€22728.60,85728.89,37939.0,359.0,71.0,Pablo Navarro,Cancelada
CMP-0354,02/08/2024,Joyería Alba,Galicia,Moda,Email Marketing,Lead Generation,18711.79,35640.51,226629.0,15688.0,2416.0,Ana Fernández,Terminada
CMP-0699,24/11/2023,Fintech Nova,Islas Baleares,Alimentación,Influencers,Lead Generation,4910.66,13988.83,262191.0,9822.0,2331.0,Elena Castro,Cancelada
CMP-0237,09/01/2024,Joyería Alba,Región de Murcia,Inmobiliario,Radio,Awareness,16281.73,41260.61,141440.0,5087.0,1092.0,javier torres,Activa
CMP-0948,03/07/2024,Colchones Descanso,Aragón,Salud,Influencers,Conversión,16943.46,,417867.0,16303.0,2459.0,Álvaro Gil,Cancelada
CMP-0500,30/01/2023,agrocampo S.L.,Cantabria,Moda,Televisión,Lead Generation,19404.73,54798.22,113818.0,3540.0,844.0,Carlos Ruiz,Pausada
CMP-0554,25/04/2024,Hotel Costa Azul,Andalucía,Construcción,Radio,Branding,599.73,2308.19,445834.0,14043.0,2561.0,Javier Torres,Activa
CMP-0056,13/12/2025,grupo peralta S.A.,Navarra,Salud,Marketing de Contenidos,Branding,€14803.55,5422.25,139629.0,1246.0,234.0,Ana Fernández,Activa
CMP-0303,11/12/2023,TecnoWave,País Vasco,Belleza,SEO,Fidelización,14908.51,25480.37,63805.0,1629.0,312.0,sara molina,Cancelada
CMP-0287,07/04/2024,Farmacia Central,Madrid,Deporte,SEO,FIDELIZACION,4658.97,11365.76,289933.0,19282.0,1973.0,Laura Gómez,Activa
CMP-0814,19/05/2025,Yogures La Pradera,Comunidad Valenciana,Construcción,SEM,Awareness,13847.23,29525.2,57528.0,2381.0,508.0,David López,Cancelada
CMP-0220,25/12/2023,,Cantabria,Retail,SEO,Fidelización,15426.35,38384.2,373586.0,28865.0,686.0,Miguel Álvarez,ACTIVA
CMP-0957,2024-03-12,Xtreme Bikes,País Vasco,Tecnología,Radio,Conversión,19645.51,34274.96,377534.0,12464.0,1965.0,Elena Castro,Pausada
CMP-0388,07/01/2024,Byte Studio,Cataluña,Turismo,TV,Lead Generation,"7.808,50 €",15699.47,89204.0,840.0,202.0,álvaro gil,Finalizada
CMP-0749,06/10/2024,Kapital Seguros,MAD,Hostelería,Email Marketing,Lead Generation,"3.065,30 €",12560.05,201078.0,6674.0,665.0,Miguel Álvarez,Cancelada
CMP-0391,11/03/2024,Innovatech Solutions,Navarra,Turismo,REDES SOCIALES,Fidelización,15027.12,57491.48,199809.0,15973.0,,Marta Sánchez,Cancelada
CMP-0353,29/01/2023,Electro Ríos,Extremadura,Hostelería,Radio,Lead Generation,6651.91,4483.77,193396.0,,501.0,David López,Pausada
CMP-0194,15/11/2025,Restaurante El Fogón,Aragón,Educación,Prensa,Conversión,24097.12,105450.56,237921.0,,671.0,Ana Fernández,Finalizada
CMP-0236,14/06/2025,Joyería Alba,País Vasco,Educación,TV,Conversión,15005.69,54717.09,287921.0,9508.0,1034.0,David López,Pausada
CMP-1011,27/03/2025,Solaris Energía,Cantabria,Retail,Televisión,Fidelización,8301.34,8448.98,438644.0,31394.0,550.0,Ana Fernández,Activa
CMP-0481,06/06/2023,Óptica Visión Plus,Comunidad Valenciana,Tecnología,Influencers,Conversión,21909.97,31519.5,262251.0,14326.0,3350.0,Lucía Herrera,Activa
CMP-0568,03/03/2024,Zapatería Confort,Cataluña,Moda,SEM,FIDELIZACION,21457.49,73978.41,2176.0,81.0,10.0,Elena Castro,Pausada
CMP-0117,2024-05-13,,Canarias,Finanzas,Google Ads,branding,6829.65,13433.68,,15088.0,1812.0,CRISTINA ORTEGA,Cancelada
CMP-0880,01/07/2024,Dulcería Real,Baleares,Turismo,Google Ads,Lead Generation,23593.1,73496.28,445060.0,18151.0,2949.0,Pablo Navarro,finalizada
CMP-1057,04/07/2023,Viñedos del Valle,Murcia,Retail,Marketing de Contenidos,BRANDING,6133.96,"4.705,76 €",3031.0,15.0,2.0,Marta Sánchez,Cancelada
CMP-1119,07/01/2023,Constructora Levante,Castilla y León,Construcción,Influencers,Awareness,5106.93,€10838.28,370698.0,9255.0,1542.0,MARTA SÁNCHEZ,Finalizada
CMP-0778,21/08/2025,,comunidad valenciana,Construcción,SEO,Lead Generation,16282.45,43797.58,454896.0,5818.0,1192.0,Ana Fernández,finalizada
CMP-0790,28/10/2025,Xtreme Bikes,Castilla-La Mancha,Retail,TV,Awareness,20463.22,24734.01,216406.0,15486.0,526.0,,Activa
CMP-0121,12/11/2023,,Comunidad Valenciana,Automoción,Influencers,branding,19349.75,29810.11,129710.0,7585.0,225.0,Carlos Ruiz,Cancelada
CMP-0830,03/10/2025,Zapatería Confort,Cantabria,Salud,TV,Conversión,"23.278,52 €",48033.93,300665.0,13818.0,2574.0,Paula Serrano,Pausada
CMP-1014,16.06.2025,Óptica Visión Plus,Canarias,Moda,Radio,fidelizacion,,€6941.65,137370.0,8591.0,480.0,,Cancelada
CMP-0786,01/02/2024,Lácteos del Sur,Canarias,Educación,tv,fidelizacion,19258.63,"68.034,64",220557.0,10497.0,108.0,diego romero,Cancelada
CMP-0063,23/04/2023,Dulcería Real,Canarias,Salud,Email Marketing,Awareness,12268.49,38056.33,24311.0,523.0,128.0,Pablo Navarro,Cancelada
CMP-0842,14/11/2024,Bahía Sports,Castilla-La Mancha,Hostelería,RRSS,Conversión,,64381.2,86910.0,740.0,100.0,Ana Fernández,Pausada
CMP-0454,02/10/2023,TecnoWave,Galicia,Inmobiliario,Influencers,Awareness,6080.09,6626.75,157633.0,10909.0,672.0,Carlos Ruiz,Finalizada
CMP-0516,24/06/2024,Ferretería Ibérica,Asturias,Turismo,Email Marketing,Conversión,6640.25,23883.42,58592.0,503.0,41.0,Javier Torres,Cancelada
CMP-0571,08/12/2023,Fintech Nova,Región de Murcia,Inmobiliario,Marketing de Contenidos,Awareness,8628.07,32250.03,162248.0,6258.0,394.0,MIGUEL ÁLVAREZ,Pausada
CMP-0224,02/09/2025,Nutrisana,Galicia,Agricultura,Marketing de Contenidos,Awareness,10093.48,34771.13,179802.0,1924.0,449.0,Paula Serrano,finalizada
CMP-0614,16.06.2024,Sabores del Mediterráneo,,Inmobiliario,Prensa,BRANDING,21703.16,"97.257,18 €",452524.0,15339.0,,Álvaro Gil,Pausada
CMP-0222,25/12/2023,FINTECH NOVA S.L.,Castilla-La Mancha,Agricultura,Prensa,fidelizacion,"15.237,81",17020.72,487937.0,17222.0,,Lucía Herrera,Cancelada
CMP-0767,01/04/2024,Viñedos del Valle,Canarias,Agricultura,Redes Sociales,fidelizacion,22869.81,65334.33,121581.0,9025.0,,David López,Cancelada
CMP-0807,11/02/2024,Electro Ríos,Andalucía,Finanzas,SEO,Lead Generation,11477.65,25929.05,461137.0,,4154.0,javier torres,Cancelada
CMP-0466,28/05/2025,Electro Ríos,Comunidad Valenciana,Tecnología,SEO,Awareness,18488.3,"39.272,47 €",152263.0,3984.0,118.0,Miguel Álvarez,Finalizada
CMP-0053,2024-04-25,Bahía Sports,Asturias,Belleza,Influencers,FIDELIZACION,3666.47,"15.671,59 €",160074.0,12757.0,483.0,CRISTINA ORTEGA,Cancelada
CMP-1106,27-12-2025,Bahía Sports,Valencia,Tecnología,google ads,Awareness,,39852.09,14367.0,76.0,11.0,Ana Fernández,Activa
CMP-0486,16/08/2023,Wellness Center,Cataluña,Inmobiliario,Email Marketing,fidelizacion,"10.405,76 €",17864.77,410177.0,21888.0,288.0,Paula Serrano,Pausada
CMP-0112,12/11/2024,Distribuciones Marín,MADRID,,Google Ads,Lead Generation,€20155.34,55786.99,352533.0,16538.0,2068.0,Miguel Álvarez,Pausada
CMP-0934,20/02/2023,Panadería Trigo Dorado,C. Valenciana,Alimentación,Google Ads,Conversión,8972.33,9721.18,134630.0,5337.0,646.0,Laura Gómez,finalizada
CMP-0156,06/03/2025,Óptica Visión Plus,MADRID,Retail,SEM,Branding,12096.17,43328.81,180872.0,13285.0,1734.0,Diego Romero,Activa
CMP-0402,26/10/2023,Yogures La Pradera,Canarias,Inmobiliario,Influencers,Awareness,24001.59,83246.38,,7982.0,1116.0,Diego Romero,Finalizada
CMP-0601,13/06/2023,Bahía Sports,Aragón,Agricultura,Marketing de Contenidos,Awareness,19680.27,"86.968,78 €",279270.0,17306.0,3787.0,Miguel Álvarez,Cancelada
CMP-0890,09/06/2025,Quimera Cosmética,Extremadura,Retail,Influencers,Lead Generation,17123.73,,473947.0,28693.0,4120.0,Lucía Herrera,Pausada
CMP-0249,05/08/2024,Panadería Trigo Dorado,Navarra,Tecnología,SEM,Branding,,52414.69,208689.0,1046.0,19.0,Lucía Herrera,Pausada
CMP-0442,25/08/2023,Kapital Seguros,Castilla y León,Salud,SEO,Conversión,20842.38,93467.23,459139.0,18370.0,4135.0,Carlos Ruiz,activa
CMP-0999,11/05/2023,TransLogic,País Vasco,Inmobiliario,SEM,Fidelización,20254.85,21307.94,101849.0,1907.0,158.0,,ACTIVA
CMP-1109,28/10/2025,,Aragón,Educación,TV,Lead Generation,16704.7,72367.22,144646.0,1345.0,181.0,Laura Gómez,Cancelada
CMP-0543,13/10/2023,Verde Natural,Aragón,Agricultura,Redes Sociales,Fidelización,1000.41,2070.75,105625.0,3178.0,615.0,laura gómez,Cancelada
CMP-0118,29/03/2023,TransLogic,La Rioja,Turismo,Redes Sociales,Awareness,"16.193,70 €",27389.0,450318.0,35141.0,7897.0,Laura Gómez,Activa
CMP-0736,30/11/2024,Panadería Trigo Dorado,Andalucía,Turismo,Google Ads,Fidelización,6291.72,14686.4,142445.0,10674.0,1282.0,Paula Serrano,Pausada
CMP-0629,07/02/2025,Quimera Cosmética,Cataluña,Finanzas,Influencers,Awareness,17257.46,,255849.0,6073.0,1499.0,Ana Fernández,ACTIVA
CMP-0871,15/02/2024,Electro Ríos,País Vasco,Deporte,Radio,Awareness,"6.493,26 €","2.757,51 €",63674.0,2998.0,270.0,sara molina,Activa
CMP-0936,14/04/2023,Wellness Center,Aragón,Agricultura,SEO,Lead Generation,4353.49,"13.935,84 €",200631.0,9369.0,193.0,,Cancelada
CMP-0292,07/12/2024,Grupo Peralta S.L.U.,Canarias,Belleza,Prensa,Conversión,16584.55,55544.91,88204.0,1835.0,341.0,,Cancelada
CMP-1053,27/04/2025,Agrocampo,Navarra,Finanzas,tv,Lead Generation,"22.044,89",,369136.0,9750.0,1517.0,Elena Castro,Pausada
CMP-0382,26/07/2025,Xtreme Bikes,Navarra,Deporte,Prensa,Branding,18346.58,37630.19,85876.0,1359.0,55.0,Marta Sánchez,Activa
CMP-0841,28/11/2025,AutoMotion S.A.,La Rioja,Hostelería,SEM,Awareness,14086.35,27371.48,192286.0,,219.0,Cristina Ortega,Activa
CMP-0826,28/12/2025,Electro Ríos,Galicia,Salud,SEO,Lead Generation,1856.49,€6621.19,12419.0,,58.0,Paula Serrano,Terminada
CMP-0201,01/07/2025,Joyería Alba,Canarias,Agricultura,SEO,Awareness,812.7,€2008.06,404460.0,13396.0,2715.0,Marta Sánchez,Activa
CMP-0597,13/10/2024,Quimera Cosmética,VALENCIA,Agricultura,SEM,Lead Generation,20817.41,67992.6,400561.0,29549.0,3044.0,Javier Torres,ACTIVA
CMP-1000,22/07/2024,,Navarra,Alimentación,Email Marketing,Fidelización,4004.92,13991.09,308848.0,15660.0,3827.0,Laura Gómez,Cancelada
CMP-0842,14/11/2024,Bahía Sports,Castilla-La Mancha,Hostelería,RRSS,Conversión,,64381.2,86910.0,740.0,100.0,Ana Fernández,Pausada
CMP-0782,08/03/2025,Zapatería Confort,Extremadura,Belleza,Radio,Awareness,17071.8,36914.86,106169.0,7360.0,331.0,sara molina,Activa
CMP-0703,07/01/2023,Innovatech Solutions,La Rioja,Construcción,Email Marketing,Awareness,"17.855,31",32637.48,408269.0,3848.0,266.0,Javier Torres,Finalizada
CMP-0506,17/02/2023,Quimera Cosmética,-,Alimentación,GOOGLE ADS,Conversión,19305.71,,144660.0,1623.0,72.0,Javier Torres,Activa
CMP-0349,07/06/2024,Grupo Peralta,Castilla y León,Turismo,SEO,Conversión,€21469.65,41470.31,477491.0,36793.0,8558.0,Paula Serrano,Activa
CMP-0938,02/05/2023,Agrocampo SL,Navarra,Educación,GOOGLE ADS,Fidelización,3361.03,14088.8,120372.0,1823.0,431.0,Marta Sánchez,finalizada
CMP-0198,08/07/2025,Dulcería Real,Asturias,Tecnología,Email Marketing,Fidelización,13756.06,38987.77,407424.0,24188.0,1365.0,Marta Sánchez,ACTIVA
CMP-0341,04.06.2023,,Galicia,Turismo,SEM,BRANDING,15447.73,28207.62,229084.0,4611.0,749.0,Miguel Álvarez,Activa
CMP-0616,27/08/2024,Modaline,Aragón,Hostelería,Radio,Awareness,11564.4,37909.82,395028.0,9225.0,667.0,Lucía Herrera,activa
CMP-0155,08/09/2025,Byte Studio,Castilla-La Mancha,Moda,Email Marketing,Lead Generation,1059.31,"3.072,57 €",129362.0,6926.0,898.0,Elena Castro,Activa
CMP-1117,22/01/2024,AutoMotion,Cataluña,Agricultura,Email Marketing,Awareness,12887.61,,45873.0,3105.0,399.0,ana fernández,Cancelada
CMP-0062,17/06/2023,Colchones Descanso,Castilla y León,Belleza,Marketing de Contenidos,Lead Generation,14986.35,60095.82,82068.0,1379.0,218.0,Elena Castro,Pausada
CMP-1019,25/08/2025,,Comunidad Valenciana,Belleza,Radio,Conversión,3367.6,3624.57,48422.0,3621.0,95.0,Cristina Ortega,Pausada
CMP-0288,10/08/2025,Nutrisana,Navarra,Agricultura,Marketing de Contenidos,BRANDING,3723.77,,451047.0,35531.0,6997.0,Carlos Ruiz,Pausada
CMP-0323,08/10/2023,Nutrisana,Asturias,Turismo,Prensa,Lead Generation,364.15,"1.086,25 €",143803.0,5189.0,744.0,Álvaro Gil,Cancelada
CMP-0834,08/11/2024,Agrocampo,Castilla y León,Finanzas,Prensa,Lead Generation,,93496.24,67018.0,4819.0,91.0,Miguel Álvarez,FINALIZADA
CMP-0833,12/10/2023,Colchones Descanso,Asturias,Belleza,Marketing de Contenidos,Branding,3928.44,2380.72,341969.0,21460.0,1111.0,David López,Pausada
CMP-0818,25/01/2024,Kapital Seguros,Castilla y León,Turismo,Email Marketing,Lead Generation,14323.14,51959.4,449728.0,8807.0,458.0,Laura Gómez,Cancelada
CMP-0083,30/08/2023,grupo peralta,La Rioja,Salud,Google Ads,Lead Generation,24020.9,9820.61,98042.0,4159.0,427.0,Carlos Ruiz,Pausada
CMP-1071,06/10/2025,Innovatech Solutions,Andalucía,Construcción,Email Marketing,Lead Generation,20065.54,"60.193,33 €",46606.0,2911.0,99.0,Sara Molina,Pausada
CMP-0465,27/10/2024,Innovatech Solutions,Asturias,Construcción,TV,branding,3146.05,7406.07,260320.0,16917.0,3069.0,DAVID LÓPEZ,Cancelada
CMP-0811,19.11.2023,Muebles Castillo,Navarra,Tecnología,GOOGLE ADS,Awareness,20984.02,,397134.0,31679.0,1797.0,Ana Fernández,Pausada
CMP-0769,13/06/2023,Bebidas Norte,Castilla y León,Belleza,RRSS,Conversión,18197.89,19005.77,344486.0,6896.0,1202.0,Sara Molina,FINALIZADA
CMP-0884,01/01/2023,EcoHogar,La Rioja,Retail,SEM,Awareness,17925.42,13505.62,112353.0,4565.0,492.0,Javier Torres,FINALIZADA
CMP-0784,25/04/2024,Quimera Cosmética,Asturias,Salud,Prensa,Fidelización,6887.06,15960.56,230205.0,16772.0,236.0,,Pausada
CMP-0334,12/12/2023,Nutrisana,Galicia,Automoción,SEO,Fidelización,3156.6,6181.28,364899.0,17986.0,618.0,Sara Molina,Pausada
CMP-0011,12/09/2025,Solaris Energía,Asturias,Agricultura,Redes Sociales,Lead Generation,24231.11,101546.31,445460.0,10124.0,1088.0,Pablo Navarro,Cancelada
CMP-0471,12-12-2024,Sabores del Mediterráneo,Región de Murcia,Alimentación,Radio,Lead Generation,13852.29,"18.847,52",460340.0,28518.0,,LUCÍA HERRERA,Finalizada
CMP-0033,05/12/2024,Restaurante El Fogón,Aragón,Automoción,Radio,Awareness,17356.32,27528.26,,9979.0,1425.0,Miguel Álvarez,Terminada
CMP-0795,11/07/2023,,Aragón,Construcción,Email Marketing,Conversión,13683.03,8367.53,283092.0,13141.0,1200.0,Álvaro Gil,Finalizada
CMP-0414,05/05/2025,Muebles Castillo,Cantabria,Deporte,Prensa,BRANDING,"19.839,49 €",32039.08,98985.0,3678.0,868.0,MIGUEL ÁLVAREZ,Pausada
CMP-0581,07/04/2024,Muebles Castillo,Madrid,Turismo,SEM,Lead Generation,2548.92,7455.3,312165.0,5223.0,491.0,Diego Romero,finalizada
CMP-0383,30/01/2025,Sabores del Mediterráneo,IB,Retail,Email Marketing,Conversión,2936.34,5438.87,152328.0,1221.0,57.0,Paula Serrano,Terminada
CMP-0837,25/12/2025,Rural Gourmet,Asturias,Finanzas,Email Marketing,Conversión,8138.88,22158.74,259449.0,20642.0,395.0,PAULA SERRANO,Pausada
CMP-0463,19-11-2025,Constructora Levante,Navarra,Retail,Email Marketing,Awareness,10171.29,3430.04,226365.0,9485.0,287.0,Ana Fernández,Pausada
CMP-0341,04.06.2023,,Galicia,Turismo,SEM,BRANDING,15447.73,28207.62,229084.0,4611.0,749.0,Miguel Álvarez,Activa
CMP-0849,10-12-2023,Joyería Alba,Galicia,Alimentación,Prensa,Conversión,"16.150,01 €",14999.48,3837.0,56.0,11.0,,Finalizada
CMP-0203,08/04/2025,Bebidas Norte,Madrid,Construcción,Redes Sociales,FIDELIZACION,1946.96,7302.66,478119.0,11665.0,1202.0,Carlos Ruiz,Pausada
CMP-0379,13/06/2024,Zapatería Confort,Canarias,,TV,Branding,"8.649,58 €",25688.21,12779.0,90.0,18.0,elena castro,ACTIVA
CMP-0090,23/12/2024,Verde Natural,Canarias,Belleza,Marketing de Contenidos,Lead Generation,2433.22,4748.71,240220.0,18617.0,1147.0,Carlos Ruiz,Pausada
CMP-0805,22/12/2025,Wellness Center,Madrid,Educación,google ads,Awareness,,"19.370,71",147189.0,10263.0,1366.0,Pablo Navarro,Pausada
CMP-0602,26/01/2025,Joyería Alba,Aragón,Finanzas,SEM,Branding,1188.14,4687.41,241803.0,7866.0,1757.0,Laura Gómez,Activa
CMP-0214,2024-08-03,Restaurante El Fogón,Cantabria,Inmobiliario,Radio,Lead Generation,15064.07,"40.177,98 €",10262.0,727.0,134.0,Diego Romero,Finalizada
CMP-0333,14/04/2025,Joyería Alba,,Salud,Google Ads,Lead Generation,€11532.26,39116.65,360710.0,28212.0,3288.0,Laura Gómez,ACTIVA
CMP-0134,19.12.2024,Nutrisana,Extremadura,,Marketing de Contenidos,Conversión,11088.93,"49.618,77 €",407154.0,26828.0,1619.0,LUCÍA HERRERA,Pausada
CMP-0347,16/05/2025,Lácteos del Sur,murcia,Belleza,Televisión,branding,8366.29,23042.19,204946.0,13411.0,2528.0,Elena Castro,Pausada
CMP-0870,31/03/2025,Joyería Alba,Galicia,Retail,Redes Sociales,Conversión,9155.8,"23.154,24 €",144966.0,6074.0,351.0,Cristina Ortega,Cancelada
CMP-0008,16/02/2024,Bebidas Norte,Asturias,Finanzas,Influencers,Lead Generation,"4.295,15 €",10807.58,318529.0,11701.0,711.0,David López,Finalizada
CMP-0259,2025-03-03,Grupo Peralta,Castilla-La Mancha,Salud,Email Marketing,Awareness,"24.900,66 €",109813.63,145139.0,9563.0,1531.0,Carlos Ruiz,finalizada
CMP-0321,13.11.2025,Urbana Inmobiliaria,IB,,tv,Awareness,16991.17,"73.436,17",268824.0,9296.0,1187.0,Álvaro Gil,Cancelada
CMP-1056,2025-01-05,,Galicia,Hostelería,SEO,Branding,18638.31,44079.71,492701.0,29902.0,6515.0,Lucía Herrera,Cancelada
CMP-0188,24/05/2024,Muebles Castillo,Asturias,Tecnología,Prensa,FIDELIZACION,€13073.67,41713.05,324635.0,3942.0,665.0,Pablo Navarro,Activa
CMP-0996,18/11/2023,TecnoWave,Andalucía,,Email Marketing,Branding,1281.51,3473.36,447019.0,30765.0,5508.0,Miguel Álvarez,Activa
CMP-0553,12/04/2023,Hotel Costa Azul,Cataluña,,Prensa,Lead Generation,,18148.92,330978.0,,1311.0,Miguel Álvarez,Pausada
CMP-0305,10/01/2023,Xtreme Bikes,Galicia,Alimentación,Prensa,Branding,"15.378,84 €","10.299,04",433815.0,27631.0,2583.0,Elena Castro,finalizada
CMP-0032,19/07/2024,Constructora Levante,Navarra,Salud,GAds,Lead Generation,12291.24,22004.58,135951.0,4149.0,,Pablo Navarro,Activa
CMP-0846,14-05-2025,Yogures La Pradera,Canarias,Tecnología,Prensa,Conversión,8564.68,29217.27,351413.0,9126.0,1475.0,Carlos Ruiz,Cancelada
CMP-0685,05-11-2023,Ferretería Ibérica,Andalucía,Automoción,Marketing de Contenidos,Awareness,8421.41,,488907.0,35511.0,2085.0,Pablo Navarro,Pausada
CMP-1078,09/04/2024,Hotel Costa Azul,Extremadura,Construcción,Google Ads,branding,12131.82,43123.22,281242.0,5581.0,509.0,Miguel Álvarez,Cancelada
CMP-0241,31/08/2025,Dulcería Real,,Salud,Email Marketing,Lead Generation,3167.31,11447.94,5181.0,402.0,60.0,,ACTIVA
CMP-1017,17.03.2024,Constructora Levante,Canarias,Belleza,RRSS,Lead Generation,€4769.07,18558.62,65975.0,3343.0,299.0,Ana Fernández,Finalizada
CMP-0175,01/08/2024,Dulcería Real,murcia,Turismo,Influencers,Awareness,2737.34,6701.99,347765.0,26947.0,5697.0,Paula Serrano,Finalizada
CMP-0246,01.05.2025,Nutrisana,Cataluña,Deporte,Marketing de Contenidos,Awareness,11807.87,35228.19,189729.0,8889.0,2090.0,Álvaro Gil,Activa
CMP-0057,15/06/2023,Restaurante El Fogón,,,Marketing de Contenidos,Fidelización,10771.59,8115.74,374003.0,27387.0,756.0,Ana Fernández,Activa
CMP-0631,13/01/2024,Lácteos del Sur,Castilla y León,Belleza,Influencers,Awareness,23938.56,"43.500,30",405618.0,15591.0,3465.0,Ana Fernández,ACTIVA
CMP-0584,22/12/2025,Quimera Cosmética,Galicia,Tecnología,SEM,Conversión,"19.393,21 €",63342.63,186617.0,5296.0,716.0,Pablo Navarro,Activa
CMP-1112,01/01/2023,Sabores del Mediterráneo,Aragón,Deporte,Redes Sociales,Awareness,9981.59,37852.15,232960.0,1859.0,,Pablo Navarro,Activa
CMP-0146,30.07.2023,Panadería Trigo Dorado,Región de Murcia,Retail,Redes Sociales,branding,1574.89,,87993.0,2866.0,204.0,Marta Sánchez,Cancelada
CMP-0091,14/08/2024,Restaurante El Fogón,Navarra,,Prensa,Awareness,"9.275,25 €",18387.65,299491.0,14116.0,1369.0,Diego Romero,Cancelada
CMP-1127,30/11/2023,Verde Natural,Madrid ,Inmobiliario,Email Marketing,Fidelización,10296.95,"11.995,10",440344.0,4222.0,112.0,Álvaro Gil,Activa
CMP-0393,28/09/2025,Solaris Energía,Andalucía,Hostelería,Google Ads,Lead Generation,15297.91,4864.32,5521.0,306.0,33.0,Álvaro Gil,Cancelada
CMP-0864,2025-10-13,EcoHogar,Castilla y León,Belleza,google ads,Lead Generation,€17948.70,48268.62,181504.0,2652.0,468.0,Elena Castro,Finalizada
CMP-0683,25/11/2025,Ferretería Ibérica,Cantabria,Retail,SEO,Lead Generation,5145.36,8841.11,467076.0,7825.0,799.0,Miguel Álvarez,Cancelada
CMP-0311,02/02/2023,Sabores del Mediterráneo,Canarias,Tecnología,Radio,Fidelización,23758.36,20370.19,155579.0,3567.0,890.0,Lucía Herrera,Finalizada
CMP-0360,17/10/2025,,Aragón,Retail,SEM,BRANDING,€13245.18,35726.34,218823.0,16199.0,1118.0,javier torres,Cancelada
CMP-0094,16/04/2023,Hotel Costa Azul,País Vasco,Construcción,Marketing de Contenidos,Lead Generation,24183.35,86774.62,407432.0,19713.0,1273.0,Laura Gómez,FINALIZADA
CMP-0970,06/07/2025,Restaurante El Fogón,Canarias,Agricultura,google ads,Lead Generation,"7.793,02 €",20168.13,400277.0,15068.0,1600.0,Laura Gómez,activa
CMP-1036,13.05.2025,Yogures La Pradera,Asturias,Moda,redes sociales,Awareness,22793.14,51978.72,95768.0,3760.0,809.0,lucía herrera,Cancelada
CMP-0377,15/09/2024,Zapatería Confort,Aragón,Agricultura,Influencers,Branding,€24322.00,50129.64,464905.0,26065.0,3723.0,Marta Sánchez,Finalizada
CMP-0244,24/01/2024,Farmacia Central,La Rioja,Hostelería,Prensa,Conversión,6121.91,20375.03,345633.0,26799.0,5535.0,cristina ortega,Activa
CMP-1089,05/05/2025,EcoHogar,Islas Baleares,Salud,Prensa,Lead Generation,23588.36,"27.707,65 €",288066.0,22330.0,2371.0,DIEGO ROMERO,Activa
CMP-0088,27/11/2024,Viñedos del Valle,Aragón,Deporte,Influencers,Awareness,"2.009,73",1108.64,230979.0,8354.0,1014.0,,FINALIZADA
CMP-0215,21/05/2023,Yogures La Pradera,Asturias,Tecnología,GAds,Conversión,6760.11,22589.48,180158.0,13363.0,2046.0,paula serrano,ACTIVA
CMP-0445,17/05/2025,Colchones Descanso,Islas Baleares,Agricultura,Email Marketing,Fidelización,18475.56,29659.84,309861.0,13996.0,2985.0,Laura Gómez,Finalizada
CMP-0174,31/05/2024,Solaris Energía,Canarias,Educación,SEM,Lead Generation,"11.957,61 €","10.232,36 €",91307.0,4573.0,55.0,Pablo Navarro,Cancelada
CMP-0426,18/12/2023,Electro Ríos,Región de Murcia,Finanzas,TV,Conversión,12589.49,56149.03,,16913.0,4189.0,Paula Serrano,Cancelada
CMP-1052,05/01/2025,Bebidas Norte,Baleares,Tecnología,Google Ads,Awareness,"797,84",3492.01,,1787.0,165.0,Paula Serrano,Cancelada
CMP-0119,29/11/2023,Dulcería Real,Asturias,Finanzas,Prensa,Awareness,3775.95,14148.11,430889.0,15026.0,427.0,Lucía Herrera,Pausada
CMP-0120,23-03-2025,Ferretería Ibérica,Madrid,Hostelería,Radio,Lead Generation,2622.61,3343.84,40355.0,1232.0,239.0,Sara Molina,Cancelada
CMP-0928,24/09/2025,,Madrid,Moda,Marketing de Contenidos,Lead Generation,€8643.60,€4252.30,203883.0,2099.0,50.0,ELENA CASTRO,Cancelada
CMP-0883,13/06/2024,Agrocampo,Andalucía,Moda,Redes Sociales,Branding,17477.86,"21.976,64 €",22041.0,1565.0,67.0,Diego Romero,finalizada
CMP-0001,27/03/2024,Yogures La Pradera,Castilla-La Mancha,Hostelería,Redes Sociales,Conversión,15130.06,40204.04,375900.0,20201.0,2844.0,Marta Sánchez,Activa
CMP-0395,06.02.2024,Panadería Trigo Dorado,Asturias,Alimentación,SEM,Fidelización,1112.54,2636.63,369623.0,21446.0,1290.0,Miguel Álvarez,finalizada
CMP-0402,26/10/2023,Yogures La Pradera,Canarias,Inmobiliario,Influencers,Awareness,24001.59,83246.38,,7982.0,1116.0,Diego Romero,Finalizada
CMP-0405,03/03/2023,EcoHogar,Valencia,Finanzas,Marketing de Contenidos,Awareness,10127.75,38177.1,4026.0,129.0,3.0,David López,Pausada
CMP-1084,16/08/2023,Bahía Sports,Andalucía,Agricultura,Radio,Lead Generation,8137.42,10875.53,177164.0,5150.0,996.0,David López,Cancelada
CMP-0862,30/01/2024,Grupo Peralta,Canarias,Hostelería,Prensa,branding,5109.19,14900.91,383062.0,8066.0,649.0,,Finalizada
CMP-0163,10/07/2023,Modaline,La Rioja,Educación,redes sociales,Fidelización,8676.84,34961.69,84860.0,5083.0,718.0,David López,Pausada
CMP-0115,02.06.2023,Constructora Levante,Cataluña,Hostelería,redes sociales,Branding,22939.1,,336992.0,25878.0,3512.0,JAVIER TORRES,Cancelada
CMP-0671,22/12/2023,Ferretería Ibérica,Cataluña,Construcción,RRSS,Lead Generation,,"6.307,64",496885.0,5808.0,1301.0,Laura Gómez,Cancelada
CMP-0151,12/08/2023,,País Vasco,Belleza,Radio,Awareness,8087.83,11664.39,39657.0,3004.0,128.0,Lucía Herrera,Pausada
CMP-0977,26/02/2023,,Baleares,Salud,Radio,Awareness,"9.661,24 €","5.498,90 €",379840.0,19303.0,2817.0,Elena Castro,Pausada
CMP-0799,15/08/2025,Yogures La Pradera,Cataluña,Retail,SEM,Conversión,15617.04,7470.12,199438.0,8010.0,1055.0,Carlos Ruiz,Finalizada
CMP-1015,09/09/2023,TecnoWave,Castilla-La Mancha,Agricultura,SEM,Awareness,€974.50,2875.07,107478.0,3985.0,889.0,diego romero,Cancelada
CMP-0369,17/03/2023,Sabores del Mediterráneo,La Rioja,,Marketing de Contenidos,Fidelización,€21245.68,"72.144,57 €",312891.0,18720.0,4675.0,David López,Cancelada
CMP-0544,08/07/2024,Electro Ríos,Región de Murcia,Salud,Influencers,Lead Generation,18534.38,77906.06,465815.0,21593.0,5121.0,paula serrano,Activa
CMP-0478,06/08/2023,Innovatech Solutions,Aragón,Deporte,GAds,Fidelización,"3.737,36 €",10969.21,7576.0,488.0,5.0,pablo navarro,Pausada
CMP-0315,12/08/2023,Viñedos del Valle,Región de Murcia,Belleza,Email Marketing,Conversión,,4590.65,94248.0,2509.0,601.0,Ana Fernández,Terminada
CMP-0533,11/10/2025,Yogures La Pradera,VALENCIA,Educación,Redes Sociales,Fidelización,18536.21,9688.6,108012.0,4722.0,684.0,Diego Romero,Terminada
CMP-0626,28/08/2025,Clínica Dental Sonrisa,Extremadura,Hostelería,SEM,Conversión,€21338.46,61081.72,82882.0,2438.0,326.0,Álvaro Gil,Pausada
CMP-0923,14/07/2023,AutoMotion,VALENCIA,Educación,Radio,Lead Generation,23785.84,106714.74,243087.0,15416.0,3637.0,Marta Sánchez,Pausada
CMP-0513,06-04-2023,TransLogic,MU,Inmobiliario,Influencers,FIDELIZACION,8081.03,13289.33,103849.0,906.0,116.0,Lucía Herrera,Cancelada
CMP-0930,22/03/2024,Xtreme Bikes,Islas Baleares,Alimentación,Radio,Conversión,"11.570,21",40343.05,,7459.0,661.0,Marta Sánchez,activa
CMP-0073,21/02/2025,Distribuciones Marín,Extremadura,Tecnología,SEO,fidelizacion,9322.46,39880.99,231499.0,9173.0,712.0,Javier Torres,Activa
CMP-0808,14/10/2025,TecnoWave,Aragón,Moda,GAds,Fidelización,18139.35,,481864.0,29515.0,5688.0,,Activa
CMP-0259,2025-03-03,Grupo Peralta,Castilla-La Mancha,Salud,Email Marketing,Awareness,"24.900,66 €",109813.63,145139.0,9563.0,1531.0,Carlos Ruiz,finalizada
CMP-0625,19/04/2024,Muebles Castillo,Navarra,,Influencers,FIDELIZACION,16019.5,41043.21,96264.0,1879.0,67.0,,Finalizada
CMP-0235,16/06/2024,Óptica Visión Plus,MADRID,Automoción,SEM,Lead Generation,12144.96,15229.04,47452.0,1809.0,176.0,Pablo Navarro,Activa
CMP-0136,28/04/2025,Grupo Peralta,Castilla-La Mancha,Educación,Influencers,Lead Generation,"19.084,54",,257117.0,4027.0,651.0,Laura Gómez,Activa
CMP-0617,16/09/2024,Colchones Descanso,n/a,Finanzas,SEM,Conversión,9195.56,14005.91,495843.0,29099.0,4255.0,Marta Sánchez,Pausada
CMP-0517,28/07/2024,Urbana Inmobiliaria,La Rioja,Salud,GOOGLE ADS,Branding,16772.23,41786.46,126603.0,6120.0,1032.0,david lópez,Cancelada
CMP-0882,24/01/2023,Farmacia Central,Aragón,Alimentación,tv,Fidelización,"10.846,84 €",15355.96,268778.0,7641.0,195.0,elena castro,Terminada
CMP-0803,21/11/2023,Clínica Dental Sonrisa,Extremadura,Hostelería,Email Marketing,Awareness,13138.74,"39.544,74 €",350189.0,20938.0,2257.0,Sara Molina,Pausada
CMP-0810,2023-10-02,Solaris Energía,Canarias,Inmobiliario,Google Ads,Fidelización,22080.58,69697.51,205895.0,6710.0,1342.0,Ana Fernández,Cancelada
CMP-0593,2025-01-04,Panadería Trigo Dorado,País Vasco,Moda,Radio,Awareness,14181.48,€43464.54,473027.0,3566.0,635.0,Marta Sánchez,Cancelada
CMP-1068,2025-03-30,Yogures La Pradera,Castilla-La Mancha,Alimentación,Marketing de Contenidos,Lead Generation,"9.921,22 €",20406.79,424774.0,14466.0,1363.0,Elena Castro,Pausada
CMP-0502,20/07/2025,Yogures La Pradera,MURCIA,Alimentación,Influencers,Lead Generation,14614.59,"6.387,59 €",152493.0,10503.0,639.0,Miguel Álvarez,Pausada
CMP-0539,05/02/2025,Modaline,Madrid,Automoción,Google Ads,Lead Generation,1735.78,2346.83,20117.0,,37.0,Elena Castro,Cancelada
CMP-1065,14/09/2023,Rural Gourmet,IB,Moda,Influencers,Conversión,"14.281,40",63678.79,329305.0,12197.0,1148.0,Miguel Álvarez,Pausada
CMP-0729,23/03/2023,Wellness Center,comunidad valenciana,Educación,TV,Fidelización,1857.11,6719.01,97760.0,4756.0,179.0,Diego Romero,finalizada
CMP-0582,05/12/2025,AutoMotion,Aragón,Inmobiliario,Marketing de Contenidos,FIDELIZACION,"18.320,32 €",27039.68,138355.0,6540.0,264.0,pablo navarro,Finalizada
CMP-0344,20/04/2025,Viñedos del Valle,Andalucía,Finanzas,SEO,Lead Generation,3864.04,,359798.0,22456.0,4773.0,Marta Sánchez,Cancelada
CMP-0854,21/02/2024,Lácteos del Sur,Asturias,Turismo,Televisión,Lead Generation,16402.33,"53.313,72 €",128699.0,8262.0,1779.0,David López,Finalizada
CMP-0861,02/07/2023,Sabores del Mediterráneo,Asturias,Moda,google ads,BRANDING,11770.51,36168.04,28551.0,389.0,75.0,Javier Torres,Cancelada
CMP-0294,04/01/2024,  GRUPO PERALTA S.L.U.  ,Región de Murcia,Automoción,SEO,Awareness,18410.97,51047.03,102697.0,4518.0,780.0,DIEGO ROMERO,Finalizada
CMP-0365,17/06/2023,AutoMotion SL,Cataluña,Alimentación,TV,Awareness,11723.48,38984.11,426654.0,,728.0,Lucía Herrera,Pausada
CMP-0869,02/12/2024,Panadería Trigo Dorado,Cantabria,Alimentación,SEO,fidelizacion,11304.48,10424.48,16481.0,1155.0,41.0,miguel álvarez,Activa
CMP-0660,29/01/2024,Grupo Peralta,Asturias,Finanzas,Marketing de Contenidos,Lead Generation,24121.84,94114.53,253874.0,17224.0,1885.0,Javier Torres,Pausada
CMP-0015,15/11/2023,AutoMotion,Aragón,Salud,SEM,Fidelización,23485.46,20291.97,,4376.0,823.0,ANA FERNÁNDEZ,Finalizada
CMP-0687,05-07-2025,Dulcería Real,Islas Baleares,Alimentación,Influencers,BRANDING,17265.41,64493.16,488581.0,18600.0,2739.0,Marta Sánchez,Finalizada
CMP-0087,26/06/2024,,,Inmobiliario,REDES SOCIALES,Awareness,1221.62,4798.38,43084.0,362.0,59.0,David López,Pausada
CMP-0371,10.03.2025,Electro Ríos,Islas Baleares,Hostelería,Email Marketing,FIDELIZACION,21365.65,70588.61,246111.0,3651.0,293.0,Marta Sánchez,Cancelada
CMP-0166,10/04/2024,AutoMotion,Navarra,Moda,Prensa,Lead Generation,2325.54,4055.56,284375.0,10251.0,1963.0,ANA FERNÁNDEZ,Activa
CMP-0132,19/09/2025,Constructora Levante,Asturias,Construcción,Prensa,Lead Generation,8001.58,17557.1,28607.0,2000.0,476.0,Miguel Álvarez,Activa
CMP-0336,17/07/2023,Verde Natural,Navarra,Hostelería,Radio,Lead Generation,24307.4,46355.63,356598.0,10527.0,870.0,Pablo Navarro,Activa
CMP-0060,04-04-2024,Electro Ríos,BALEARES,Inmobiliario,SEO,Lead Generation,"7.948,73 €",,266530.0,5585.0,,Álvaro Gil,Activa
CMP-0710,05/02/2025,EcoHogar,País Vasco,Deporte,SEO,Fidelización,3975.95,1315.52,329584.0,20044.0,1554.0,Carlos Ruiz,Cancelada
CMP-0677,26/12/2023,Lácteos del Sur,Galicia,Agricultura,redes sociales,Awareness,1285.2,462.27,80564.0,,586.0,Cristina Ortega,Cancelada
CMP-0355,10/03/2024,Nutrisana,Extremadura,Educación,Marketing de Contenidos,Awareness,455.94,391.86,169973.0,13271.0,1398.0,Laura Gómez,Pausada
CMP-0982,23/11/2023,TransLogic,Valencia,Inmobiliario,SEO,Branding,9892.92,10495.7,394558.0,11938.0,2618.0,Carlos Ruiz,finalizada
CMP-0425,09/10/2024,Bahía Sports,,Belleza,SEO,Branding,5963.72,4441.29,170037.0,3064.0,326.0,LAURA GÓMEZ,Pausada
CMP-0293,26/03/2023,Solaris Energía,Islas Baleares,Moda,Marketing de Contenidos,Awareness,7362.05,26861.9,200780.0,11220.0,2702.0,Carlos Ruiz,Cancelada
CMP-0042,2025-09-15,Byte Studio,Cantabria,Construcción,Email Marketing,Lead Generation,12559.71,41569.3,267295.0,15477.0,1698.0,Miguel Álvarez,Pausada
CMP-0330,14/02/2024,Solaris Energía,Islas Baleares,Deporte,SEM,Fidelización,"18.912,85 €",67820.67,,24209.0,3656.0,Diego Romero,Activa
CMP-0615,01/08/2023,Restaurante El Fogón,Castilla-La Mancha,Hostelería,Marketing de Contenidos,Branding,17972.29,44006.06,,12962.0,2579.0,Marta Sánchez,FINALIZADA
CMP-0430,24/05/2024,,,Finanzas,SEO,Awareness,"18.179,73 €",,378864.0,7507.0,839.0,Javier Torres,Cancelada
CMP-0080,30.06.2024,,Extremadura,Alimentación,TV,Conversión,24348.34,58047.75,,8507.0,1712.0,Carlos Ruiz,Cancelada
CMP-0694,05/06/2023,Byte Studio,Aragón,Hostelería,SEO,Conversión,21978.78,"59.712,46 €",99771.0,5736.0,1024.0,Ana Fernández,Pausada
CMP-0029,2023-12-02,Panadería Trigo Dorado,Madrid,Inmobiliario,Televisión,Conversión,4361.17,12431.25,392628.0,23116.0,4546.0,Cristina Ortega,Pausada
CMP-0708,06/04/2024,Hotel Costa Azul,Cataluña,Salud,SEO,Conversión,"5.839,42",3137.87,358862.0,16804.0,379.0,Javier Torres,Cancelada
CMP-0916,03/02/2025,,Andalucía,Retail,Influencers,Fidelización,6161.19,5374.09,220535.0,2301.0,542.0,Carlos Ruiz,Finalizada
CMP-0910,17.07.2025,Farmacia Central,Cantabria,Agricultura,Televisión,Conversión,2001.67,€858.05,421425.0,20798.0,1109.0,Marta Sánchez,Pausada
CMP-0255,2023-04-02,Clínica Dental Sonrisa,Galicia,Finanzas,Influencers,Conversión,24693.77,"71.318,77 €",421396.0,16082.0,723.0,Carlos Ruiz,Finalizada
CMP-0161,09/06/2023,Farmacia Central,Aragón,Tecnología,Google Ads,Awareness,5678.2,15190.95,491594.0,20752.0,1856.0,David López,Activa
CMP-0459,13/04/2024,Yogures La Pradera,Andalucía,Turismo,TV,Branding,7313.13,31453.69,273441.0,20679.0,4581.0,carlos ruiz,Pausada
CMP-0384,26/09/2024,Solaris Energía,Aragón,Hostelería,Televisión,Fidelización,3233.73,5705.35,456854.0,3815.0,478.0,Pablo Navarro,Pausada
CMP-0314,10/05/2023,Fintech Nova,Canarias,Belleza,Marketing de Contenidos,Awareness,8147.5,€33171.07,264513.0,14817.0,1133.0,Lucía Herrera,Finalizada
CMP-0085,2025-04-18,Nutrisana,Comunidad Valenciana,Finanzas,GOOGLE ADS,Conversión,"1.830,55 €",3610.34,376379.0,22174.0,3019.0,Cristina Ortega,Finalizada
CMP-0575,28/12/2025,Quimera Cosmética,Asturias,Retail,Radio,Lead Generation,"7.422,72",,213534.0,10052.0,1266.0,Miguel Álvarez,Activa
CMP-0763,16/05/2023,EcoHogar,Castilla-La Mancha,N/A,Email Marketing,Lead Generation,22410.62,"68.486,03",191450.0,3204.0,179.0,Lucía Herrera,Finalizada
CMP-0137,2024-03-22,Viñedos del Valle,La Rioja,-,Influencers,Awareness,15944.05,51477.18,446200.0,4350.0,,Diego Romero,ACTIVA
CMP-0112,12/11/2024,Distribuciones Marín,MADRID,,Google Ads,Lead Generation,€20155.34,55786.99,352533.0,16538.0,2068.0,Miguel Álvarez,Pausada
CMP-0195,10/09/2025,Constructora Levante,Extremadura,Finanzas,Prensa,Awareness,"12.696,56 €",40833.54,169520.0,9879.0,1902.0,laura gómez,Finalizada
CMP-0853,20/12/2023,Colchones Descanso,Galicia,Educación,TV,Branding,16453.82,71735.45,439780.0,32744.0,2887.0,DIEGO ROMERO,finalizada
CMP-0179,29/12/2023,Byte Studio,,Retail,Radio,Awareness,8046.31,26599.55,408889.0,4522.0,406.0,Diego Romero,activa
CMP-0556,16/03/2024,Yogures La Pradera,Cataluña,Finanzas,Email Marketing,Lead Generation,17951.05,61331.24,411262.0,19992.0,1850.0,Carlos Ruiz,Cancelada
CMP-0724,12/07/2023,Nutrisana,Aragón,Salud,Marketing de Contenidos,Lead Generation,11976.82,30944.35,43997.0,1029.0,215.0,Lucía Herrera,Cancelada
CMP-1010,04/12/2024,Bahía Sports,Región de Murcia,Turismo,Marketing de Contenidos,fidelizacion,10391.65,13702.78,440322.0,17337.0,4100.0,Marta Sánchez,Cancelada
CMP-0497,02-09-2024,Innovatech Solutions,Extremadura,Construcción,SEO,Awareness,6451.37,6707.13,74811.0,762.0,81.0,Paula Serrano,Pausada
CMP-0875,23/12/2023,Joyería Alba,Extremadura,Tecnología,SEO,Fidelización,23823.15,55676.84,299877.0,7485.0,493.0,Paula Serrano,activa
CMP-0806,18/03/2024,TecnoWave,baleares,,Marketing de Contenidos,Awareness,"7.384,47 €",22036.3,447699.0,12022.0,710.0,Miguel Álvarez,ACTIVA
CMP-0130,29/09/2025,Agrocampo,Asturias,Inmobiliario,TV,Awareness,4836.6,,240388.0,3256.0,556.0,Marta Sánchez,Pausada
CMP-0716,29/07/2024,Sabores del Mediterráneo,La Rioja,Salud,SEM,Branding,"4.540,57",1615.22,471000.0,3910.0,98.0,miguel álvarez,Activa
CMP-0338,20/08/2025,Xtreme Bikes,País Vasco,Construcción,Social Media,Fidelización,19147.48,51491.25,257691.0,14045.0,2450.0,ana fernández,activa
CMP-0558,16/04/2024,Panadería Trigo Dorado,Extremadura,Salud,Marketing de Contenidos,Conversión,€2176.31,5775.75,,2986.0,498.0,Paula Serrano,Finalizada
CMP-0609,02-10-2025,Colchones Descanso,Comunidad Valenciana,Alimentación,TV,Fidelización,10901.96,"48.867,69",12772.0,783.0,61.0,Sara Molina,FINALIZADA
CMP-0125,25-02-2023,Restaurante El Fogón,Galicia,Belleza,SEM,Branding,9252.39,38995.88,105252.0,5201.0,733.0,Pablo Navarro,Pausada
CMP-0196,08/05/2023,Distribuciones Marín,Canarias,Salud,Prensa,branding,6821.06,,150769.0,8481.0,382.0,Miguel Álvarez,Cancelada
CMP-0227,10/01/2025,Lácteos del Sur,Castilla-La Mancha,Tecnología,Prensa,Awareness,17292.42,6046.19,110994.0,3713.0,126.0,Diego Romero,Cancelada
CMP-0690,07/02/2025,Distribuciones Marín,Navarra,Deporte,tv,Conversión,€22632.46,42912.75,19365.0,1106.0,82.0,Elena Castro,Activa
CMP-0269,15/12/2024,Farmacia Central,Cataluña,Finanzas,Marketing de Contenidos,Fidelización,15790.16,59126.41,109361.0,948.0,43.0,Marta Sánchez,Finalizada
CMP-0153,14/10/2023,Urbana Inmobiliaria,Cataluña,Deporte,SEO,Conversión,13987.65,36514.87,50163.0,1989.0,403.0,Cristina Ortega,Pausada
CMP-0585,09/12/2024,TransLogic,Galicia,Inmobiliario,Prensa,Conversión,,,454605.0,14741.0,1796.0,Miguel Álvarez,Pausada
CMP-0104,23/03/2024,Sabores del Mediterráneo,Andalucía,Construcción,Radio,Fidelización,17608.13,72787.55,397569.0,18015.0,,Laura Gómez,Finalizada
CMP-0594,09/06/2025,AGROCAMPO,La Rioja,Finanzas,TV,fidelizacion,4816.79,"1.885,05",424765.0,21767.0,3318.0,Sara Molina,Finalizada
CMP-1110,15/10/2024,Rural Gourmet SL,Baleares,Construcción,Email Marketing,Awareness,16529.86,,190508.0,5312.0,329.0,Cristina Ortega,Pausada
CMP-0787,08/05/2024,Farmacia Central,La Rioja,Salud,TV,Branding,5067.46,"6.732,19 €",24514.0,1699.0,162.0,david lópez,Cancelada
CMP-0987,24.03.2023,,Aragón,Moda,TV,Awareness,8619.06,€34159.76,34101.0,630.0,54.0,,Cancelada
CMP-0885,06.03.2023,Kapital Seguros,Canarias,,Redes Sociales,Lead Generation,12490.68,17501.53,323608.0,3981.0,343.0,Lucía Herrera,Activa
CMP-0777,10/05/2025,Bebidas Norte,Aragón,Turismo,Redes Sociales,fidelizacion,16515.91,"11.921,68 €",,13029.0,257.0,,finalizada
CMP-0923,14/07/2023,AutoMotion,VALENCIA,Educación,Radio,Lead Generation,23785.84,106714.74,243087.0,15416.0,3637.0,Marta Sánchez,Pausada
CMP-0850,09/07/2023,,Andalucía,Construcción,SEO,Lead Generation,5164.49,4655.75,441513.0,23570.0,3782.0,Miguel Álvarez,Finalizada
CMP-0895,13/04/2024,Modaline,La Rioja,Automoción,SEO,Lead Generation,3852.41,2950.22,86810.0,782.0,107.0,Sara Molina,Cancelada
CMP-0228,04/01/2024,EcoHogar,Castilla y León,Deporte,Google Ads,Conversión,10593.5,"36.645,27 €",191906.0,13255.0,1022.0,David López,Finalizada
CMP-1132,03/09/2024,TecnoWave,Cataluña,Salud,Redes Sociales,FIDELIZACION,"3.038,05 €","1.605,54",314588.0,24632.0,2683.0,Carlos Ruiz,Finalizada
CMP-0302,06/08/2023,Kapital Seguros,Castilla y León,Alimentación,SEO,Lead Generation,20554.33,"14.565,36 €",320958.0,5713.0,867.0,Miguel Álvarez,finalizada
CMP-0855,27/08/2023,Colchones Descanso,Cantabria,Inmobiliario,Marketing de Contenidos,Lead Generation,8449.08,33245.6,303333.0,19961.0,3912.0,pablo navarro,Finalizada
CMP-0276,21/10/2025,TecnoWave,,Agricultura,Radio,fidelizacion,19489.2,"80.609,01 €",233165.0,10014.0,2020.0,Álvaro Gil,Finalizada
CMP-0127,29-03-2025,Óptica Visión Plus,Extremadura,Alimentación,redes sociales,Fidelización,4325.19,12427.34,295789.0,23299.0,4021.0,David López,Finalizada
CMP-0406,2024-06-20,Constructora Levante,Comunidad Valenciana,Automoción,SEO,Awareness,8627.47,22680.94,94107.0,1853.0,96.0,Javier Torres,Cancelada
CMP-0776,19/04/2024,Muebles Castillo,Canarias,Deporte,Prensa,Fidelización,8094.13,6634.38,302705.0,6333.0,1279.0,Paula Serrano,Pausada
CMP-0822,30/06/2024,,VALENCIA,Deporte,Prensa,Awareness,14373.37,63501.42,393937.0,5520.0,1172.0,Laura Gómez,Terminada
CMP-0712,31/05/2024,Panadería Trigo Dorado,MADRID,Deporte,Email Marketing,Awareness,11701.74,€35349.63,120986.0,5748.0,1277.0,Sara Molina,Cancelada
CMP-0766,22/03/2023,Zapatería Confort,Canarias,Construcción,Radio,Branding,24842.05,71355.01,321481.0,6349.0,1236.0,LUCÍA HERRERA,Cancelada
CMP-0684,25/09/2023,Colchones Descanso,La Rioja,Automoción,Marketing de Contenidos,Fidelización,,22152.5,216134.0,6210.0,428.0,carlos ruiz,Activa
CMP-0750,13/08/2025,GRUPO PERALTA S.L.,Comunidad Valenciana,Agricultura,Google Ads,Awareness,3729.42,15223.92,474280.0,17987.0,2281.0,cristina ortega,Pausada
CMP-1135,25/06/2024,Viñedos del Valle,Galicia,Automoción,Marketing de Contenidos,Lead Generation,,5601.47,92371.0,7349.0,,Ana Fernández,Cancelada
CMP-0037,13/08/2024,Clínica Dental Sonrisa,Cantabria,Alimentación,SEO,Awareness,266.36,583.89,311828.0,12549.0,223.0,Cristina Ortega,Activa
CMP-0140,20/10/2023,Kapital Seguros,Madrid,Tecnología,Radio,Awareness,,12777.6,395371.0,27908.0,4576.0,Marta Sánchez,Cancelada
CMP-0304,04/08/2024,Nutrisana,La Rioja,Educación,Email Marketing,Conversión,357.47,376.61,47235.0,2739.0,417.0,Pablo Navarro,Activa
CMP-0268,12/01/2023,Solaris Energía,La Rioja,Salud,SEO,Fidelización,15639.5,,240960.0,10197.0,1322.0,Diego Romero,Pausada
CMP-0835,05/11/2025,Farmacia Central,Cataluña,Educación,Radio,Branding,12902.7,,339856.0,3840.0,357.0,Pablo Navarro,Terminada
CMP-0534,2025-09-17,Verde Natural,,Deporte,Marketing de Contenidos,Lead Generation,"20.851,62 €",45123.46,29678.0,2209.0,181.0,sara molina,Finalizada
CMP-0546,27/04/2023,AGROCAMPO S.L,Castilla y León,Turismo,Email Marketing,FIDELIZACION,14287.61,63750.5,8311.0,585.0,40.0,Ana Fernández,Pausada
CMP-0213,21/04/2025,Bahía Sports,Cataluña,Tecnología,Marketing de Contenidos,FIDELIZACION,12141.61,"28.059,52 €",110969.0,,904.0,MARTA SÁNCHEZ,Finalizada
CMP-0897,2024-02-08,Hotel Costa Azul,MU,Tecnología,Radio,Awareness,7776.48,14333.56,342444.0,13712.0,2571.0,Miguel Álvarez,activa
CMP-0469,31-05-2024,Lácteos del Sur,Aragón,Turismo,Google Ads,Fidelización,5457.04,12456.48,476806.0,24073.0,2730.0,Lucía Herrera,Pausada
CMP-0199,08/09/2024,Byte Studio,BALEARES,Construcción,SEO,Conversión,1190.53,5000.51,,2762.0,645.0,Marta Sánchez,Activa
CMP-1038,08-11-2025,EcoHogar,Castilla-La Mancha,,SEM,Lead Generation,405.16,364.39,220542.0,4551.0,192.0,David López,Activa
CMP-0868,19/11/2025,Viñedos del Valle,Galicia,Retail,TV,branding,,8383.26,291449.0,2755.0,105.0,marta sánchez,Activa
CMP-0673,08-11-2024,EcoHogar,Castilla y León,Automoción,TV,FIDELIZACION,22527.95,€17765.32,152775.0,818.0,55.0,Cristina Ortega,Pausada
CMP-0917,31/03/2023,  AutoMotion  ,Comunidad Valenciana,,Google Ads,Fidelización,24530.16,75041.11,165642.0,3138.0,92.0,Paula Serrano,Activa
CMP-0528,10/09/2023,Xtreme Bikes,Canarias,,TV,branding,"7.348,85 €",26890.16,8674.0,338.0,21.0,Elena Castro,Finalizada
CMP-0676,07/09/2025,Nutrisana,Castilla y León,Retail,Televisión,BRANDING,13957.8,33379.55,,2945.0,,,Finalizada
CMP-1064,23/05/2025,Bahía Sports,Cataluña,Alimentación,Email Marketing,Fidelización,22107.56,12280.65,315919.0,5676.0,132.0,Miguel Álvarez,Finalizada
CMP-0815,18/12/2025,Distribuciones Marín,Cataluña,Salud,SEO,Awareness,8696.71,11281.27,452873.0,24922.0,3540.0,Carlos Ruiz,Activa
CMP-0242,12-12-2024,Byte Studio,Galicia,Retail,TV,Awareness,"17.592,94 €",63759.6,66469.0,2764.0,237.0,Pablo Navarro,Cancelada
CMP-0343,19/10/2025,Bebidas Norte,Cantabria,Turismo,Prensa,Fidelización,€4678.90,€1769.25,369248.0,16142.0,884.0,Miguel Álvarez,Pausada
CMP-0550,25/05/2025,Dulcería Real,Cataluña,Hostelería,Google Ads,Awareness,"5.570,29 €",€2310.83,381021.0,25601.0,2923.0,Pablo Navarro,Pausada
CMP-0387,17/02/2023,Nutrisana,País Vasco,Moda,Redes Sociales,Awareness,20211.64,57578.72,211157.0,10381.0,1328.0,Carlos Ruiz,Finalizada
CMP-1114,16.08.2023,Zapatería Confort,Extremadura,Deporte,Social Media,Conversión,3760.44,8801.63,20041.0,,44.0,Elena Castro,Activa
CMP-0207,2024-10-09,Muebles Castillo,MADRID,Educación,tv,Conversión,15485.29,24526.18,306773.0,,736.0,Pablo Navarro,Pausada
CMP-0296,12-11-2024,,Castilla-La Mancha,Tecnología,Radio,Branding,6581.95,23557.27,145878.0,9231.0,940.0,Pablo Navarro,Cancelada
CMP-0696,03/01/2025,Electro Ríos,La Rioja,Automoción,Radio,Awareness,17019.25,9814.85,138092.0,8221.0,711.0,Miguel Álvarez,Activa
CMP-1049,2023-08-18,Hotel Costa Azul,País Vasco,Construcción,Google Ads,Lead Generation,8042.09,33556.48,406023.0,10536.0,1135.0,Laura Gómez,Finalizada
CMP-0074,30-03-2024,Innovatech Solutions,Comunidad de Madrid,Construcción,Influencers,Conversión,11343.12,27859.63,436207.0,16493.0,3911.0,DAVID LÓPEZ,Pausada
CMP-0606,23/09/2023,Constructora Levante,Cantabria,Inmobiliario,Influencers,Branding,17019.56,24597.58,213981.0,4394.0,868.0,Diego Romero,Cancelada
CMP-0105,28/09/2025,Byte Studio,Navarra,Belleza,REDES SOCIALES,Lead Generation,4280.52,16646.26,232151.0,3184.0,188.0,Pablo Navarro,Activa
CMP-0964,29/05/2024,Quimera Cosmética,País Vasco,,GAds,Awareness,1768.79,5957.44,415082.0,16898.0,1635.0,Paula Serrano,Pausada
CMP-0994,07/11/2023,Bahía Sports,Aragón,Hostelería,Marketing de Contenidos,Lead Generation,1969.13,8233.04,487530.0,30541.0,1906.0,Cristina Ortega,Cancelada
CMP-0091,14/08/2024,Restaurante El Fogón,Navarra,,Prensa,Awareness,"9.275,25 €",18387.65,299491.0,14116.0,1369.0,Diego Romero,Cancelada
CMP-0017,12.04.2025,EcoHogar,Comunidad Valenciana,Salud,Email Marketing,Conversión,"17.115,25 €",53076.45,185929.0,11808.0,2623.0,Miguel Álvarez,Cancelada
CMP-0440,31/08/2025,Zapatería Confort,Galicia,Retail,Influencers,Branding,"7.130,79 €","23.081,74",427821.0,10113.0,1197.0,Miguel Álvarez,Cancelada
CMP-0092,08/11/2025,Panadería Trigo Dorado,Cataluña,Retail,RRSS,Lead Generation,19913.45,34333.94,492779.0,15976.0,712.0,Paula Serrano,Pausada
CMP-0089,06/05/2025,Urbana Inmobiliaria,,Deporte,Influencers,Fidelización,6348.39,4485.83,152654.0,11587.0,2519.0,Elena Castro,Cancelada
CMP-1048,18/12/2023,EcoHogar, Murcia,,Marketing de Contenidos,Branding,15460.33,10448.03,395097.0,25049.0,4184.0,Sara Molina,Activa
CMP-0909,23/11/2023,Joyería Alba,Cantabria,Hostelería,Redes Sociales,FIDELIZACION,13938.24,26305.18,380931.0,18117.0,2884.0,Carlos Ruiz,Cancelada
CMP-0451,13/07/2023,Yogures La Pradera,País Vasco,Moda,Radio,Lead Generation,5778.39,15975.93,300723.0,12318.0,2174.0,JAVIER TORRES,Finalizada
CMP-0718,30-10-2023,Sabores del Mediterráneo,,Automoción,tv,Conversión,4514.28,8972.01,245596.0,,3755.0,Pablo Navarro,Finalizada
CMP-0103,28/09/2024,Viñedos del Valle,Canarias,Automoción,Marketing de Contenidos,Conversión,7808.8,,263965.0,19594.0,4370.0,Marta Sánchez,Pausada
CMP-0239,26/01/2023,Modaline,Castilla y León,Moda,Radio,Conversión,13671.16,,470104.0,32021.0,6600.0,pablo navarro,FINALIZADA
CMP-1009,16/10/2025,Verde Natural,Islas Baleares,Deporte,Marketing de Contenidos,Awareness,14148.41,37120.23,312602.0,12284.0,2145.0,Elena Castro,Pausada
CMP-0943,10/11/2023,Viñedos del Valle,Navarra,Hostelería,TV,Awareness,23860.36,95046.66,21775.0,734.0,130.0,Lucía Herrera,Cancelada
CMP-0247,02/01/2024,Agrocampo,Región de Murcia,Inmobiliario,Influencers,Lead Generation,9756.21,10840.14,344892.0,8159.0,1306.0,,Cancelada
CMP-0939,17/06/2025,Ferretería Ibérica,Comunidad Valenciana,Alimentación,SEO,Awareness,7069.56,23332.77,78759.0,1687.0,69.0,Lucía Herrera,Cancelada
CMP-0998,04/10/2024,Yogures La Pradera,Asturias,Finanzas,tv,Awareness,22906.04,54765.54,335143.0,14857.0,1020.0,Sara Molina,finalizada
CMP-0158,05/10/2025,Óptica Visión Plus,País Vasco,Belleza,redes sociales,FIDELIZACION,23699.46,,295731.0,22513.0,4745.0,Diego Romero,Finalizada
CMP-0480,2025-01-08,Fintech Nova,CV,Automoción,Marketing de Contenidos,Conversión,2723.06,11748.82,187832.0,2013.0,181.0,Cristina Ortega,Pausada
CMP-0839,05/07/2024,Constructora Levante,Castilla y León,Deporte,SEO,Fidelización,€16029.87,€47489.87,70281.0,3954.0,741.0,Javier Torres,Pausada
CMP-0646,12/06/2025,Bahía Sports,Andalucía,Deporte,Prensa,Conversión,3182.89,€10482.28,66717.0,4703.0,393.0,Elena Castro,Finalizada
CMP-0006,24/08/2024,Bahía Sports,Cantabria,,SEM,Fidelización,17106.42,43711.61,140393.0,8794.0,805.0,Cristina Ortega,finalizada
CMP-1088,12/07/2025,Hotel Costa Azul,Navarra,Deporte,SEM,branding,19310.33,37782.48,,9766.0,443.0,Cristina Ortega,Finalizada
CMP-0872,29/04/2025,,Región de Murcia,Belleza,Radio,Branding,17547.04,40270.71,17321.0,161.0,11.0,Ana Fernández,Activa
CMP-0966,13/10/2025,Clínica Dental Sonrisa,Andalucía,Tecnología,SEM,Branding,10978.0,10592.04,8316.0,85.0,18.0,Sara Molina,Cancelada
CMP-0019,25-08-2023,Óptica Visión Plus,País Vasco,Inmobiliario,SEM,branding,16108.75,31873.57,442821.0,20022.0,4713.0,Sara Molina,Cancelada
CMP-0986,11/10/2025,AGROCAMPO,País Vasco,Agricultura,SEM,BRANDING,11671.73,41551.23,53762.0,3622.0,450.0,Paula Serrano,Cancelada
CMP-0122,2024-10-26,Bebidas Norte,Canarias,Moda,TV,Fidelización,"13.957,55",28107.51,14268.0,167.0,23.0,Marta Sánchez,Pausada
CMP-0947,2023-03-13,Ferretería Ibérica,Andalucía,Alimentación,Influencers,Fidelización,9243.83,11929.82,129224.0,3173.0,185.0,Javier Torres,Cancelada
CMP-0662,15/06/2025,Bebidas Norte,Extremadura,Alimentación,Email Marketing,Branding,20562.72,25511.1,141603.0,6806.0,154.0,Javier Torres,Activa
CMP-0985,03/02/2023,Viñedos del Valle,País Vasco,,Email Marketing,Awareness,1888.91,8279.59,305387.0,20067.0,4039.0,Pablo Navarro,Pausada
CMP-0275,06/03/2023,Constructora Levante,Andalucía,Belleza,SEO,Awareness,14960.76,"58.815,14",394523.0,11094.0,2394.0,David López,Pausada
CMP-0434,27/02/2023,TransLogic,C. Valenciana,Finanzas,Email Marketing,Awareness,18444.47,24307.64,18591.0,1377.0,133.0,cristina ortega,Activa
CMP-0812,13/02/2023,Rural Gourmet S.L.U.,Cataluña,Construcción,google ads,Lead Generation,13088.07,26312.8,392219.0,3221.0,315.0,Laura Gómez,Activa
CMP-1140,23/12/2023,,Cataluña,Turismo,Email Marketing,Fidelización,14715.62,"12.409,10",305361.0,8635.0,1778.0,diego romero,Cancelada
CMP-0312,12/11/2024,Panadería Trigo Dorado,Canarias,Moda,SEM,Fidelización,,51271.55,1214.0,84.0,2.0,Carlos Ruiz,Activa
CMP-1124,11/01/2024,Wellness Center,La Rioja,Agricultura,Marketing de Contenidos,Awareness,17580.91,70819.23,63541.0,2929.0,124.0,Lucía Herrera,Cancelada
CMP-1136,20/10/2023,Solaris Energía,baleares,Retail,Marketing de Contenidos,Branding,2214.33,766.15,391817.0,10634.0,1795.0,Javier Torres,Pausada
CMP-0781,26/04/2025,Bahía Sports,Galicia,Belleza,Email Marketing,Conversión,14449.45,43894.29,376538.0,5010.0,887.0,Álvaro Gil,Cancelada
CMP-0547,15/05/2024,  Fintech Nova  ,Extremadura,Educación,Marketing de Contenidos,Lead Generation,11199.84,17599.65,192878.0,12250.0,982.0,Marta Sánchez,Pausada
CMP-0182,07/06/2024,Dulcería Real,Cataluña,Inmobiliario,Redes Sociales,Branding,12714.91,10391.65,373326.0,20081.0,380.0,Elena Castro,Finalizada
CMP-0185,24-12-2023,  Fintech Nova S.L.  ,Cataluña,Retail,Email Marketing,Conversión,11527.43,"50.773,97 €",138977.0,5534.0,187.0,Diego Romero,Pausada
CMP-0407,13/02/2025,Modaline,Aragón,,TV,Conversión,€3138.63,12577.86,69074.0,4463.0,249.0,Diego Romero,Finalizada
CMP-0720,16/11/2024,Hotel Costa Azul,Aragón,Educación,Influencers,Fidelización,23375.73,"72.265,49 €",86851.0,5252.0,914.0,David López,ACTIVA
CMP-1077,23/05/2025,Electro Ríos,Navarra,Alimentación,Marketing de Contenidos,Lead Generation,"19.059,23",62957.35,245839.0,3293.0,361.0,Paula Serrano,Cancelada
CMP-0607,26/01/2023,Dulcería Real,Aragón,Automoción,Radio,Conversión,10634.97,29777.59,284379.0,9719.0,,David López,Cancelada
CMP-0693,01.09.2025,Fintech Nova,País Vasco,Belleza,SEM,Fidelización,5413.43,17925.56,203347.0,5903.0,808.0,LAURA GÓMEZ,Pausada
CMP-0521,13/04/2023,Constructora Levante,Murcia,Agricultura,Redes Sociales,Conversión,14932.42,37691.87,259297.0,11382.0,412.0,David López,Cancelada
CMP-0866,23/12/2025,TransLogic,murcia,Deporte,Email Marketing,BRANDING,"21.576,71 €",8501.17,,1771.0,383.0,Laura Gómez,Cancelada
CMP-0381,20-05-2025,Viñedos del Valle,Galicia,Belleza,GAds,Fidelización,2630.1,"8.650,11 €",434839.0,15612.0,501.0,Diego Romero,Cancelada
CMP-0993,16/12/2023,Sabores del Mediterráneo,Islas Baleares,Retail,tv,Awareness,,6442.98,483517.0,20477.0,1772.0,Diego Romero,FINALIZADA
CMP-0411,18/06/2023,Quimera Cosmética,Navarra,Construcción,Prensa,Branding,€813.01,1752.11,139763.0,7463.0,717.0,Carlos Ruiz,Pausada
CMP-0635,09/11/2023,agrocampo S.A.,Cataluña,Hostelería,Email Marketing,Fidelización,11552.28,,404163.0,26923.0,6248.0,David López,FINALIZADA
CMP-0370,28/08/2023,Colchones Descanso,IB,Retail,Email Marketing,Awareness,8033.08,4552.7,468624.0,25128.0,5613.0,Pablo Navarro,Pausada
CMP-1082,01/02/2023,Kapital Seguros,Castilla y León,Retail,Email Marketing,Branding,22839.29,77701.07,315432.0,20724.0,578.0,Lucía Herrera,Cancelada
CMP-1096,24/07/2024,Innovatech Solutions,Extremadura,Salud,Prensa,Branding,"9.543,03",11836.05,59813.0,4170.0,482.0,Sara Molina,activa
CMP-0428,04/11/2024,EcoHogar,Aragón,Finanzas,Redes Sociales,Lead Generation,16122.56,20957.21,380770.0,18983.0,4499.0,Laura Gómez,Pausada
CMP-0877,2023-10-28,Farmacia Central,Cantabria,Retail,Prensa,Fidelización,"14.374,75",€40263.54,464469.0,36915.0,,ELENA CASTRO,Activa
CMP-0079,27/01/2024,Yogures La Pradera,Cataluña,Deporte,Influencers,Awareness,10075.96,37529.98,248697.0,5968.0,1138.0,Paula Serrano,Cancelada
CMP-0863,21/09/2023,Solaris Energía,Galicia,Educación,Influencers,Awareness,14495.45,"24.234,72 €",71087.0,1155.0,91.0,Carlos Ruiz,Activa
CMP-0574,31/01/2023,Nutrisana,CV,Hostelería,Televisión,Awareness,2097.87,5074.62,369330.0,22964.0,2518.0,MIGUEL ÁLVAREZ,Terminada
CMP-0159,2025-12-13,Lácteos del Sur,,Finanzas,TV,Awareness,1676.99,1543.49,369963.0,27300.0,5346.0,Marta Sánchez,Cancelada
CMP-0638,07/09/2024,AutoMotion,Asturias,Agricultura,Radio,Branding,8996.09,38431.96,439085.0,4346.0,1030.0,JAVIER TORRES,Finalizada
CMP-0608,08/12/2024,Hotel Costa Azul,Navarra,Automoción,SEM,Awareness,10192.87,31342.4,300032.0,23276.0,3759.0,PABLO NAVARRO,Finalizada
CMP-1066,19/06/2025,Quimera Cosmética,Castilla y León,Deporte,SEM,Lead Generation,"18.190,07 €",79612.65,160649.0,8696.0,1952.0,DIEGO ROMERO,Pausada
CMP-0069,16/11/2024,Quimera Cosmética,Región de Murcia,Moda,SEM,Awareness,,17792.27,313964.0,2802.0,452.0,Paula Serrano,Activa
CMP-0860,10/07/2023,Solaris Energía,Murcia,Finanzas,Email Marketing,Conversión,14498.42,64766.61,43831.0,910.0,138.0,Álvaro Gil,Cancelada
CMP-1094,02.03.2023,TransLogic,Extremadura,Inmobiliario,Prensa,branding,23892.78,7956.95,306953.0,21252.0,1126.0,pablo navarro,Activa
CMP-0528,10/09/2023,Xtreme Bikes,Canarias,,TV,branding,"7.348,85 €",26890.16,8674.0,338.0,21.0,Elena Castro,Finalizada
CMP-0417,27/11/2025,Joyería Alba,Aragón,Deporte,TV,Conversión,5306.13,,275434.0,2822.0,67.0,Carlos Ruiz,finalizada
CMP-0400,22.04.2024,Bebidas Norte,Madrid,Hostelería,TV,FIDELIZACION,€1494.64,5783.81,211097.0,2572.0,489.0,Pablo Navarro,ACTIVA
CMP-0562,07/11/2025,Dulcería Real,Castilla-La Mancha,Hostelería,GAds,Awareness,14907.6,46666.9,238278.0,7971.0,918.0,Elena Castro,Cancelada
CMP-0904,20/12/2023,Verde Natural,Navarra,Agricultura,Redes Sociales,Fidelización,9919.05,37008.25,495271.0,35222.0,2128.0,Álvaro Gil,Finalizada
CMP-0068,22/06/2023,Yogures La Pradera,País Vasco,Retail,SEO,Lead Generation,"3.941,35",2206.64,54764.0,3604.0,760.0,Diego Romero,Pausada
CMP-0537,25/11/2024,Zapatería Confort,comunidad valenciana,Turismo,Televisión,Lead Generation,9887.48,5572.74,344390.0,5632.0,942.0,Cristina Ortega,Pausada
CMP-0078,09-08-2025,Muebles Castillo,País Vasco,Hostelería,Email Marketing,Branding,€3508.56,6244.03,177996.0,11750.0,611.0,DAVID LÓPEZ,activa
CMP-0106,2023-05-04,EcoHogar,La Rioja,Retail,SEM,Lead Generation,14542.12,7128.8,181132.0,10420.0,1457.0,Cristina Ortega,Cancelada
CMP-1082,01/02/2023,Kapital Seguros,Cataluña,Retail,Email Marketing,Branding,22839.29,77701.07,315432.0,20724.0,578.0,Lucía Herrera,Cancelada
CMP-1054,13/08/2023,Verde Natural,La Rioja,Turismo,Marketing de Contenidos,fidelizacion,,16341.37,430869.0,23396.0,5716.0,Diego Romero,finalizada
CMP-0959,22/07/2023,Bahía Sports,Murcia,Automoción,Prensa,Conversión,"19.159,38 €",70680.64,435535.0,30058.0,3050.0,Elena Castro,Activa
CMP-0639,05.03.2024,Rural Gourmet,País Vasco,Agricultura,Prensa,Conversión,,"11.610,99 €",246817.0,15345.0,378.0,Marta Sánchez,finalizada
CMP-0560,30/05/2023,AutoMotion,Asturias,Agricultura,tv,fidelizacion,3334.67,"1.477,65 €",226688.0,1540.0,77.0,Paula Serrano,Activa
CMP-0847,20/09/2024,Muebles Castillo,Castilla y León,Inmobiliario,SEO,Branding,829.81,"3.499,15 €",3780.0,269.0,5.0,Paula Serrano,Pausada
CMP-0691,2023-09-21,Nutrisana,Castilla y León,Alimentación,Email Marketing,Awareness,20175.78,83447.73,452163.0,19515.0,726.0,David López,Activa
CMP-0901,01/02/2023,Modaline,Aragón,Salud,Marketing de Contenidos,branding,"11.982,76",34774.84,236605.0,13686.0,1951.0,Ana Fernández,Cancelada
CMP-1122,08/12/2023,Zapatería Confort,Región de Murcia,Turismo,Influencers,Branding,18714.31,"50.514,87 €",492482.0,4671.0,554.0,SARA MOLINA,Pausada
CMP-0437,11/03/2024,Constructora Levante,Cataluña,Educación,Email Marketing,Conversión,17660.37,€19986.00,95912.0,4095.0,149.0,Sara Molina,Activa
CMP-0491,23.03.2023,Urbana Inmobiliaria,Asturias,Salud,SEO,Fidelización,"19.676,73",33920.46,189409.0,9803.0,2309.0,pablo navarro,Pausada
CMP-0960,29-12-2025,Xtreme Bikes,Región de Murcia,Salud,Influencers,Lead Generation,16722.27,64140.29,228429.0,16955.0,3270.0,David López,finalizada
CMP-1103,07/07/2024,Agrocampo,Cataluña,Belleza,Influencers,FIDELIZACION,24995.57,31695.98,66730.0,,895.0,Laura Gómez,Cancelada
CMP-0070,23/06/2023,Byte Studio,Asturias,desconocido,Influencers,Conversión,22935.31,"36.764,69 €",344461.0,19767.0,2057.0,Miguel Álvarez,Activa
CMP-0809,27/01/2023,Muebles Castillo,Asturias,Automoción,Radio,Lead Generation,19510.1,15031.78,67560.0,4581.0,621.0,Diego Romero,Cancelada
CMP-0012,04/10/2024,Byte Studio,La Rioja,Construcción,Prensa,Conversión,4909.47,5961.78,31162.0,1509.0,211.0,Álvaro Gil,finalizada
CMP-0145,14/06/2024,Solaris Energía,-,Deporte,SEM,Branding,4263.05,"18.342,49 €",274705.0,,2494.0,Ana Fernández,ACTIVA
CMP-0918,16/10/2023,Colchones Descanso,,Belleza,TV,fidelizacion,19673.15,52319.81,172062.0,9882.0,637.0,,Cancelada
CMP-0640,22/02/2023,Kapital Seguros,La Rioja,Retail,Email Marketing,Lead Generation,10210.63,19067.06,441649.0,10992.0,,,Activa
CMP-0177,24/08/2024,Óptica Visión Plus,Comunidad Valenciana,Educación,Prensa,Conversión,€12781.41,"49.218,15 €",441236.0,23968.0,3450.0,CRISTINA ORTEGA,Pausada
CMP-0995,02/06/2025,Constructora Levante,Aragón,Finanzas,SEM,Fidelización,20701.37,69047.83,348669.0,21720.0,1154.0,Carlos Ruiz,Finalizada
CMP-0441,02.09.2025,Restaurante El Fogón,Región de Murcia,Turismo,Marketing de Contenidos,Conversión,18532.27,"67.358,01 €",183127.0,6792.0,1586.0,Paula Serrano,Activa
CMP-0522,26/02/2024,Restaurante El Fogón,Galicia,,SEM,Fidelización,9943.56,12166.25,432549.0,30695.0,2283.0,n/a,Finalizada
CMP-1005,10/02/2023,Viñedos del Valle,,Belleza,TV,Lead Generation,18481.89,62079.86,33687.0,1503.0,,álvaro gil,Activa
CMP-0144,16/05/2023,Byte Studio,Extremadura,Educación,SEO,branding,13502.48,,333052.0,20729.0,3440.0,Laura Gómez,finalizada
CMP-0754,07/03/2024,Sabores del Mediterráneo,Andalucía,Tecnología,Social Media,Branding,€20026.90,80293.84,224324.0,10325.0,735.0,Carlos Ruiz,Pausada
CMP-0520,22/06/2023,Constructora Levante,Galicia,Tecnología,TV,fidelizacion,6815.57,15677.24,278836.0,10860.0,800.0,Cristina Ortega,Terminada
CMP-0823,03/03/2025,Electro Ríos,Andalucía,Alimentación,SEO,Fidelización,9888.69,39732.58,33323.0,2661.0,101.0,ELENA CASTRO,ACTIVA
CMP-0429,31/03/2024,  grupo peralta S.L.  ,La Rioja,Alimentación,SEO,Branding,5304.27,2795.94,481627.0,26429.0,1839.0,Carlos Ruiz,Finalizada
CMP-0613,2025-06-27,,Cantabria,Construcción,Google Ads,Awareness,"22.382,25 €",€26174.49,242290.0,9555.0,1663.0,David López,Activa
CMP-1033,23/12/2025,Lácteos del Sur,Región de Murcia,Educación,GOOGLE ADS,Branding,8869.13,11725.59,224157.0,1831.0,44.0,David López,Cancelada
CMP-0157,25/03/2024,Innovatech Solutions,,Automoción,Email Marketing,Conversión,13435.5,48679.45,386931.0,3557.0,886.0,Miguel Álvarez,Activa
CMP-0540,29/01/2024,Joyería Alba,Madrid,Finanzas,google ads,branding,5792.31,"19.792,59 €",228074.0,15061.0,3073.0,Javier Torres,Cancelada
CMP-0462,24/08/2024,Grupo Peralta S.L,,Deporte,Redes Sociales,Fidelización,20826.81,80667.73,450237.0,,509.0,Pablo Navarro,ACTIVA
CMP-0577,12-04-2025,Hotel Costa Azul,Galicia,Hostelería,Prensa,Lead Generation,10414.09,35513.58,437925.0,7136.0,621.0,Cristina Ortega,Cancelada
CMP-0256,10/11/2024,Joyería Alba,Galicia,Salud,Prensa,Fidelización,540.59,1737.42,58841.0,1640.0,201.0,Marta Sánchez,Cancelada
CMP-0980,27/02/2023,Dulcería Real,Aragón,Educación,Email Marketing,Fidelización,10508.99,35878.7,,23055.0,2423.0,Laura Gómez,Activa
CMP-1007,26/02/2025,Byte Studio,Islas Baleares,Alimentación,Email Marketing,Awareness,17597.08,33132.76,,27950.0,2957.0,Elena Castro,finalizada
CMP-0561,10/07/2025,TecnoWave,Extremadura,Turismo,Radio,Conversión,2029.06,8455.17,498531.0,,2084.0,Diego Romero,Activa
CMP-0209,02.04.2024,Agrocampo,Canarias,Tecnología,Radio,Fidelización,22370.85,57418.01,343336.0,21678.0,2120.0,Cristina Ortega,Finalizada
CMP-0911,17/02/2025,Viñedos del Valle,Andalucía,Construcción,Redes Sociales,Fidelización,€21261.90,62732.19,303177.0,14228.0,3122.0,Javier Torres,activa
CMP-0002,13-09-2023,Óptica Visión Plus,Andalucía,Construcción,SEM,Fidelización,21217.86,60166.41,423667.0,3498.0,420.0,CARLOS RUIZ,Pausada
CMP-0270,15-02-2025,Dulcería Real,Andalucía,Turismo,Radio,Conversión,9132.68,"4.114,53 €",403421.0,11072.0,,Javier Torres,Finalizada
CMP-0266,2024-02-18,Agrocampo,Region de Murcia,Belleza,Influencers,Branding,3555.61,7242.6,236894.0,1627.0,193.0,Elena Castro,Cancelada
CMP-0915,20.08.2025,Innovatech Solutions,País Vasco,Agricultura,Prensa,FIDELIZACION,"23.775,85 €",53003.6,111267.0,7460.0,573.0,LAURA GÓMEZ,FINALIZADA
CMP-0231,13/05/2025,Viñedos del Valle,Asturias,Deporte,GOOGLE ADS,Conversión,15866.46,14412.51,,,1091.0,Miguel Álvarez,Pausada
CMP-0970,06/07/2025,Restaurante El Fogón,Aragón,Agricultura,google ads,Lead Generation,"7.793,02 €",20168.13,400277.0,15068.0,1600.0,Laura Gómez,activa
CMP-0696,03/01/2025,Electro Ríos,La Rioja,Automoción,Radio,Awareness,17019.25,9814.85,138092.0,8221.0,711.0,Miguel Álvarez,Activa
CMP-0865,13-09-2025,Hotel Costa Azul,MU,Belleza,SEO,Fidelización,,94905.22,408669.0,6830.0,299.0,Pablo Navarro,Cancelada
CMP-1067,01/11/2023,Xtreme Bikes,Islas Baleares,Moda,GAds,fidelizacion,18035.63,65900.54,107956.0,8345.0,702.0,Marta Sánchez,Finalizada
CMP-0874,11/02/2024,Restaurante El Fogón,Cantabria,Finanzas,Google Ads,Lead Generation,19626.48,49509.55,258881.0,13698.0,2267.0,Carlos Ruiz,activa
CMP-1075,03-08-2023,AutoMotion,Comunidad Valenciana,Automoción,Marketing de Contenidos,Branding,14824.41,33501.18,342457.0,15961.0,334.0,Ana Fernández,Pausada
CMP-0399,15/07/2023,Zapatería Confort,Murcia,Agricultura,Redes Sociales,Conversión,19893.96,"84.805,96 €",407216.0,20359.0,2346.0,Laura Gómez,Activa
CMP-0440,31/08/2025,Zapatería Confort,Galicia,Retail,Influencers,Branding,"7.130,79 €","23.081,74",427821.0,10113.0,1197.0,Miguel Álvarez,Cancelada
CMP-0046,11.08.2024,Xtreme Bikes,Andalucía,Moda,Google Ads,BRANDING,21835.1,9842.74,36372.0,822.0,143.0,Javier Torres,Pausada
CMP-0162,14/02/2025,Ferretería Ibérica,Asturias,Alimentación,Radio,Fidelización,9771.24,32996.06,87709.0,6257.0,803.0,carlos ruiz,Activa
CMP-0992,03/10/2024,Farmacia Central,Cantabria,Belleza,SEM,Fidelización,,60286.12,359298.0,,1758.0,Cristina Ortega,Pausada
CMP-0728,18/05/2023,Agrocampo S.L.U.,Castilla y León,Agricultura,Email Marketing,Branding,2836.94,6494.79,146725.0,5534.0,987.0,Pablo Navarro,Pausada
CMP-0630,30/06/2023,Sabores del Mediterráneo,Aragón,Inmobiliario,Prensa,Awareness,20642.91,"81.964,59 €",309729.0,8490.0,492.0,MIGUEL ÁLVAREZ,Activa
CMP-0289,18/08/2025,Farmacia Central,Aragón,Moda,Influencers,Awareness,1508.8,2629.68,408672.0,2373.0,282.0,Paula Serrano,Pausada
CMP-1060,21/05/2023,Byte Studio,Aragón,Hostelería,SEO,Awareness,24324.9,26618.08,136696.0,8935.0,1514.0,Javier Torres,Pausada
CMP-0095,23.08.2025,,Cataluña,Educación,Email Marketing,fidelizacion,"3.955,50",12658.0,215655.0,9194.0,1441.0,Sara Molina,Pausada
CMP-0576,21/06/2023,Urbana Inmobiliaria,País Vasco,Salud,Radio,Fidelización,9371.58,"24.977,54 €",337522.0,9550.0,425.0,Elena Castro,Terminada
CMP-0851,17/12/2024,Restaurante El Fogón,Aragón,Turismo,Influencers,Fidelización,13063.3,8697.36,239589.0,4377.0,233.0,álvaro gil,Finalizada
CMP-0912,14/01/2024,Joyería Alba, Murcia,Deporte,Prensa,Conversión,17710.45,55222.06,72835.0,3031.0,310.0,Diego Romero,Pausada
CMP-1090,28/04/2023,Zapatería Confort,Islas Baleares,Turismo,Redes Sociales,Fidelización,22979.36,57400.72,206746.0,10202.0,674.0,David López,Pausada
CMP-0933,30/09/2024,Colchones Descanso,Cataluña,Salud,SEO,Lead Generation,21545.45,"14.402,11 €",311622.0,18781.0,3663.0,LUCÍA HERRERA,Cancelada
CMP-0248,07/10/2024,Yogures La Pradera,Aragón,Deporte,Influencers,Lead Generation,8570.32,8264.71,315028.0,12042.0,1138.0,Miguel Álvarez,FINALIZADA
CMP-0477,04/04/2025,Restaurante El Fogón,Navarra,Tecnología,Redes Sociales,Lead Generation,17246.7,18781.0,75747.0,,54.0,Laura Gómez,Activa
CMP-0086,09.12.2024,Bahía Sports,Canarias,Deporte,GOOGLE ADS,Conversión,13048.93,20582.38,85417.0,2494.0,449.0,Carlos Ruiz,FINALIZADA
CMP-0470,04/09/2023,Grupo Peralta,Galicia,Salud,Radio,BRANDING,16326.16,19299.8,201852.0,2329.0,,Pablo Navarro,finalizada
CMP-0226,20/09/2023,,Extremadura,Belleza,Prensa,Branding,4735.22,16620.16,268481.0,6985.0,442.0,Marta Sánchez,Cancelada
CMP-0775,02-06-2023,  rural gourmet S.L.  ,Canarias,Automoción,Email Marketing,Branding,€17458.49,65048.8,,2103.0,449.0,Álvaro Gil,Pausada
CMP-0332,11/09/2023,Quimera Cosmética,Navarra,Tecnología,Radio,Awareness,,26363.44,214188.0,2883.0,710.0,LAURA GÓMEZ,Cancelada
CMP-0234,30/06/2025,Lácteos del Sur,País Vasco,Inmobiliario,Marketing de Contenidos,Lead Generation,21633.18,48938.85,457101.0,20818.0,1569.0,Diego Romero,Pausada
CMP-0589,01/11/2025,Byte Studio,Madrid ,Automoción,Google Ads,Fidelización,18278.14,€11929.57,232968.0,1942.0,303.0,Marta Sánchez,Activa
CMP-0476,11/07/2023,Byte Studio,Cantabria,Tecnología,Email Marketing,Conversión,11262.19,€37899.63,227990.0,7443.0,1685.0,marta sánchez,Finalizada
CMP-0600,02/04/2025,Colchones Descanso,Cataluña,,Televisión,Branding,"12.772,87 €",40649.08,6575.0,272.0,65.0,Javier Torres,Pausada
CMP-0422,25/07/2023,Urbana Inmobiliaria,MURCIA,Tecnología,Google Ads,Branding,3678.34,13778.3,441721.0,7554.0,1595.0,David López,Finalizada
CMP-0183,08/10/2023,Solaris Energía,Región de Murcia,Alimentación,SEM,Branding,7667.69,23608.75,347831.0,15312.0,2441.0,Lucía Herrera,Terminada
CMP-0989,22/12/2024,,Castilla-La Mancha,Educación,Influencers,Conversión,7425.43,3352.03,330423.0,24761.0,3802.0,Paula Serrano,Terminada
CMP-1001,07/02/2024,Verde Natural,Aragón,Salud,Prensa,Lead Generation,18490.01,63412.03,370768.0,1913.0,21.0,Javier Torres,finalizada
CMP-0050,08/10/2023,Fintech Nova,Cataluña,Turismo,Radio,Branding,15988.12,46489.34,355843.0,21944.0,4261.0,Ana Fernández,FINALIZADA
CMP-1129,09/02/2023,Nutrisana,Islas Baleares,Inmobiliario,tv,FIDELIZACION,16929.38,21959.14,171855.0,4758.0,1177.0,DAVID LÓPEZ,Finalizada
CMP-1030,09/01/2024,Xtreme Bikes,Madrid ,Automoción,TV,Branding,19061.63,18517.97,205611.0,16171.0,568.0,pablo navarro,Pausada
CMP-0530,08/09/2024,Dulcería Real,Canarias,Inmobiliario,Radio,fidelizacion,3651.57,12868.77,131582.0,1996.0,285.0,Miguel Álvarez,Pausada
CMP-0487,08/07/2023,Colchones Descanso,Comunidad Valenciana,Moda,Marketing de Contenidos,Branding,,"41.471,24",222625.0,16665.0,1253.0,Diego Romero,Cancelada
CMP-0498,26-11-2023,Clínica Dental Sonrisa,,Inmobiliario,TV,Fidelización,5125.41,21814.54,253010.0,10288.0,1803.0,Cristina Ortega,Pausada
CMP-0107,14/06/2023,Panadería Trigo Dorado,Comunidad Valenciana,Automoción,GAds,Fidelización,"24.822,84 €",47322.62,456431.0,33677.0,3387.0,Ana Fernández,Cancelada
CMP-0444,29/06/2023,Bebidas Norte,Aragón,Educación,Marketing de Contenidos,Conversión,24162.95,51593.73,122851.0,2674.0,100.0,Javier Torres,Cancelada
CMP-0647,22/12/2025,Distribuciones Marín,baleares,Tecnología,Influencers,Conversión,18388.63,32851.9,315563.0,20036.0,2907.0,Cristina Ortega,Finalizada
CMP-1037,24/02/2024,Modaline,,,SEM,Branding,"1.067,06",789.99,365702.0,14495.0,3445.0,cristina ortega,Cancelada
CMP-0727,13/04/2024,TecnoWave,MU,Tecnología,Marketing de Contenidos,fidelizacion,7696.46,,454305.0,25544.0,5439.0,Laura Gómez,Pausada
CMP-0191,28-12-2024,Panadería Trigo Dorado,Navarra,Automoción,google ads,Lead Generation,17954.65,13984.84,398602.0,21691.0,228.0,Miguel Álvarez,Terminada
CMP-0283,23/05/2023,Viñedos del Valle,Asturias,Automoción,Radio,Branding,"8.269,38 €",€5872.47,233921.0,4260.0,1019.0,Cristina Ortega,FINALIZADA
CMP-0030,27/05/2025,Electro Ríos,Andalucía,Construcción,Influencers,Branding,"20.177,09 €",73528.43,297211.0,18931.0,1766.0,,FINALIZADA
CMP-0170,2024-07-04,TecnoWave,Aragón,Deporte,SEM,Awareness,,39978.73,362528.0,8272.0,1563.0,Miguel Álvarez,Terminada
CMP-1002,17/12/2023,Bebidas Norte,Cataluña,Retail,Radio,Lead Generation,,75275.55,290510.0,16467.0,3819.0,Álvaro Gil,Finalizada
CMP-0101,17/01/2024,Innovatech Solutions,Aragón,,SEM,Fidelización,4981.72,3851.45,85693.0,5127.0,848.0,-,Pausada
CMP-0198,08/07/2025,Dulcería Real,Andalucía,Tecnología,Email Marketing,Fidelización,13756.06,38987.77,407424.0,24188.0,1365.0,Marta Sánchez,ACTIVA
CMP-0496,13/03/2024,Bahía Sports,Cataluña,Inmobiliario,tv,Lead Generation,,3273.28,82153.0,6255.0,280.0,David López,Cancelada
CMP-0648,30/08/2024,Farmacia Central,Navarra,Moda,Radio,Lead Generation,10715.59,12314.61,26144.0,2011.0,478.0,,Pausada
CMP-0988,24/07/2023,GRUPO PERALTA,Cataluña,Salud,Influencers,FIDELIZACION,15754.59,34593.17,403898.0,,6122.0,paula serrano,Activa
CMP-0045,13/11/2023,,,Automoción,Marketing de Contenidos,Lead Generation,2672.85,"11.022,45 €",8546.0,505.0,54.0,Álvaro Gil,Pausada
CMP-0711,27/03/2023,Electro Ríos,Región de Murcia,Deporte,SEO,Conversión,,75545.9,404210.0,14319.0,778.0,Ana Fernández,Pausada
CMP-0374,18/11/2023,TecnoWave,Cantabria,Hostelería,Prensa,Lead Generation,12781.18,12801.56,62397.0,4387.0,1003.0,Cristina Ortega,Activa
CMP-0679,30.04.2023,TecnoWave,Región de Murcia,Hostelería,Redes Sociales,branding,€3758.46,2765.96,123006.0,669.0,7.0,Ana Fernández,Finalizada
CMP-0567,17/01/2023,Distribuciones Marín,Asturias,Deporte,SEO,Conversión,21067.49,64819.35,460601.0,23931.0,5690.0,Álvaro Gil,Finalizada
CMP-0848,21/05/2025,Lácteos del Sur,País Vasco,Finanzas,GOOGLE ADS,Fidelización,1917.22,,178721.0,7334.0,991.0,Miguel Álvarez,Terminada
CMP-0461,17/12/2025,agrocampo S.A.,País Vasco,Alimentación,Influencers,Conversión,18791.77,"24.913,19",387939.0,21176.0,4889.0,Sara Molina,ACTIVA
CMP-0040,26/11/2023,Xtreme Bikes,La Rioja,Turismo,TV,Fidelización,24232.57,55105.92,214592.0,6437.0,1099.0,Lucía Herrera,Activa
CMP-0435,16/05/2025,Quimera Cosmética,Extremadura,Turismo,SEM,Fidelización,10062.14,27790.36,472881.0,5214.0,1190.0,Ana Fernández,ACTIVA
CMP-0974,13/06/2024,Colchones Descanso,Cantabria,Turismo,SEO,Fidelización,"23.214,48 €",64400.93,395279.0,19985.0,4199.0,Elena Castro,Finalizada
CMP-1008,02.09.2024,Electro Ríos,MAD,Belleza,Email Marketing,FIDELIZACION,"6.966,15",14821.55,334189.0,1897.0,221.0,,Cancelada
CMP-0457,15/07/2023,Bahía Sports,Canarias,Construcción,SEM,Fidelización,4558.14,€15310.68,161220.0,7925.0,1613.0,,Cancelada
CMP-0261,13/01/2024,Colchones Descanso,Comunidad Valenciana,Hostelería,Influencers,Lead Generation,"22.944,38",37479.28,292706.0,13163.0,,Miguel Álvarez,Pausada
CMP-0036,25/06/2025,Electro Ríos,Extremadura,Turismo,Marketing de Contenidos,FIDELIZACION,14983.95,43413.85,407186.0,17994.0,2125.0,Cristina Ortega,Finalizada
CMP-0828,23/10/2024,Agrocampo,Canarias,Construcción,Redes Sociales,branding,"7.558,86",10667.93,26286.0,1562.0,,David López,Cancelada
CMP-0310,2023-11-02,GRUPO PERALTA,Navarra,Retail,TV,Lead Generation,"6.346,22 €",13478.39,117105.0,8418.0,1279.0,Carlos Ruiz,Activa
CMP-0277,28/06/2023,Viñedos del Valle,Cataluña,Alimentación,Prensa,Awareness,9812.19,38583.52,61231.0,325.0,75.0,Cristina Ortega,FINALIZADA
CMP-0637,28/09/2025,Yogures La Pradera,Islas Baleares,Automoción,TV,fidelizacion,22849.42,€76385.09,64307.0,1107.0,66.0,LAURA GÓMEZ,Cancelada
CMP-0655,03/06/2025,,MADRID,Retail,Influencers,branding,"14.418,95 €",35984.14,493434.0,17221.0,3500.0,Álvaro Gil,Pausada
CMP-0623,23-07-2025,Bahía Sports,Extremadura,Inmobiliario,SEM,Lead Generation,18055.54,38983.64,337421.0,6616.0,1345.0,Pablo Navarro,Pausada
CMP-0845,26/05/2025,Restaurante El Fogón,Aragón,Deporte,Marketing de Contenidos,fidelizacion,4237.18,3706.55,173983.0,8143.0,1865.0,Álvaro Gil,Pausada
CMP-0394,31/01/2024,Constructora Levante,Castilla y León,Educación,Redes Sociales,Awareness,21010.82,"77.947,05 €",4920.0,70.0,6.0,Cristina Ortega,Finalizada
CMP-0108,20/08/2023,Agrocampo,Madrid,Alimentación,Marketing de Contenidos,BRANDING,9606.06,12147.72,242000.0,7492.0,570.0,MIGUEL ÁLVAREZ,Finalizada
CMP-0350,25.07.2023,Xtreme Bikes,Castilla-La Mancha,Construcción,GOOGLE ADS,Lead Generation,11883.06,24175.34,441511.0,13225.0,1472.0,Cristina Ortega,finalizada
CMP-0525,18/09/2025,Kapital Seguros,Navarra,Educación,Social Media,Conversión,17811.9,72027.12,406574.0,22278.0,4848.0,PABLO NAVARRO,Cancelada
CMP-0785,08/08/2023,Zapatería Confort,,Turismo,SEO,Fidelización,20026.64,€68789.35,11142.0,108.0,25.0,Paula Serrano,Activa
CMP-0048,04/09/2024,Viñedos del Valle,Extremadura,Educación,SEM,Lead Generation,"22.549,99 €",70941.5,83324.0,878.0,207.0,Sara Molina,Cancelada
CMP-0204,05/03/2023,Kapital Seguros,Castilla y León,Tecnología,TV,FIDELIZACION,15242.83,22595.56,486352.0,,1928.0,Paula Serrano,Pausada
CMP-0022,26/04/2024,Clínica Dental Sonrisa,Castilla y León,Hostelería,SEO,Conversión,16539.5,24675.33,348550.0,18288.0,1654.0,Pablo Navarro,Cancelada
CMP-0403,17/02/2024,,Aragón,,Radio,Lead Generation,21495.81,44553.44,102949.0,8054.0,1318.0,Diego Romero,Pausada
CMP-1108,2025-02-21,Solaris Energía,Galicia,Agricultura,SEO,Conversión,7702.28,"19.867,82",258784.0,2098.0,269.0,Sara Molina,activa
CMP-0990,2025-01-08,Quimera Cosmética,Valencia,Moda,Influencers,Awareness,18761.27,25309.85,292820.0,11443.0,563.0,Álvaro Gil,Activa
CMP-0742,17/04/2024,EcoHogar,La Rioja,Retail,Marketing de Contenidos,Conversión,5604.62,9997.05,144229.0,3412.0,272.0,Miguel Álvarez,Pausada
CMP-0547,15/05/2024,  Fintech Nova  ,Extremadura,Educación,Marketing de Contenidos,Lead Generation,11199.84,17599.65,192878.0,12250.0,982.0,Marta Sánchez,Pausada
CMP-0034,02/02/2024,,Baleares,Educación,Prensa,Conversión,18169.71,"79.978,51",275560.0,13711.0,,Elena Castro,Cancelada
CMP-0788,22/06/2025,Sabores del Mediterráneo,Castilla y León,Educación,SEO,Conversión,13467.52,45818.99,54299.0,3044.0,743.0,Laura Gómez,Pausada
CMP-0924,2023-12-29,Fintech Nova,País Vasco,Belleza,Influencers,Fidelización,8015.15,"33.372,29 €",141035.0,8095.0,242.0,n/a,activa
CMP-1044,08/07/2024,Xtreme Bikes,Castilla y León,,Prensa,branding,17298.78,66137.31,143164.0,1786.0,110.0,,Pausada
CMP-0910,17.07.2025,Farmacia Central,Cantabria,Agricultura,Televisión,Conversión,2001.67,€858.05,421425.0,20798.0,1109.0,Marta Sánchez,Pausada
CMP-0580,05/10/2023,Zapatería Confort,La Rioja,Retail,Influencers,Lead Generation,15192.04,34681.33,110924.0,8343.0,1939.0,Laura Gómez,Activa
CMP-0482,15/10/2024,Innovatech Solutions,La Rioja,Educación,TV,Awareness,3787.76,€6275.65,67365.0,1255.0,128.0,Paula Serrano,Cancelada
CMP-0932,27/08/2023,AGROCAMPO S.L.,Aragón,Agricultura,Radio,Awareness,13983.49,"28.509,81",133290.0,3095.0,143.0,Elena Castro,Pausada
CMP-0357,17/06/2024,Muebles Castillo,Cataluña,Tecnología,Radio,Awareness,,€18765.31,166865.0,9723.0,1107.0,Ana Fernández,Pausada
CMP-0760,19/08/2024,Distribuciones Marín,Navarra,Alimentación,Marketing de Contenidos,Awareness,19780.66,80460.52,432613.0,34397.0,1231.0,Álvaro Gil,Activa
CMP-0093,09/11/2025,Clínica Dental Sonrisa,Canarias,Belleza,Redes Sociales,Lead Generation,9945.27,28734.89,442266.0,12136.0,1101.0,Miguel Álvarez,Cancelada
CMP-0804,09/03/2025,Nutrisana,Islas Baleares,Deporte,redes sociales,Awareness,11656.74,5493.49,205068.0,5510.0,1353.0,Ana Fernández,Activa
CMP-0746,2025-12-28,Agrocampo,Aragón,Deporte,Email Marketing,Awareness,3278.6,7352.77,,13048.0,690.0,Elena Castro,finalizada
CMP-0280,22.10.2023,Kapital Seguros,Castilla-La Mancha,Agricultura,Influencers,Lead Generation,17175.05,€56384.09,244501.0,9851.0,,Javier Torres,Cancelada
CMP-0765,02/02/2025,Sabores del Mediterráneo, Murcia,Construcción,SEO,Conversión,1153.54,390.76,189625.0,11065.0,2235.0,Álvaro Gil,Cancelada
CMP-0605,18/11/2025,TransLogic,Castilla y León,Educación,Social Media,Conversión,24135.97,87693.42,299813.0,7367.0,609.0,Miguel Álvarez,Activa
CMP-0526,14.07.2024,Panadería Trigo Dorado,Castilla y León,Agricultura,Prensa,Conversión,5316.43,3588.33,483184.0,,6044.0,,Pausada
CMP-0401,08/06/2024,Modaline,La Rioja,Educación,Marketing de Contenidos,Lead Generation,14903.59,57099.73,474650.0,22778.0,3712.0,LAURA GÓMEZ,Cancelada
CMP-0258,14/02/2023,Xtreme Bikes,Navarra,Turismo,Influencers,Lead Generation,21695.96,54946.21,98236.0,1956.0,473.0,Javier Torres,Pausada
CMP-0945,18/10/2024,Hotel Costa Azul,CV,Deporte,Prensa,Branding,5567.77,"11.279,91",72560.0,5367.0,1005.0,Cristina Ortega,Cancelada
CMP-1097,24/03/2024,Farmacia Central,Castilla y León,Tecnología,Radio,Conversión,"18.267,48",68211.12,288880.0,8486.0,1508.0,Elena Castro,Activa
CMP-0736,30/11/2024,Panadería Trigo Dorado,Andalucía,Turismo,Google Ads,Fidelización,6291.72,14686.4,142445.0,10674.0,1282.0,Paula Serrano,Pausada
CMP-0495,25/06/2023,Nutrisana,Región de Murcia,Agricultura,TV,Conversión,8853.66,20077.02,,20379.0,2477.0,Javier Torres,Cancelada
CMP-0773,04/03/2025,  Fintech Nova SL  ,,Finanzas,Influencers,Lead Generation,20895.88,88221.24,409845.0,17245.0,3362.0,javier torres,Activa
CMP-0551,28/07/2024,Clínica Dental Sonrisa,Castilla-La Mancha,Alimentación,SEO,FIDELIZACION,24015.56,54342.32,485288.0,11097.0,,Javier Torres,ACTIVA
CMP-0202,26/02/2024,EcoHogar,Extremadura,Finanzas,Google Ads,Conversión,16824.31,59710.24,453983.0,25607.0,5391.0,laura gómez,Pausada
CMP-0313,20/01/2025,Panadería Trigo Dorado,Andalucía,Construcción,SEO,Conversión,"22.221,85",17023.26,192174.0,7668.0,151.0,Carlos Ruiz,Finalizada
CMP-0291,28/04/2024,Dulcería Real,,Deporte,Redes Sociales,Conversión,18526.39,"56.847,37 €",,12747.0,926.0,Álvaro Gil,Cancelada
CMP-0764,2023-01-16,TransLogic,Castilla-La Mancha,Moda,GOOGLE ADS,Conversión,16528.44,71466.88,394509.0,18736.0,3334.0,,Finalizada
CMP-1137,10/02/2025,Colchones Descanso,Cantabria,Retail,Email Marketing,Awareness,11393.46,42796.75,486433.0,28123.0,1968.0,Álvaro Gil,Activa
CMP-0950,05/05/2024,Panadería Trigo Dorado,Castilla-La Mancha,Tecnología,SEO,Awareness,14477.77,28488.12,443124.0,17060.0,632.0,Carlos Ruiz,Pausada
CMP-0184,08/11/2024,Joyería Alba,Madrid,Agricultura,Google Ads,Lead Generation,,10870.02,477789.0,9831.0,2299.0,ELENA CASTRO,Pausada
CMP-0613,2025-06-27,,Cantabria,Construcción,Google Ads,Awareness,"22.382,25 €",€26174.49,242290.0,9555.0,1663.0,David López,Activa
CMP-1069,01/03/2024,Farmacia Central,Cataluña,Moda,Google Ads,Awareness,,16912.4,42715.0,2335.0,347.0,Ana Fernández,Pausada
CMP-1031,08-12-2023,Colchones Descanso,Cantabria,Inmobiliario,redes sociales,Fidelización,€481.64,1805.42,387366.0,25031.0,4195.0,David López,Pausada
CMP-0251,15/07/2023,Lácteos del Sur,Canarias,Retail,Marketing de Contenidos,Lead Generation,19864.02,20384.27,433407.0,31390.0,5608.0,Lucía Herrera,Cancelada
CMP-0824,04/12/2025,Modaline,Cantabria,Finanzas,TV,Branding,,35429.45,238074.0,8471.0,444.0,Laura Gómez,Pausada
CMP-1100,02/05/2024,Clínica Dental Sonrisa,Castilla-La Mancha,Turismo,Prensa,Fidelización,4817.04,3018.2,195222.0,12347.0,2922.0,Marta Sánchez,finalizada
CMP-0941,01/06/2023,Verde Natural,Asturias,Deporte,Marketing de Contenidos,Branding,16363.68,72995.22,47507.0,1718.0,381.0,Elena Castro,ACTIVA
CMP-0392,19.06.2024,EcoHogar,Cantabria,Turismo,SEO,Awareness,15339.04,66282.33,167382.0,11933.0,2826.0,Diego Romero,Finalizada
CMP-1093,16/05/2025,Panadería Trigo Dorado,Canarias,Tecnología,Marketing de Contenidos,fidelizacion,16350.97,38562.16,318610.0,4477.0,573.0,diego romero,Finalizada
CMP-0477,04/04/2025,Restaurante El Fogón,País Vasco,Tecnología,Redes Sociales,Lead Generation,17246.7,18781.0,75747.0,,54.0,Laura Gómez,Activa
CMP-0905,03/03/2023,Verde Natural,,Educación,Televisión,Branding,1763.16,4394.66,242358.0,9100.0,341.0,Carlos Ruiz,Finalizada
CMP-0731,18/10/2024,Panadería Trigo Dorado,MAD,Agricultura,Influencers,Lead Generation,23452.69,"88.592,48 €",213566.0,2023.0,229.0,David López,Cancelada
CMP-0555,06/02/2025,Joyería Alba,Canarias,Inmobiliario,Redes Sociales,Awareness,€3748.37,€6265.29,413725.0,13248.0,3232.0,Laura Gómez,Pausada
CMP-0367,2025-03-19,Kapital Seguros,Valencia,,Redes Sociales,Conversión,"15.538,78 €",68222.58,189625.0,10770.0,2597.0,Cristina Ortega,Terminada
CMP-0346,23.03.2025,Modaline,CV,,Prensa,Branding,"22.534,26 €",€45280.99,191044.0,,2354.0,Paula Serrano,Activa
CMP-0536,29/06/2025,Colchones Descanso,Islas Baleares,Belleza,Radio,Awareness,9857.85,26993.36,18369.0,980.0,219.0,Elena Castro,Pausada
CMP-0920,10/05/2024,EcoHogar,,Moda,SEM,FIDELIZACION,24276.34,87186.55,382376.0,12234.0,874.0,Elena Castro,Pausada
CMP-0212,06/12/2023,Xtreme Bikes,Navarra,Finanzas,SEM,Conversión,19857.9,79950.33,3959.0,168.0,7.0,Diego Romero,FINALIZADA
CMP-0503,29/04/2025,Fintech Nova S.L.,Islas Baleares,Construcción,Marketing de Contenidos,Awareness,12787.51,,345838.0,8589.0,1814.0,Sara Molina,Finalizada
CMP-0538,06/04/2025,Rural Gourmet SA,La Rioja,Automoción,SEO,Conversión,17504.66,"48.543,55 €",304967.0,9486.0,1500.0,Miguel Álvarez,Cancelada
CMP-0176,28/08/2024,Electro Ríos,Extremadura,Moda,TV,Fidelización,10221.64,16786.59,73863.0,4365.0,730.0,Miguel Álvarez,Cancelada
