id_campana,fecha,empresa,comunidad_autonoma,sector,canal_marketing,tipo_campana,gasto_campana,ingresos,impresiones,clics,conversiones,responsable,estado_campana
CMP-0001,2024-03-27,Yogures La Pradera,Castilla-La Mancha,Hostelería,Redes Sociales,Conversión,1513006,4020404,3759000,202010,28440,Marta Sánchez,Activa
CMP-0002,2023-09-13,Óptica Visión Plus,Andalucía,Construcción,SEM,Fidelización,2121786,6016641,4236670,34980,4200,Carlos Ruiz,Pausada
CMP-0003,2025-01-17,Nutrisana,Islas Baleares,Educación,Google Ads,Conversión,2141188,8434635,1997950,51640,8390,DESCONOCIDO,Finalizada
CMP-0004,2024-10-06,Ferretería Ibérica,La Rioja,Moda,Radio,Conversión,588039,255692,1658880,,1500,DESCONOCIDO,Cancelada
CMP-0006,2024-08-24,Bahía Sports,Cantabria,DESCONOCIDO,SEM,Fidelización,1710642,4371161,1403930,87940,8050,Cristina Ortega,Finalizada
CMP-0007,2023-02-09,Agrocampo,Castilla y León,Agricultura,Marketing de Contenidos,Branding,2384679,9954182,4820550,24300,2130,Elena Castro,Cancelada
CMP-0008,2024-02-16,Bebidas Norte,Asturias,Finanzas,Influencers,Lead Generation,429515,1080758,3185290,117010,7110,David López,Finalizada
CMP-0009,2024-11-07,Solaris Energía,Castilla y León,Turismo,Radio,Conversión,196063,57851,1205310,12110,210,Paula Serrano,Cancelada
CMP-0010,2023-04-21,Sabores del Mediterráneo,Región de Murcia,Automoción,Google Ads,Fidelización,492217,348051,2264940,71500,7760,Álvaro Gil,Activa
CMP-0011,2025-09-12,Solaris Energía,Asturias,Agricultura,Redes Sociales,Lead Generation,2423111,10154631,4454600,101240,10880,Pablo Navarro,Cancelada
CMP-0012,2024-10-04,Byte Studio,La Rioja,Construcción,Prensa,Conversión,490947,596178,311620,15090,2110,Álvaro Gil,Finalizada
CMP-0013,2024-10-09,Dulcería Real,Aragón,Salud,SEM,Lead Generation,1494408,4335879,2202940,119620,17420,Pablo Navarro,Activa
CMP-0014,2024-12-15,Colchones Descanso,Islas Baleares,Deporte,Prensa,Awareness,2490319,1513354,1122540,48200,2010,DESCONOCIDO,Pausada
CMP-0015,2023-11-15,AutoMotion,Aragón,Salud,SEM,Fidelización,2348546,2029197,,43760,8230,Ana Fernández,Finalizada
CMP-0016,2023-06-04,Hotel Costa Azul,Comunidad Valenciana,Inmobiliario,Prensa,Conversión,420723,906956,3704720,137350,1690,Javier Torres,Activa
CMP-0017,2025-04-12,EcoHogar,Comunidad Valenciana,Salud,Email Marketing,Conversión,1711525,5307645,1859290,118080,26230,Miguel Álvarez,Cancelada
CMP-0018,2025-08-21,Grupo Peralta,Cantabria,Automoción,SEM,Conversión,681678,2458794,571730,19260,370,Sara Molina,Pausada
CMP-0019,2023-08-25,Óptica Visión Plus,País Vasco,Inmobiliario,SEM,Branding,1610875,3187357,4428210,200220,47130,Sara Molina,Cancelada
CMP-0020,2024-02-08,Colchones Descanso,Andalucía,Finanzas,Influencers,Fidelización,491395,239026,2291190,11740,2720,Ana Fernández,Pausada
CMP-0021,2023-12-23,Bebidas Norte,Región de Murcia,Moda,Prensa,Branding,335674,69346,4935210,165010,31270,Cristina Ortega,Finalizada
CMP-0022,2024-04-26,Clínica Dental Sonrisa,Castilla y León,Hostelería,SEO,Conversión,165395,2467533,3485500,182880,16540,Pablo Navarro,Cancelada
CMP-0023,2024-05-14,Sabores del Mediterráneo,Comunidad de Madrid,Deporte,Google Ads,Conversión,221762,6027087,3771200,215810,27760,Elena Castro,Activa
CMP-0024,2025-10-30,Zapatería Confort,DESCONOCIDO,Agricultura,Email Marketing,Lead Generation,2469973,,4985940,307350,35710,Álvaro Gil,Cancelada
CMP-0025,2023-06-15,Grupo Peralta,Extremadura,Automoción,Prensa,Lead Generation,701002,438428,1503030,33940,3070,Sara Molina,Activa
CMP-0026,2025-05-08,Colchones Descanso,Castilla y León,Belleza,SEO,Awareness,963345,312859,1849220,50660,5240,Javier Torres,Finalizada
CMP-0027,2023-02-25,Rural Gourmet,Galicia,Belleza,Influencers,Awareness,2452191,6236705,4759910,164460,23920,Lucía Herrera,Activa
CMP-0028,2023-03-24,Agrocampo,Galicia,Deporte,Redes Sociales,Conversión,149172,641151,1180560,63460,12530,DESCONOCIDO,Pausada
CMP-0029,2023-12-02,Panadería Trigo Dorado,Comunidad de Madrid,Inmobiliario,Televisión,Conversión,436117,1243125,3926280,231160,45460,Cristina Ortega,Pausada
CMP-0030,2025-05-27,Electro Ríos,Andalucía,Construcción,Influencers,Branding,2017709,7352843,2972110,189310,17660,DESCONOCIDO,Finalizada
CMP-0031,2024-07-03,Farmacia Central,Castilla y León,Deporte,Google Ads,Conversión,,5182955,2539910,101250,21070,Cristina Ortega,Pausada
CMP-0032,2024-07-19,Constructora Levante,Navarra,Salud,Google Ads,Lead Generation,1229124,2200458,1359510,41490,,Pablo Navarro,Activa
CMP-0033,2024-12-05,Restaurante El Fogón,Aragón,Automoción,Radio,Awareness,1735632,2752826,,99790,14250,Miguel Álvarez,Terminada
CMP-0036,2025-06-25,Electro Ríos,Extremadura,Turismo,Marketing de Contenidos,Fidelización,1498395,4341385,4071860,179940,21250,Cristina Ortega,Finalizada
CMP-0037,2024-08-13,Clínica Dental Sonrisa,Cantabria,Alimentación,SEO,Awareness,26636,58389,3118280,125490,2230,Cristina Ortega,Activa
CMP-0038,2024-08-14,Byte Studio,Cantabria,Educación,SEM,Lead Generation,2272860,8572889,379390,3590,710,Pablo Navarro,Cancelada
CMP-0040,2023-11-26,Xtreme Bikes,La Rioja,Turismo,Televisión,Fidelización,2423257,5510592,2145920,64370,10990,Lucía Herrera,Activa
CMP-0041,2025-06-24,Agrocampo,La Rioja,Alimentación,Redes Sociales,Fidelización,1165701,61509,,87500,16760,Laura Gómez,Activa
CMP-0042,2025-09-15,Byte Studio,Cantabria,Construcción,Email Marketing,Lead Generation,1255971,415693,2672950,154770,16980,Miguel Álvarez,Pausada
CMP-0043,2024-09-03,Sabores del Mediterráneo,La Rioja,Deporte,Email Marketing,Lead Generation,862891,3113667,1405750,93540,7280,Elena Castro,Pausada
CMP-0044,2023-03-31,Distribuciones Marín,La Rioja,Educación,Televisión,Conversión,2452321,3195333,2012870,45320,8880,Elena Castro,Activa
CMP-0046,2024-08-11,Xtreme Bikes,Andalucía,Moda,Google Ads,Branding,218351,984274,363720,8220,1430,Javier Torres,Pausada
CMP-0047,2023-12-25,TransLogic,Asturias,Inmobiliario,SEO,Lead Generation,381013,964305,2972090,166830,8870,Pablo Navarro,Activa
CMP-0048,2024-09-04,Viñedos del Valle,Extremadura,Educación,SEM,Lead Generation,2254999,709415,833240,8780,2070,Sara Molina,Cancelada
CMP-0049,2025-03-21,Colchones Descanso,Cataluña,Agricultura,Marketing de Contenidos,Lead Generation,910219,1404162,3671230,99640,24380,Lucía Herrera,Pausada
CMP-0050,2023-10-08,Fintech Nova,Cataluña,Turismo,Radio,Branding,1598812,4648934,3558430,219440,42610,Ana Fernández,Finalizada
CMP-0051,2025-09-13,Zapatería Confort,Aragón,Hostelería,Google Ads,Conversión,1264451,1826645,,21060,4370,Cristina Ortega,Pausada
CMP-0052,2024-06-20,Nutrisana,Islas Baleares,Belleza,Redes Sociales,Fidelización,,710067,2818180,40210,3950,Álvaro Gil,Cancelada
CMP-0053,2024-04-25,Bahía Sports,Asturias,Belleza,Influencers,Fidelización,366647,1567159,1600740,127570,4830,Cristina Ortega,Cancelada
CMP-0054,2025-01-12,Innovatech Solutions,Islas Baleares,Retail,Televisión,Lead Generation,101136,187731,2329600,89340,5950,Cristina Ortega,Pausada
CMP-0055,2024-02-29,Grupo Peralta,Castilla y León,Automoción,Email Marketing,Fidelización,2472276,8913316,1080860,10960,2120,Lucía Herrera,Activa
CMP-0056,2025-12-13,Grupo Peralta,Navarra,Salud,Marketing de Contenidos,Branding,1480355,542225,1396290,12460,2340,Ana Fernández,Activa
CMP-0057,2023-06-15,Restaurante El Fogón,DESCONOCIDO,DESCONOCIDO,Marketing de Contenidos,Fidelización,1077159,811574,3740030,273870,7560,Ana Fernández,Activa
CMP-0058,2025-05-30,Bahía Sports,Castilla y León,DESCONOCIDO,Influencers,Lead Generation,2134926,6477045,4036570,187090,40730,Javier Torres,Pausada
CMP-0059,2023-07-17,Byte Studio,Islas Baleares,Construcción,Redes Sociales,Fidelización,1723316,3949711,483280,32560,1050,Álvaro Gil,Activa
CMP-0061,2023-01-13,Innovatech Solutions,Comunidad Valenciana,Moda,Google Ads,Branding,91804,132908,4002220,112750,,DESCONOCIDO,Pausada
CMP-0062,2023-06-17,Colchones Descanso,Extremadura,Belleza,Marketing de Contenidos,Lead Generation,1498635,6009582,820680,13790,2180,Elena Castro,Pausada
CMP-0063,2023-04-23,Dulcería Real,Canarias,Salud,Email Marketing,Awareness,1226849,3805633,243110,5230,1280,Pablo Navarro,Cancelada
CMP-0064,2025-03-24,Agrocampo,Asturias,Educación,Televisión,Branding,1765105,4238197,4374170,241030,22890,Pablo Navarro,Activa
CMP-0065,2024-11-26,Grupo Peralta,Andalucía,Construcción,Google Ads,Conversión,1100478,2181025,417330,14470,1220,Miguel Álvarez,Finalizada
CMP-0066,2025-10-08,Hotel Costa Azul,Cantabria,Finanzas,Marketing de Contenidos,Fidelización,509234,1441171,3990710,247170,6940,Pablo Navarro,Pausada
CMP-0067,2025-01-25,Dulcería Real,Andalucía,DESCONOCIDO,Marketing de Contenidos,Fidelización,159307,387246,,64690,1230,Paula Serrano,Terminada
CMP-0068,2023-06-22,Yogures La Pradera,País Vasco,Retail,SEO,Lead Generation,394135,220664,547640,36040,7600,Diego Romero,Pausada
CMP-0069,2024-11-16,Quimera Cosmética,Región de Murcia,Moda,SEM,Awareness,,1779227,3139640,28020,4520,Paula Serrano,Activa
CMP-0070,2023-06-23,Byte Studio,Asturias,DESCONOCIDO,Influencers,Conversión,2293531,3676469,3444610,197670,20570,Miguel Álvarez,Activa
CMP-0071,2025-09-22,TransLogic,Comunidad Valenciana,Deporte,Google Ads,Fidelización,,482403,1624340,30080,1840,Javier Torres,Cancelada
CMP-0072,2025-06-15,Byte Studio,Islas Baleares,Salud,Radio,Fidelización,422373,,4047770,209890,47560,David López,Cancelada
CMP-0073,2025-02-21,Distribuciones Marín,Extremadura,Tecnología,SEO,Fidelización,932246,3988099,2314990,91730,7120,Javier Torres,Activa
CMP-0074,2024-03-30,Innovatech Solutions,Comunidad de Madrid,Construcción,Influencers,Conversión,1134312,2785963,4362070,164930,39110,David López,Pausada
CMP-0075,2025-08-18,Byte Studio,Comunidad de Madrid,Retail,SEM,Conversión,361247,543638,4355340,176100,36880,Miguel Álvarez,Pausada
CMP-0076,2023-05-09,Grupo Peralta,Comunidad de Madrid,Inmobiliario,SEO,Conversión,766855,383847,2206090,116740,18610,Javier Torres,Activa
CMP-0077,2023-02-11,Panadería Trigo Dorado,La Rioja,Retail,Televisión,Awareness,187845,471388,2664850,170490,22470,Carlos Ruiz,Activa
CMP-0078,2025-08-09,Muebles Castillo,País Vasco,Hostelería,Email Marketing,Branding,350856,624403,1779960,117500,6110,David López,Activa
CMP-0079,2024-01-27,Yogures La Pradera,Cataluña,Deporte,Influencers,Awareness,1007596,3752998,2486970,59680,11380,Paula Serrano,Cancelada
CMP-0081,2024-12-23,Electro Ríos,Extremadura,Turismo,Redes Sociales,Awareness,1799804,1799638,,73150,1470,Marta Sánchez,Cancelada
CMP-0082,2023-03-08,TecnoWave,Cantabria,Automoción,Influencers,Lead Generation,33305,430028,3387510,110000,11200,Elena Castro,Pausada
CMP-0083,2023-08-30,Grupo Peralta,La Rioja,Salud,Google Ads,Lead Generation,240209,982061,980420,41590,4270,Carlos Ruiz,Pausada
CMP-0084,2023-12-23,Óptica Visión Plus,Navarra,Salud,Google Ads,Conversión,177966,4644891,1527330,109730,23510,Javier Torres,Finalizada
CMP-0085,2025-04-18,Nutrisana,Comunidad Valenciana,Finanzas,Google Ads,Conversión,183055,361034,3763790,221740,30190,Cristina Ortega,Finalizada
CMP-0086,2024-12-09,Bahía Sports,Canarias,Deporte,Google Ads,Conversión,1304893,2058238,854170,24940,4490,Carlos Ruiz,Finalizada
CMP-0088,2024-11-27,Viñedos del Valle,Aragón,Deporte,Influencers,Awareness,200973,110864,2309790,83540,10140,DESCONOCIDO,Finalizada
CMP-0089,2025-05-06,Urbana Inmobiliaria,DESCONOCIDO,Deporte,Influencers,Fidelización,634839,448583,1526540,115870,25190,Elena Castro,Cancelada
CMP-0090,2024-12-23,Verde Natural,Canarias,Belleza,Marketing de Contenidos,Lead Generation,243322,474871,2402200,186170,11470,Carlos Ruiz,Pausada
CMP-0091,2024-08-14,Restaurante El Fogón,Navarra,DESCONOCIDO,Prensa,Awareness,927525,1838765,2994910,141160,13690,Diego Romero,Cancelada
CMP-0092,2025-11-08,Panadería Trigo Dorado,Cataluña,Retail,Redes Sociales,Lead Generation,1991345,3433394,4927790,159760,7120,Paula Serrano,Pausada
CMP-0093,2025-11-09,Clínica Dental Sonrisa,Canarias,Belleza,Redes Sociales,Lead Generation,994527,2873489,4422660,121360,11010,Miguel Álvarez,Cancelada
CMP-0094,2023-04-16,Hotel Costa Azul,País Vasco,Construcción,Marketing de Contenidos,Lead Generation,2418335,8677462,4074320,197130,12730,Laura Gómez,Finalizada
CMP-0096,2024-06-25,Agrocampo,Canarias,Hostelería,SEM,Conversión,,3183275,3784720,212150,43040,Pablo Navarro,Pausada
CMP-0098,2025-12-23,Rural Gourmet,Comunidad Valenciana,Agricultura,Email Marketing,Lead Generation,290882,992414,1259520,29200,4980,Pablo Navarro,Pausada
CMP-0099,2025-12-31,Lácteos del Sur,Cataluña,Agricultura,Email Marketing,Lead Generation,727830,399202,4035330,47250,6980,Paula Serrano,Cancelada
CMP-0100,2024-09-03,Constructora Levante,Región de Murcia,Automoción,SEM,Lead Generation,2342790,10169938,4860110,129810,2460,Pablo Navarro,Cancelada
CMP-0101,2024-01-17,Innovatech Solutions,Aragón,DESCONOCIDO,SEM,Fidelización,498172,385145,856930,51270,8480,DESCONOCIDO,Pausada
CMP-0103,2024-09-28,Viñedos del Valle,Canarias,Automoción,Marketing de Contenidos,Conversión,78088,,2639650,195940,43700,Marta Sánchez,Pausada
CMP-0104,2024-03-23,Sabores del Mediterráneo,Andalucía,Construcción,Radio,Fidelización,1760813,7278755,3975690,180150,,Laura Gómez,Finalizada
CMP-0105,2025-09-28,Byte Studio,Navarra,Belleza,Redes Sociales,Lead Generation,428052,1664626,2321510,31840,1880,Pablo Navarro,Activa
CMP-0106,2023-05-04,EcoHogar,La Rioja,Retail,SEM,Lead Generation,1454212,71288,1811320,104200,14570,Cristina Ortega,Cancelada
CMP-0107,2023-06-14,Panadería Trigo Dorado,Comunidad Valenciana,Automoción,Google Ads,Fidelización,2482284,4732262,4564310,336770,33870,Ana Fernández,Cancelada
CMP-0108,2023-08-20,Agrocampo,Comunidad de Madrid,Alimentación,Marketing de Contenidos,Branding,960606,1214772,2420000,74920,5700,Miguel Álvarez,Finalizada
CMP-0109,2024-10-15,Ferretería Ibérica,Aragón,Salud,SEM,Conversión,367536,1643853,1232680,81580,15130,Sara Molina,Finalizada
CMP-0110,2025-12-10,TransLogic,DESCONOCIDO,Moda,Email Marketing,Awareness,139851,694938,1810720,136920,23430,Pablo Navarro,Finalizada
CMP-0111,2024-06-06,Ferretería Ibérica,Andalucía,Agricultura,Radio,Awareness,1414717,6174818,2926780,130970,13510,David López,Activa
CMP-0112,2024-11-12,Distribuciones Marín,Comunidad de Madrid,DESCONOCIDO,Google Ads,Lead Generation,2015534,5578699,3525330,165380,20680,Miguel Álvarez,Pausada
CMP-0113,2025-10-15,Joyería Alba,La Rioja,Hostelería,Influencers,Conversión,964041,2449947,1888550,53120,5110,Diego Romero,Activa
CMP-0114,2024-05-18,Dulcería Real,DESCONOCIDO,Turismo,Radio,Lead Generation,180563,2780323,1033600,30730,3100,Javier Torres,Cancelada
CMP-0115,2023-06-02,Constructora Levante,Cataluña,Hostelería,Redes Sociales,Branding,229391,,3369920,258780,35120,Javier Torres,Cancelada
CMP-0116,2024-07-16,Xtreme Bikes,Canarias,Retail,Prensa,Lead Generation,59015,149620,2161590,12720,1740,Carlos Ruiz,Finalizada
CMP-0118,2023-03-29,TransLogic,La Rioja,Turismo,Redes Sociales,Awareness,1619370,273890,4503180,351410,78970,Laura Gómez,Activa
CMP-0119,2023-11-29,Dulcería Real,Asturias,Finanzas,Prensa,Awareness,377595,1414811,4308890,150260,4270,Lucía Herrera,Pausada
CMP-0120,2025-03-23,Ferretería Ibérica,Comunidad de Madrid,Hostelería,Radio,Lead Generation,262261,334384,403550,12320,2390,Sara Molina,Cancelada
CMP-0122,2024-10-26,Bebidas Norte,Canarias,Moda,Televisión,Fidelización,1395755,2810751,142680,1670,230,Marta Sánchez,Pausada
CMP-0123,2025-09-18,Kapital Seguros,Islas Baleares,Educación,Radio,Fidelización,,625947,881640,33150,3680,Laura Gómez,Cancelada
CMP-0124,2023-10-06,Muebles Castillo,Galicia,Belleza,Influencers,Conversión,1111753,2344229,4322690,300260,,Ana Fernández,Finalizada
CMP-0125,2023-02-25,Restaurante El Fogón,Galicia,Belleza,SEM,Branding,925239,3899588,1052520,52010,7330,Pablo Navarro,Pausada
CMP-0126,2025-03-31,Byte Studio,Extremadura,Construcción,Redes Sociales,Awareness,1793786,6482962,392790,15190,2330,Diego Romero,Finalizada
CMP-0127,2025-03-29,Óptica Visión Plus,Extremadura,Alimentación,Redes Sociales,Fidelización,432519,1242734,2957890,232990,40210,David López,Finalizada
CMP-0128,2023-10-18,Wellness Center,Aragón,Belleza,SEO,Fidelización,279282,571717,455120,6230,1460,Pablo Navarro,Activa
CMP-0129,2023-11-24,AutoMotion,País Vasco,Finanzas,Televisión,Fidelización,1699306,1682801,3887290,90540,4690,Laura Gómez,Activa
CMP-0130,2025-09-29,Agrocampo,Asturias,Inmobiliario,Televisión,Awareness,48366,,2403880,32560,5560,Marta Sánchez,Pausada
CMP-0131,2024-01-10,Farmacia Central,Comunidad Valenciana,Inmobiliario,Email Marketing,Fidelización,1483618,4633135,1646990,22790,1890,Paula Serrano,Finalizada
CMP-0132,2025-09-19,Constructora Levante,Asturias,Construcción,Prensa,Lead Generation,800158,175571,286070,20000,4760,Miguel Álvarez,Activa
CMP-0133,2025-10-11,Fintech Nova,Islas Baleares,Hostelería,Radio,Fidelización,744383,1082617,2823610,75240,14850,Lucía Herrera,Activa
CMP-0134,2024-12-19,Nutrisana,Extremadura,DESCONOCIDO,Marketing de Contenidos,Conversión,1108893,4961877,4071540,268280,16190,Lucía Herrera,Pausada
CMP-0135,2025-11-19,Electro Ríos,Región de Murcia,DESCONOCIDO,Televisión,Awareness,,2250314,3696260,99600,14680,Álvaro Gil,Pausada
CMP-0136,2025-04-28,Grupo Peralta,Castilla-La Mancha,Educación,Influencers,Lead Generation,1908454,,2571170,40270,6510,Laura Gómez,Activa
CMP-0137,2024-03-22,Viñedos del Valle,La Rioja,DESCONOCIDO,Influencers,Awareness,1594405,5147718,4462000,43500,,Diego Romero,Activa
CMP-0138,2025-05-26,Viñedos del Valle,Comunidad Valenciana,DESCONOCIDO,Email Marketing,Awareness,60378,253806,833280,31740,320,Carlos Ruiz,Finalizada
CMP-0139,2023-09-29,Fintech Nova,Cantabria,Retail,Redes Sociales,Branding,1084493,740748,504030,2560,310,Carlos Ruiz,Activa
CMP-0140,2023-10-20,Kapital Seguros,Comunidad de Madrid,Tecnología,Radio,Awareness,,127776,3953710,279080,45760,Marta Sánchez,Cancelada
CMP-0141,2024-12-20,EcoHogar,Comunidad Valenciana,Alimentación,SEO,Fidelización,234986,169649,3949980,56230,10410,Miguel Álvarez,Pausada
CMP-0142,2024-05-05,EcoHogar,Región de Murcia,Inmobiliario,Google Ads,Branding,1304018,3181797,3925850,134970,,Álvaro Gil,Finalizada
CMP-0143,2025-03-26,Modaline,Navarra,Hostelería,Televisión,Branding,6139,35829,1379600,29220,6760,Carlos Ruiz,Finalizada
CMP-0144,2023-05-16,Byte Studio,Extremadura,Educación,SEO,Branding,1350248,,3330520,207290,34400,Laura Gómez,Finalizada
CMP-0145,2024-06-14,Solaris Energía,Región de Murcia,Deporte,SEM,Branding,426305,1834249,2747050,,24940,Ana Fernández,Activa
CMP-0146,2023-07-30,Panadería Trigo Dorado,Región de Murcia,Retail,Redes Sociales,Branding,157489,,879930,28660,2040,Marta Sánchez,Cancelada
CMP-0147,2025-02-02,Fintech Nova,Cataluña,Tecnología,SEO,Fidelización,818069,1675633,3781380,109640,22830,Pablo Navarro,Pausada
CMP-0148,2024-09-14,Lácteos del Sur,Castilla y León,Belleza,Influencers,Fidelización,234236,519614,,38880,5640,Miguel Álvarez,Terminada
CMP-0149,2024-11-17,Verde Natural,Asturias,Deporte,SEM,Branding,597834,1049186,4406780,251220,3090,Marta Sánchez,Finalizada
CMP-0150,2023-07-15,Zapatería Confort,Asturias,Alimentación,Marketing de Contenidos,Fidelización,1044381,4241678,2408640,188090,5710,Ana Fernández,Cancelada
CMP-0152,2023-03-24,Bahía Sports,Aragón,Tecnología,Google Ads,Awareness,244244,901726,1599960,107160,18990,Ana Fernández,Activa
CMP-0153,2023-10-14,Urbana Inmobiliaria,Cataluña,Deporte,SEO,Conversión,1398765,3651487,501630,19890,4030,Cristina Ortega,Pausada
CMP-0154,2023-07-08,Modaline,Región de Murcia,Retail,Email Marketing,Fidelización,74064,42274,,253170,51700,Cristina Ortega,Terminada
CMP-0155,2025-09-08,Byte Studio,Castilla-La Mancha,Moda,Email Marketing,Lead Generation,105931,307257,1293620,69260,8980,Elena Castro,Activa
CMP-0156,2025-03-06,Óptica Visión Plus,Comunidad de Madrid,Retail,SEM,Branding,1209617,4332881,1808720,132850,17340,Diego Romero,Activa
CMP-0157,2024-03-25,Innovatech Solutions,DESCONOCIDO,Automoción,Email Marketing,Conversión,134355,4867945,3869310,35570,8860,Miguel Álvarez,Activa
CMP-0158,2025-10-05,Óptica Visión Plus,País Vasco,Belleza,Redes Sociales,Fidelización,2369946,,2957310,225130,47450,Diego Romero,Finalizada
CMP-0159,2025-12-13,Lácteos del Sur,DESCONOCIDO,Finanzas,Televisión,Awareness,167699,154349,3699630,273000,53460,Marta Sánchez,Cancelada
CMP-0160,2024-12-31,Lácteos del Sur,País Vasco,Moda,SEM,Awareness,452023,1974762,,261150,41070,Miguel Álvarez,Activa
CMP-0161,2023-06-09,Farmacia Central,Aragón,Tecnología,Google Ads,Awareness,56782,1519095,4915940,207520,18560,David López,Activa
CMP-0162,2025-02-14,Ferretería Ibérica,Asturias,Alimentación,Radio,Fidelización,977124,3299606,877090,62570,8030,Carlos Ruiz,Activa
CMP-0163,2023-07-10,Modaline,La Rioja,Educación,Redes Sociales,Fidelización,867684,3496169,848600,50830,7180,David López,Pausada
CMP-0164,2023-11-11,Joyería Alba,Comunidad de Madrid,Deporte,Marketing de Contenidos,Lead Generation,757554,532444,2064930,98870,20910,Marta Sánchez,Cancelada
CMP-0165,2025-03-04,Bahía Sports,Asturias,Automoción,Email Marketing,Lead Generation,784716,1545391,2569270,185280,13630,Ana Fernández,Activa
CMP-0166,2024-04-10,AutoMotion,Navarra,Moda,Prensa,Lead Generation,232554,405556,2843750,102510,19630,Ana Fernández,Activa
CMP-0167,2025-07-08,Zapatería Confort,País Vasco,Salud,SEO,Conversión,2005117,6307389,3257010,52300,12430,Cristina Ortega,Finalizada
CMP-0168,2025-03-24,Hotel Costa Azul,Castilla-La Mancha,Construcción,Radio,Branding,812979,2726596,,42480,4380,Sara Molina,Activa
CMP-0169,2025-04-21,Colchones Descanso,La Rioja,Inmobiliario,Marketing de Contenidos,Lead Generation,1953271,7032033,4553060,205670,19030,Marta Sánchez,Cancelada
CMP-0170,2024-07-04,TecnoWave,Aragón,Deporte,SEM,Awareness,,3997873,3625280,82720,15630,Miguel Álvarez,Terminada
CMP-0173,2023-02-26,Óptica Visión Plus,País Vasco,Deporte,Marketing de Contenidos,Conversión,425514,1726253,3931710,264660,8380,Cristina Ortega,Activa
CMP-0174,2024-05-31,Solaris Energía,Canarias,Educación,SEM,Lead Generation,1195761,1023236,913070,45730,550,Pablo Navarro,Cancelada
CMP-0175,2024-08-01,Dulcería Real,Región de Murcia,Turismo,Influencers,Awareness,273734,670199,3477650,269470,56970,Paula Serrano,Finalizada
CMP-0176,2024-08-28,Electro Ríos,Extremadura,Moda,Televisión,Fidelización,1022164,1678659,738630,43650,7300,Miguel Álvarez,Cancelada
CMP-0177,2024-08-24,Óptica Visión Plus,Comunidad Valenciana,Educación,Prensa,Conversión,1278141,4921815,4412360,239680,34500,Cristina Ortega,Pausada
CMP-0178,2023-08-30,Sabores del Mediterráneo,Andalucía,Belleza,SEO,Fidelización,1974464,3339869,1371080,67070,8130,DESCONOCIDO,Terminada
CMP-0179,2023-12-29,Byte Studio,DESCONOCIDO,Retail,Radio,Awareness,804631,2659955,4088890,45220,4060,Diego Romero,Activa
CMP-0180,2025-02-03,TransLogic,Navarra,DESCONOCIDO,Redes Sociales,Conversión,1020416,4443276,2014680,10770,1480,Ana Fernández,Pausada
CMP-0181,2025-12-09,Clínica Dental Sonrisa,Comunidad Valenciana,Automoción,SEO,Conversión,181912,89504,4977670,133460,24640,Sara Molina,Finalizada
CMP-0182,2024-06-07,Dulcería Real,Cataluña,Inmobiliario,Redes Sociales,Branding,1271491,1039165,3733260,200810,3800,Elena Castro,Finalizada
CMP-0183,2023-10-08,Solaris Energía,Región de Murcia,Alimentación,SEM,Branding,766769,2360875,3478310,153120,24410,Lucía Herrera,Terminada
CMP-0184,2024-11-08,Joyería Alba,Comunidad de Madrid,Agricultura,Google Ads,Lead Generation,,1087002,4777890,98310,22990,Elena Castro,Pausada
CMP-0185,2023-12-24,Fintech Nova,Cataluña,Retail,Email Marketing,Conversión,1152743,5077397,1389770,55340,1870,Diego Romero,Pausada
CMP-0186,2025-09-06,Muebles Castillo,País Vasco,Alimentación,Email Marketing,Branding,473516,939108,2398570,60890,6240,Paula Serrano,Cancelada
CMP-0187,2023-09-25,Constructora Levante,La Rioja,Alimentación,Televisión,Awareness,1536081,5487634,3210270,22980,4000,Álvaro Gil,Finalizada
CMP-0188,2024-05-24,Muebles Castillo,Asturias,Tecnología,Prensa,Fidelización,1307367,4171305,3246350,39420,6650,Pablo Navarro,Activa
CMP-0189,2025-02-14,Lácteos del Sur,Castilla y León,Alimentación,Radio,Lead Generation,617412,2700936,268980,11570,1640,Álvaro Gil,Cancelada
CMP-0190,2024-09-15,Verde Natural,Galicia,Finanzas,Radio,Awareness,274555,557847,2925970,135120,,David López,Cancelada
CMP-0191,2024-12-28,Panadería Trigo Dorado,Navarra,Automoción,Google Ads,Lead Generation,1795465,1398484,3986020,216910,2280,Miguel Álvarez,Terminada
CMP-0192,2023-04-06,EcoHogar,Región de Murcia,Belleza,Radio,Fidelización,1153474,4131704,3763030,114180,21890,Elena Castro,Cancelada
CMP-0193,2023-12-22,Dulcería Real,Comunidad Valenciana,Inmobiliario,Marketing de Contenidos,Awareness,1217671,2965027,4834540,354190,62350,Diego Romero,Pausada
CMP-0194,2025-11-15,Restaurante El Fogón,Aragón,Educación,Prensa,Conversión,2409712,10545056,2379210,,6710,Ana Fernández,Finalizada
CMP-0195,2025-09-10,Constructora Levante,Extremadura,Finanzas,Prensa,Awareness,1269656,4083354,1695200,98790,19020,Laura Gómez,Finalizada
CMP-0196,2023-05-08,Distribuciones Marín,Canarias,Salud,Prensa,Branding,682106,,1507690,84810,3820,Miguel Álvarez,Cancelada
CMP-0197,2025-02-20,Grupo Peralta,Aragón,DESCONOCIDO,Redes Sociales,Conversión,1287087,4693622,3654710,97110,16450,Álvaro Gil,Pausada
CMP-0198,2025-07-08,Dulcería Real,Andalucía,Tecnología,Email Marketing,Fidelización,1375606,3898777,4074240,241880,13650,Marta Sánchez,Activa
CMP-0199,2024-09-08,Byte Studio,Islas Baleares,Construcción,SEO,Conversión,119053,500051,,27620,6450,Marta Sánchez,Activa
CMP-0200,2023-01-19,Muebles Castillo,Islas Baleares,Agricultura,Marketing de Contenidos,Conversión,841045,1289332,4987350,306460,42080,Javier Torres,Activa
CMP-0201,2025-07-01,Joyería Alba,Canarias,Agricultura,SEO,Awareness,8127,200806,4044600,133960,27150,Marta Sánchez,Activa
CMP-0202,2024-02-26,EcoHogar,Extremadura,Finanzas,Google Ads,Conversión,1682431,5971024,4539830,256070,53910,Laura Gómez,Pausada
CMP-0203,2025-04-08,Bebidas Norte,Comunidad de Madrid,Construcción,Redes Sociales,Fidelización,194696,730266,4781190,116650,12020,Carlos Ruiz,Pausada
CMP-0204,2023-03-05,Kapital Seguros,Castilla y León,Tecnología,Televisión,Fidelización,1524283,2259556,4863520,,19280,Paula Serrano,Pausada
CMP-0205,2025-03-18,Solaris Energía,Andalucía,Turismo,SEO,Awareness,139274,3664707,651100,5290,780,Álvaro Gil,Finalizada
CMP-0206,2025-08-02,Hotel Costa Azul,Andalucía,Turismo,Google Ads,Fidelización,501929,53290,4197520,199570,4600,David López,Terminada
CMP-0207,2024-10-09,Muebles Castillo,Comunidad de Madrid,Educación,Televisión,Conversión,1548529,2452618,3067730,,7360,Pablo Navarro,Pausada
CMP-0208,2023-10-14,Xtreme Bikes,Castilla-La Mancha,Educación,Google Ads,Branding,1388146,1441221,3185470,35510,,Diego Romero,Activa
CMP-0209,2024-04-02,Agrocampo,Canarias,Tecnología,Radio,Fidelización,2237085,5741801,3433360,216780,21200,Cristina Ortega,Finalizada
CMP-0210,2023-10-27,Rural Gourmet,Castilla-La Mancha,Automoción,SEO,Branding,1126627,1185673,4978980,236180,51800,Sara Molina,Activa
CMP-0211,2024-06-23,Lácteos del Sur,País Vasco,Moda,Televisión,Branding,275998,1205409,3326710,223630,47040,Elena Castro,Pausada
CMP-0212,2023-12-06,Xtreme Bikes,Navarra,Finanzas,SEM,Conversión,198579,7995033,39590,1680,70,Diego Romero,Finalizada
CMP-0213,2025-04-21,Bahía Sports,Cataluña,Tecnología,Marketing de Contenidos,Fidelización,1214161,2805952,1109690,,9040,Marta Sánchez,Finalizada
CMP-0214,2024-08-03,Restaurante El Fogón,Cantabria,Inmobiliario,Radio,Lead Generation,1506407,4017798,102620,7270,1340,Diego Romero,Finalizada
CMP-0215,2023-05-21,Yogures La Pradera,Asturias,Tecnología,Google Ads,Conversión,676011,2258948,1801580,133630,20460,Paula Serrano,Activa
CMP-0216,2025-06-02,Rural Gourmet,La Rioja,Hostelería,Televisión,Fidelización,2256922,5789008,11290,810,150,Paula Serrano,Cancelada
CMP-0217,2025-11-30,Hotel Costa Azul,Galicia,Educación,Influencers,Lead Generation,488772,1602402,4143840,22930,3100,Cristina Ortega,Cancelada
CMP-0218,2025-09-15,Colchones Descanso,La Rioja,Turismo,SEM,Fidelización,926797,1350672,3573330,124380,7320,Álvaro Gil,Cancelada
CMP-0219,2023-04-17,Clínica Dental Sonrisa,Comunidad de Madrid,Deporte,Email Marketing,Lead Generation,268691,654274,,125360,17810,Carlos Ruiz,Activa
CMP-0221,2025-03-20,Solaris Energía,Galicia,Construcción,Redes Sociales,Branding,2439602,1621701,1451700,92140,8730,Elena Castro,Pausada
CMP-0222,2023-12-25,Fintech Nova,Castilla-La Mancha,Agricultura,Prensa,Fidelización,1523781,1702072,4879370,172220,,Lucía Herrera,Cancelada
CMP-0223,2024-03-27,Viñedos del Valle,Castilla y León,Hostelería,Influencers,Lead Generation,2243379,8795162,2531910,34730,910,Laura Gómez,Pausada
CMP-0224,2025-09-02,Nutrisana,Galicia,Agricultura,Marketing de Contenidos,Awareness,1009348,3477113,1798020,19240,4490,Paula Serrano,Finalizada
CMP-0225,2023-08-07,Hotel Costa Azul,Andalucía,Finanzas,Radio,Fidelización,532811,613596,1314120,88990,8490,Javier Torres,Pausada
CMP-0227,2025-01-10,Lácteos del Sur,Castilla-La Mancha,Tecnología,Prensa,Awareness,1729242,604619,1109940,37130,1260,Diego Romero,Cancelada
CMP-0228,2024-01-04,EcoHogar,Castilla y León,Deporte,Google Ads,Conversión,105935,3664527,1919060,132550,10220,David López,Finalizada
CMP-0229,2024-10-08,Constructora Levante,Canarias,Turismo,Prensa,Fidelización,1065371,921313,4688300,322100,43180,Álvaro Gil,Activa
CMP-0230,2025-04-23,Hotel Costa Azul,Galicia,Inmobiliario,Marketing de Contenidos,Fidelización,915186,2428419,4890540,321550,29770,Pablo Navarro,Activa
CMP-0232,2025-04-27,Urbana Inmobiliaria,Comunidad de Madrid,Finanzas,SEM,Branding,1956816,8302444,3926120,192450,46520,Paula Serrano,Cancelada
CMP-0234,2025-06-30,Lácteos del Sur,País Vasco,Inmobiliario,Marketing de Contenidos,Lead Generation,2163318,4893885,4571010,208180,15690,Diego Romero,Pausada
CMP-0235,2024-06-16,Óptica Visión Plus,Comunidad de Madrid,Automoción,SEM,Lead Generation,1214496,1522904,474520,18090,1760,Pablo Navarro,Activa
CMP-0236,2025-06-14,Joyería Alba,País Vasco,Educación,Televisión,Conversión,1500569,5471709,2879210,95080,10340,David López,Pausada
CMP-0237,2024-01-09,Joyería Alba,Región de Murcia,Inmobiliario,Radio,Awareness,1628173,4126061,1414400,50870,10920,Javier Torres,Activa
CMP-0238,2023-01-31,Joyería Alba,Aragón,Moda,SEM,Lead Generation,687604,2271722,3817130,21430,670,Lucía Herrera,Terminada
CMP-0239,2023-01-26,Modaline,Castilla y León,Moda,Radio,Conversión,1367116,,4701040,320210,66000,Pablo Navarro,Finalizada
CMP-0240,2024-06-02,Lácteos del Sur,Canarias,Salud,Influencers,Branding,413356,1388296,3909500,,39750,Cristina Ortega,Pausada
CMP-0241,2025-08-31,Dulcería Real,DESCONOCIDO,Salud,Email Marketing,Lead Generation,316731,1144794,51810,4020,600,DESCONOCIDO,Activa
CMP-0242,2024-12-12,Byte Studio,Galicia,Retail,Televisión,Awareness,1759294,637596,664690,27640,2370,Pablo Navarro,Cancelada
CMP-0243,2023-11-25,Distribuciones Marín,Región de Murcia,Construcción,Influencers,Lead Generation,142542,3682154,1702010,102000,7750,Sara Molina,Pausada
CMP-0244,2024-01-24,Farmacia Central,La Rioja,Hostelería,Prensa,Conversión,612191,2037503,3456330,267990,55350,Cristina Ortega,Activa
CMP-0245,2025-03-06,Constructora Levante,Navarra,Inmobiliario,Marketing de Contenidos,Awareness,,2511429,2549730,49390,870,Miguel Álvarez,Finalizada
CMP-0246,2025-05-01,Nutrisana,Cataluña,Deporte,Marketing de Contenidos,Awareness,1180787,3522819,1897290,88890,20900,Álvaro Gil,Activa
CMP-0247,2024-01-02,Agrocampo,Región de Murcia,Inmobiliario,Influencers,Lead Generation,975621,1084014,3448920,81590,13060,DESCONOCIDO,Cancelada
CMP-0248,2024-10-07,Yogures La Pradera,Aragón,Deporte,Influencers,Lead Generation,857032,826471,3150280,120420,11380,Miguel Álvarez,Finalizada
CMP-0249,2024-08-05,Panadería Trigo Dorado,Navarra,Tecnología,SEM,Branding,,5241469,2086890,10460,190,Lucía Herrera,Pausada
CMP-0251,2023-07-15,Lácteos del Sur,Canarias,Retail,Marketing de Contenidos,Lead Generation,1986402,2038427,4334070,313900,56080,Lucía Herrera,Cancelada
CMP-0252,2023-01-24,Sabores del Mediterráneo,Asturias,Retail,SEM,Fidelización,232701,1876199,4044060,,14830,Miguel Álvarez,Cancelada
CMP-0253,2025-03-18,Urbana Inmobiliaria,Aragón,Alimentación,Radio,Fidelización,1887044,5125344,477290,10330,820,Sara Molina,Finalizada
CMP-0254,2025-12-09,Wellness Center,Andalucía,Turismo,Televisión,Branding,1407055,3305196,3424660,163860,23700,Javier Torres,Pausada
CMP-0255,2023-04-02,Clínica Dental Sonrisa,Galicia,Finanzas,Influencers,Conversión,2469377,7131877,4213960,160820,7230,Carlos Ruiz,Finalizada
CMP-0256,2024-11-10,Joyería Alba,Galicia,Salud,Prensa,Fidelización,54059,173742,588410,16400,2010,Marta Sánchez,Cancelada
CMP-0257,2024-07-09,Dulcería Real,Comunidad de Madrid,Turismo,Influencers,Branding,226698,5695915,1344320,23890,1860,Elena Castro,Pausada
CMP-0258,2023-02-14,Xtreme Bikes,Navarra,Turismo,Influencers,Lead Generation,2169596,5494621,982360,19560,4730,Javier Torres,Pausada
CMP-0259,2025-03-03,Grupo Peralta,Castilla-La Mancha,Salud,Email Marketing,Awareness,2490066,10981363,1451390,95630,15310,Carlos Ruiz,Finalizada
CMP-0260,2023-10-11,TransLogic,Galicia,Deporte,Email Marketing,Awareness,2426932,10001117,1731400,66980,,Paula Serrano,Finalizada
CMP-0261,2024-01-13,Colchones Descanso,Comunidad Valenciana,Hostelería,Influencers,Lead Generation,2294438,3747928,2927060,131630,,Miguel Álvarez,Pausada
CMP-0262,2024-06-30,Byte Studio,Castilla y León,Inmobiliario,SEO,Conversión,1952188,1461096,973600,6780,1670,Miguel Álvarez,Cancelada
CMP-0263,2023-03-08,Panadería Trigo Dorado,Comunidad de Madrid,DESCONOCIDO,SEO,Conversión,476262,917916,2489320,38120,2140,Paula Serrano,Cancelada
CMP-0264,2025-02-18,Lácteos del Sur,Asturias,Inmobiliario,Marketing de Contenidos,Fidelización,2169602,8738864,2246620,79450,1590,Laura Gómez,Activa
CMP-0265,2023-04-11,Grupo Peralta,País Vasco,DESCONOCIDO,SEM,Fidelización,1306383,2562558,3859400,30650,3150,Pablo Navarro,Activa
CMP-0266,2024-02-18,Agrocampo,Región de Murcia,Belleza,Influencers,Branding,355561,72426,2368940,16270,1930,Elena Castro,Cancelada
CMP-0267,2023-11-29,TecnoWave,Cataluña,Moda,SEM,Awareness,1925286,7954245,2969800,208910,45340,Ana Fernández,Finalizada
CMP-0268,2023-01-12,Solaris Energía,La Rioja,Salud,SEO,Fidelización,156395,,2409600,101970,13220,Diego Romero,Pausada
CMP-0269,2024-12-15,Farmacia Central,Cataluña,Finanzas,Marketing de Contenidos,Fidelización,1579016,5912641,1093610,9480,430,Marta Sánchez,Finalizada
CMP-0270,2025-02-15,Dulcería Real,Andalucía,Turismo,Radio,Conversión,913268,411453,4034210,110720,,Javier Torres,Finalizada
CMP-0271,2024-08-11,AutoMotion,DESCONOCIDO,Construcción,Marketing de Contenidos,Fidelización,143699,6341825,2778200,219580,27680,Miguel Álvarez,Finalizada
CMP-0272,2023-08-30,Fintech Nova,Galicia,Retail,SEO,Awareness,1777296,7842998,13280,180,20,Ana Fernández,Activa
CMP-0273,2024-11-23,Muebles Castillo,La Rioja,Hostelería,Redes Sociales,Lead Generation,1002202,2695393,157650,10620,600,Álvaro Gil,Cancelada
CMP-0274,2023-02-08,Ferretería Ibérica,Aragón,Hostelería,Influencers,Branding,,3256293,3805900,212610,30450,Sara Molina,Cancelada
CMP-0275,2023-03-06,Constructora Levante,Andalucía,Belleza,SEO,Awareness,1496076,5881514,3945230,110940,23940,David López,Pausada
CMP-0276,2025-10-21,TecnoWave,DESCONOCIDO,Agricultura,Radio,Fidelización,194892,8060901,2331650,100140,20200,Álvaro Gil,Finalizada
CMP-0277,2023-06-28,Viñedos del Valle,Cataluña,Alimentación,Prensa,Awareness,981219,3858352,612310,3250,750,Cristina Ortega,Finalizada
CMP-0278,2025-11-18,Urbana Inmobiliaria,Islas Baleares,Tecnología,SEM,Fidelización,1684388,2434189,830730,21200,280,Elena Castro,Cancelada
CMP-0279,2025-07-02,Ferretería Ibérica,Canarias,DESCONOCIDO,SEO,Fidelización,282699,148688,2240900,77070,13800,Lucía Herrera,Cancelada
CMP-0280,2023-10-22,Kapital Seguros,Castilla-La Mancha,Agricultura,Influencers,Lead Generation,1717505,5638409,2445010,98510,,Javier Torres,Cancelada
CMP-0282,2025-06-10,Quimera Cosmética,Aragón,Construcción,SEO,Conversión,,215926,3643870,179720,35620,Paula Serrano,Activa
CMP-0283,2023-05-23,Viñedos del Valle,Asturias,Automoción,Radio,Branding,826938,587247,2339210,42600,10190,Cristina Ortega,Finalizada
CMP-0284,2024-09-15,Quimera Cosmética,Islas Baleares,Inmobiliario,Redes Sociales,Fidelización,1546619,3368646,1083250,60780,5220,Paula Serrano,Pausada
CMP-0285,2024-10-13,Bahía Sports,Asturias,Moda,Televisión,Conversión,2155895,8485289,1238340,46280,7010,Sara Molina,Cancelada
CMP-0286,2023-02-02,Byte Studio,La Rioja,Finanzas,Televisión,Conversión,735408,2916253,663230,9990,270,Sara Molina,Cancelada
CMP-0287,2024-04-07,Farmacia Central,Comunidad de Madrid,Deporte,SEO,Fidelización,465897,1136576,2899330,192820,19730,Laura Gómez,Activa
CMP-0288,2025-08-10,Nutrisana,Navarra,Agricultura,Marketing de Contenidos,Branding,372377,,4510470,355310,69970,Carlos Ruiz,Pausada
CMP-0289,2025-08-18,Farmacia Central,Aragón,Moda,Influencers,Awareness,15088,262968,4086720,23730,2820,Paula Serrano,Pausada
CMP-0291,2024-04-28,Dulcería Real,DESCONOCIDO,Deporte,Redes Sociales,Conversión,1852639,5684737,,127470,9260,Álvaro Gil,Cancelada
CMP-0292,2024-12-07,Grupo Peralta,Canarias,Belleza,Prensa,Conversión,1658455,5554491,882040,18350,3410,DESCONOCIDO,Cancelada
CMP-0293,2023-03-26,Solaris Energía,Islas Baleares,Moda,Marketing de Contenidos,Awareness,736205,268619,2007800,112200,27020,Carlos Ruiz,Cancelada
CMP-0294,2024-01-04,Grupo Peralta,Región de Murcia,Automoción,SEO,Awareness,1841097,5104703,1026970,45180,7800,Diego Romero,Finalizada
CMP-0295,2024-01-14,Bahía Sports,País Vasco,Turismo,SEM,Lead Generation,1776026,1427754,4495210,226340,22680,Pablo Navarro,Cancelada
CMP-0297,2023-05-30,EcoHogar,Castilla-La Mancha,Hostelería,Radio,Branding,1542636,115119,2320150,136080,4730,Paula Serrano,Finalizada
CMP-0298,2025-04-07,Restaurante El Fogón,Castilla y León,Retail,Televisión,Lead Generation,,3561626,4932840,309900,38660,Javier Torres,Activa
CMP-0299,2024-08-16,Nutrisana,DESCONOCIDO,Construcción,Redes Sociales,Conversión,,3596933,1787900,19720,2370,Carlos Ruiz,Activa
CMP-0300,2024-05-03,Urbana Inmobiliaria,Andalucía,Hostelería,Prensa,Awareness,,1636679,1017360,7020,1740,Lucía Herrera,Activa
CMP-0301,2023-11-02,TecnoWave,Castilla y León,Agricultura,Google Ads,Lead Generation,,1219558,3433050,188980,22670,Paula Serrano,Finalizada
CMP-0302,2023-08-06,Kapital Seguros,Castilla y León,Alimentación,SEO,Lead Generation,2055433,1456536,3209580,57130,8670,Miguel Álvarez,Finalizada
CMP-0303,2023-12-11,TecnoWave,País Vasco,Belleza,SEO,Fidelización,1490851,2548037,638050,16290,3120,Sara Molina,Cancelada
CMP-0304,2024-08-04,Nutrisana,La Rioja,Educación,Email Marketing,Conversión,35747,37661,472350,27390,4170,Pablo Navarro,Activa
CMP-0305,2023-01-10,Xtreme Bikes,Galicia,Alimentación,Prensa,Branding,1537884,1029904,4338150,276310,25830,Elena Castro,Finalizada
CMP-0306,2023-03-30,Bahía Sports,Islas Baleares,Turismo,Influencers,Fidelización,199560,6342064,4783800,194130,10150,Miguel Álvarez,Finalizada
CMP-0307,2024-10-29,Xtreme Bikes,Aragón,Salud,Google Ads,Conversión,1296961,775077,1238640,73210,11140,Sara Molina,Cancelada
CMP-0308,2025-02-03,Ferretería Ibérica,Galicia,Finanzas,Influencers,Awareness,2228412,2025077,4869800,246930,13020,Miguel Álvarez,Activa
CMP-0310,2023-11-02,Grupo Peralta,Navarra,Retail,Televisión,Lead Generation,634622,1347839,1171050,84180,12790,Carlos Ruiz,Activa
CMP-0311,2023-02-02,Sabores del Mediterráneo,Canarias,Tecnología,Radio,Fidelización,2375836,2037019,1555790,35670,8900,Lucía Herrera,Finalizada
CMP-0312,2024-11-12,Panadería Trigo Dorado,Canarias,Moda,SEM,Fidelización,,5127155,12140,840,20,Carlos Ruiz,Activa
CMP-0313,2025-01-20,Panadería Trigo Dorado,Andalucía,Construcción,SEO,Conversión,2222185,1702326,1921740,76680,1510,Carlos Ruiz,Finalizada
CMP-0314,2023-05-10,Fintech Nova,Canarias,Belleza,Marketing de Contenidos,Awareness,81475,3317107,2645130,148170,11330,Lucía Herrera,Finalizada
CMP-0315,2023-08-12,Viñedos del Valle,Región de Murcia,Belleza,Email Marketing,Conversión,,459065,942480,25090,6010,Ana Fernández,Terminada
CMP-0316,2024-04-20,Urbana Inmobiliaria,Aragón,Moda,Marketing de Contenidos,Awareness,1849519,72173,996220,9680,2120,DESCONOCIDO,Cancelada
CMP-0317,2024-04-09,Viñedos del Valle,Región de Murcia,Hostelería,Redes Sociales,Lead Generation,774124,661263,4143450,115960,,DESCONOCIDO,Finalizada
CMP-0318,2025-01-27,Byte Studio,Cataluña,Finanzas,Influencers,Awareness,419912,332173,1665030,80070,9270,Marta Sánchez,Activa
CMP-0319,2025-11-05,Byte Studio,Canarias,Belleza,SEM,Fidelización,2370517,9948603,823160,4380,820,DESCONOCIDO,Cancelada
CMP-0320,2024-03-27,TecnoWave,Andalucía,Automoción,Redes Sociales,Conversión,36577,956134,1620230,11110,1750,Paula Serrano,Activa
CMP-0321,2025-11-13,Urbana Inmobiliaria,Islas Baleares,DESCONOCIDO,Televisión,Awareness,1699117,7343617,2688240,92960,11870,Álvaro Gil,Cancelada
CMP-0322,2025-04-28,Sabores del Mediterráneo,DESCONOCIDO,DESCONOCIDO,SEO,Awareness,201314,3044397,4229040,252050,56820,DESCONOCIDO,Cancelada
CMP-0323,2023-10-08,Nutrisana,Asturias,Turismo,Prensa,Lead Generation,36415,108625,1438030,51890,7440,Álvaro Gil,Cancelada
CMP-0324,2025-08-25,Fintech Nova,Canarias,Moda,Email Marketing,Lead Generation,86563,26858,1382180,38020,6220,Laura Gómez,Activa
CMP-0325,2023-09-02,Panadería Trigo Dorado,Comunidad de Madrid,Tecnología,Marketing de Contenidos,Branding,1461043,3908894,4557630,110940,19370,Marta Sánchez,Pausada
CMP-0326,2024-01-11,Ferretería Ibérica,País Vasco,Construcción,Influencers,Awareness,738843,1865114,4913990,52880,2980,Ana Fernández,Pausada
CMP-0327,2025-02-02,AutoMotion,Castilla y León,Deporte,SEO,Fidelización,1345362,2390498,758490,4520,600,Elena Castro,Activa
CMP-0328,2023-10-12,Bahía Sports,Navarra,Hostelería,Influencers,Conversión,2050735,8568629,2519050,78380,13780,Álvaro Gil,Finalizada
CMP-0329,2023-08-17,Kapital Seguros,La Rioja,Hostelería,Televisión,Branding,330854,280206,417110,15370,2960,Carlos Ruiz,Pausada
CMP-0330,2024-02-14,Solaris Energía,Islas Baleares,Deporte,SEM,Fidelización,1891285,6782067,,242090,36560,Diego Romero,Activa
CMP-0331,2023-01-09,Solaris Energía,Galicia,Agricultura,Prensa,Lead Generation,133152,440255,1482740,26510,5060,DESCONOCIDO,Pausada
CMP-0332,2023-09-11,Quimera Cosmética,Navarra,Tecnología,Radio,Awareness,,2636344,2141880,28830,7100,Laura Gómez,Cancelada
CMP-0333,2025-04-14,Joyería Alba,DESCONOCIDO,Salud,Google Ads,Lead Generation,1153226,3911665,3607100,282120,32880,Laura Gómez,Activa
CMP-0334,2023-12-12,Nutrisana,Galicia,Automoción,SEO,Fidelización,31566,618128,3648990,179860,6180,Sara Molina,Pausada
CMP-0335,2024-07-25,Restaurante El Fogón,Cantabria,Alimentación,Google Ads,Conversión,903121,,4986460,176180,22240,Carlos Ruiz,Cancelada
CMP-0336,2023-07-17,Verde Natural,Navarra,Hostelería,Radio,Lead Generation,243074,4635563,3565980,105270,8700,Pablo Navarro,Activa
CMP-0337,2025-02-09,TecnoWave,Cataluña,Retail,Email Marketing,Fidelización,2476965,9899260,629600,21260,1810,Marta Sánchez,Cancelada
CMP-0338,2025-08-20,Xtreme Bikes,País Vasco,Construcción,Redes Sociales,Fidelización,1914748,5149125,2576910,140450,24500,Ana Fernández,Activa
CMP-0339,2023-07-19,Óptica Visión Plus,Islas Baleares,Finanzas,SEO,Conversión,2027693,5581552,4016820,288610,26520,Carlos Ruiz,Pausada
CMP-0340,2025-05-15,Bahía Sports,Extremadura,Turismo,Redes Sociales,Fidelización,857234,328141,1714790,13380,,Diego Romero,Finalizada
CMP-0342,2023-06-07,Innovatech Solutions,Canarias,Construcción,SEM,Lead Generation,186829,684725,2496770,92460,8630,Sara Molina,Cancelada
CMP-0343,2025-10-19,Bebidas Norte,Cantabria,Turismo,Prensa,Fidelización,467890,176925,3692480,161420,8840,Miguel Álvarez,Pausada
CMP-0344,2025-04-20,Viñedos del Valle,Andalucía,Finanzas,SEO,Lead Generation,386404,,3597980,224560,47730,Marta Sánchez,Cancelada
CMP-0345,2025-09-21,Grupo Peralta,Comunidad de Madrid,Finanzas,Prensa,Conversión,301625,333612,1292580,83730,7070,Miguel Álvarez,Activa
CMP-0346,2025-03-23,Modaline,Comunidad Valenciana,DESCONOCIDO,Prensa,Branding,2253426,4528099,1910440,,23540,Paula Serrano,Activa
CMP-0347,2025-05-16,Lácteos del Sur,Región de Murcia,Belleza,Televisión,Branding,836629,2304219,2049460,134110,25280,Elena Castro,Pausada
CMP-0348,2023-03-13,Byte Studio,Cataluña,Educación,SEO,Awareness,920235,304213,4311320,121200,19980,Miguel Álvarez,Activa
CMP-0349,2024-06-07,Grupo Peralta,Castilla y León,Turismo,SEO,Conversión,2146965,4147031,4774910,367930,85580,Paula Serrano,Activa
CMP-0350,2023-07-25,Xtreme Bikes,Castilla-La Mancha,Construcción,Google Ads,Lead Generation,1188306,2417534,4415110,132250,14720,Cristina Ortega,Finalizada
CMP-0351,2023-09-24,Kapital Seguros,Extremadura,Hostelería,Influencers,Lead Generation,79803,515028,832440,19740,3570,Ana Fernández,Pausada
CMP-0352,2024-04-04,Joyería Alba,Comunidad de Madrid,Finanzas,Marketing de Contenidos,Conversión,512686,1046333,958620,33080,3320,David López,Activa
CMP-0353,2023-01-29,Electro Ríos,Extremadura,Hostelería,Radio,Lead Generation,665191,448377,1933960,,5010,David López,Pausada
CMP-0354,2024-08-02,Joyería Alba,Galicia,Moda,Email Marketing,Lead Generation,1871179,3564051,2266290,156880,24160,Ana Fernández,Terminada
CMP-0355,2024-03-10,Nutrisana,Extremadura,Educación,Marketing de Contenidos,Awareness,45594,39186,1699730,132710,13980,Laura Gómez,Pausada
CMP-0356,2023-01-11,Electro Ríos,Asturias,Turismo,Televisión,Conversión,2349518,10249259,3141450,182880,37370,Diego Romero,Cancelada
CMP-0357,2024-06-17,Muebles Castillo,Cataluña,Tecnología,Radio,Awareness,,1876531,1668650,97230,11070,Ana Fernández,Pausada
CMP-0358,2023-11-06,Zapatería Confort,Cantabria,Retail,SEO,Conversión,796266,3224257,1659350,100000,12790,Pablo Navarro,Cancelada
CMP-0359,2025-09-20,Bahía Sports,Región de Murcia,Deporte,Email Marketing,Branding,2488100,10435755,,8340,2060,Marta Sánchez,Finalizada
CMP-0361,2025-07-16,Viñedos del Valle,Comunidad Valenciana,Hostelería,SEM,Awareness,1578325,225880,3454840,18770,,Elena Castro,Cancelada
CMP-0363,2025-05-16,Yogures La Pradera,Extremadura,Hostelería,Influencers,Fidelización,515681,,2039700,83080,12050,Javier Torres,Finalizada
CMP-0364,2025-09-05,Zapatería Confort,Comunidad Valenciana,Turismo,SEO,Fidelización,1581308,3959037,1529120,61340,1770,Laura Gómez,Cancelada
CMP-0365,2023-06-17,AutoMotion,Cataluña,Alimentación,Televisión,Awareness,1172348,3898411,4266540,,7280,Lucía Herrera,Pausada
CMP-0367,2025-03-19,Kapital Seguros,Comunidad Valenciana,DESCONOCIDO,Redes Sociales,Conversión,1553878,6822258,1896250,107700,25970,Cristina Ortega,Terminada
CMP-0368,2025-06-30,Byte Studio,Comunidad de Madrid,Inmobiliario,SEO,Conversión,1195493,468192,875870,63650,11920,Sara Molina,Cancelada
CMP-0369,2023-03-17,Sabores del Mediterráneo,La Rioja,DESCONOCIDO,Marketing de Contenidos,Fidelización,2124568,7214457,3128910,187200,46750,David López,Cancelada
CMP-0370,2023-08-28,Colchones Descanso,Islas Baleares,Retail,Email Marketing,Awareness,803308,45527,4686240,251280,56130,Pablo Navarro,Pausada
CMP-0371,2025-03-10,Electro Ríos,Islas Baleares,Hostelería,Email Marketing,Fidelización,2136565,7058861,2461110,36510,2930,Marta Sánchez,Cancelada
CMP-0372,2023-04-07,AutoMotion,Islas Baleares,Tecnología,Prensa,Branding,1987836,8469831,2593540,72030,4340,David López,Pausada
CMP-0373,2023-11-06,Muebles Castillo,Región de Murcia,Agricultura,Radio,Lead Generation,1966517,694450,4042510,286320,21240,Carlos Ruiz,Activa
CMP-0374,2023-11-18,TecnoWave,Cantabria,Hostelería,Prensa,Lead Generation,1278118,1280156,623970,43870,10030,Cristina Ortega,Activa
CMP-0375,2024-11-30,Urbana Inmobiliaria,País Vasco,Alimentación,SEM,Awareness,2424699,8560936,39530,920,180,Cristina Ortega,Cancelada
CMP-0376,2025-11-23,Fintech Nova,Navarra,Alimentación,Google Ads,Conversión,362226,761057,4818060,171990,20650,Laura Gómez,Activa
CMP-0377,2024-09-15,Zapatería Confort,Aragón,Agricultura,Influencers,Branding,2432200,5012964,4649050,260650,37230,Marta Sánchez,Finalizada
CMP-0378,2025-04-08,Farmacia Central,Canarias,Alimentación,Redes Sociales,Lead Generation,1975087,6001412,3661750,113120,23170,Marta Sánchez,Finalizada
CMP-0379,2024-06-13,Zapatería Confort,Canarias,DESCONOCIDO,Televisión,Branding,864958,2568821,127790,900,180,Elena Castro,Activa
CMP-0380,2025-12-28,Solaris Energía,Islas Baleares,Finanzas,Email Marketing,Lead Generation,1143805,5065217,4227550,257590,38530,Javier Torres,Pausada
CMP-0381,2025-05-20,Viñedos del Valle,Galicia,Belleza,Google Ads,Fidelización,26301,865011,4348390,156120,5010,Diego Romero,Cancelada
CMP-0382,2025-07-26,Xtreme Bikes,Navarra,Deporte,Prensa,Branding,1834658,3763019,858760,13590,550,Marta Sánchez,Activa
CMP-0383,2025-01-30,Sabores del Mediterráneo,Islas Baleares,Retail,Email Marketing,Conversión,293634,543887,1523280,12210,570,Paula Serrano,Terminada
CMP-0384,2024-09-26,Solaris Energía,Aragón,Hostelería,Televisión,Fidelización,323373,570535,4568540,38150,4780,Pablo Navarro,Pausada
CMP-0385,2024-11-25,Nutrisana,Cantabria,Educación,SEM,Branding,2003533,619274,2152630,73280,16560,Lucía Herrera,Activa
CMP-0386,2025-12-04,Nutrisana,La Rioja,Construcción,Redes Sociales,Conversión,497218,1441215,3029380,187270,,David López,Cancelada
CMP-0387,2023-02-17,Nutrisana,País Vasco,Moda,Redes Sociales,Awareness,2021164,5757872,2111570,103810,13280,Carlos Ruiz,Finalizada
CMP-0388,2024-01-07,Byte Studio,Cataluña,Turismo,Televisión,Lead Generation,780850,1569947,892040,8400,2020,Álvaro Gil,Finalizada
CMP-0390,2023-10-19,Rural Gourmet,Castilla y León,Construcción,Televisión,Fidelización,775440,1557342,444920,30460,3960,Diego Romero,Activa
CMP-0391,2024-03-11,Innovatech Solutions,Navarra,Turismo,Redes Sociales,Fidelización,1502712,5749148,1998090,159730,,Marta Sánchez,Cancelada
CMP-0392,2024-06-19,EcoHogar,Cantabria,Turismo,SEO,Awareness,1533904,6628233,1673820,119330,28260,Diego Romero,Finalizada
CMP-0393,2025-09-28,Solaris Energía,Andalucía,Hostelería,Google Ads,Lead Generation,1529791,486432,55210,3060,330,Álvaro Gil,Cancelada
CMP-0394,2024-01-31,Constructora Levante,Castilla y León,Educación,Redes Sociales,Awareness,2101082,7794705,49200,700,60,Cristina Ortega,Finalizada
CMP-0395,2024-02-06,Panadería Trigo Dorado,Asturias,Alimentación,SEM,Fidelización,111254,263663,3696230,214460,12900,Miguel Álvarez,Finalizada
CMP-0396,2024-07-15,Modaline,Comunidad de Madrid,Educación,Prensa,Fidelización,336029,1418367,4490170,99220,13440,Sara Molina,Activa
CMP-0397,2025-10-11,Lácteos del Sur,Cataluña,Agricultura,SEO,Branding,1092719,4894777,1441730,20360,2730,Sara Molina,Activa
CMP-0398,2024-11-05,Fintech Nova,Región de Murcia,Hostelería,Redes Sociales,Awareness,2445677,5087118,395280,29160,1660,Pablo Navarro,Activa
CMP-0399,2023-07-15,Zapatería Confort,Región de Murcia,Agricultura,Redes Sociales,Conversión,1989396,8480596,4072160,203590,23460,Laura Gómez,Activa
CMP-0400,2024-04-22,Bebidas Norte,Comunidad de Madrid,Hostelería,Televisión,Fidelización,149464,578381,2110970,25720,4890,Pablo Navarro,Activa
CMP-0401,2024-06-08,Modaline,La Rioja,Educación,Marketing de Contenidos,Lead Generation,1490359,5709973,4746500,227780,37120,Laura Gómez,Cancelada
CMP-0402,2023-10-26,Yogures La Pradera,Canarias,Inmobiliario,Influencers,Awareness,2400159,8324638,,79820,11160,Diego Romero,Finalizada
CMP-0404,2024-03-25,Sabores del Mediterráneo,Castilla y León,DESCONOCIDO,SEO,Lead Generation,834975,618183,4598310,295160,5940,Miguel Álvarez,Cancelada
CMP-0405,2023-03-03,EcoHogar,Comunidad Valenciana,Finanzas,Marketing de Contenidos,Awareness,1012775,381771,40260,1290,30,David López,Pausada
CMP-0406,2024-06-20,Constructora Levante,Comunidad Valenciana,Automoción,SEO,Awareness,862747,2268094,941070,18530,960,Javier Torres,Cancelada
CMP-0407,2025-02-13,Modaline,Aragón,DESCONOCIDO,Televisión,Conversión,313863,1257786,690740,44630,2490,Diego Romero,Finalizada
CMP-0408,2023-06-16,Innovatech Solutions,Andalucía,Tecnología,Prensa,Lead Generation,2184672,8468468,3067270,219110,13190,Elena Castro,Finalizada
CMP-0409,2023-03-16,Zapatería Confort,Galicia,Belleza,SEO,Lead Generation,1742384,575985,2599130,105340,15740,Sara Molina,Pausada
CMP-0410,2024-04-16,Hotel Costa Azul,Cantabria,Construcción,Marketing de Contenidos,Awareness,1385369,1197218,445540,12080,1620,DESCONOCIDO,Pausada
CMP-0411,2023-06-18,Quimera Cosmética,Navarra,Construcción,Prensa,Branding,81301,175211,1397630,74630,7170,Carlos Ruiz,Pausada
CMP-0412,2024-07-16,Distribuciones Marín,Comunidad Valenciana,Hostelería,Prensa,Awareness,1694266,2287427,3912050,258850,45050,Álvaro Gil,Cancelada
CMP-0413,2023-11-02,Dulcería Real,Castilla y León,Educación,SEO,Lead Generation,1899359,664664,3434320,149210,28740,Elena Castro,Cancelada
CMP-0414,2025-05-05,Muebles Castillo,Cantabria,Deporte,Prensa,Branding,1983949,3203908,989850,36780,8680,Miguel Álvarez,Pausada
CMP-0415,2024-09-05,Muebles Castillo,Comunidad de Madrid,Retail,Email Marketing,Conversión,579217,,3950920,139280,27420,Diego Romero,Cancelada
CMP-0416,2024-11-04,Quimera Cosmética,Cantabria,Finanzas,SEM,Branding,526427,1021622,2807260,95390,11820,Miguel Álvarez,Terminada
CMP-0417,2025-11-27,Joyería Alba,Aragón,Deporte,Televisión,Conversión,530613,,2754340,28220,670,Carlos Ruiz,Finalizada
CMP-0418,2024-09-27,Kapital Seguros,Navarra,Educación,Radio,Awareness,1091858,3581972,,42170,6240,Pablo Navarro,Finalizada
CMP-0419,2025-07-23,Colchones Descanso,Canarias,Moda,Marketing de Contenidos,Conversión,2200514,4913438,3025590,23990,760,Diego Romero,Finalizada
CMP-0420,2024-08-20,AutoMotion,Extremadura,Hostelería,Prensa,Branding,996007,4254829,1261690,90100,4310,Lucía Herrera,Finalizada
CMP-0421,2025-03-28,Viñedos del Valle,Cataluña,Retail,SEM,Branding,8626,257334,3547200,217190,22030,Pablo Navarro,Finalizada
CMP-0422,2023-07-25,Urbana Inmobiliaria,Región de Murcia,Tecnología,Google Ads,Branding,367834,137783,4417210,75540,15950,David López,Finalizada
CMP-0423,2025-06-28,Zapatería Confort,Comunidad de Madrid,Hostelería,SEO,Conversión,160971,5326408,4707910,59830,10510,Carlos Ruiz,Activa
CMP-0424,2023-12-09,Modaline,Navarra,Alimentación,Influencers,Awareness,567008,2271208,4183170,283000,47930,David López,Cancelada
CMP-0425,2024-10-09,Bahía Sports,DESCONOCIDO,Belleza,SEO,Branding,596372,444129,1700370,30640,3260,Laura Gómez,Pausada
CMP-0426,2023-12-18,Electro Ríos,Región de Murcia,Finanzas,Televisión,Conversión,1258949,5614903,,169130,41890,Paula Serrano,Cancelada
CMP-0427,2024-04-21,Modaline,Comunidad de Madrid,Hostelería,Google Ads,Conversión,851061,2430494,3072270,118790,,Javier Torres,Cancelada
CMP-0428,2024-11-04,EcoHogar,Aragón,Finanzas,Redes Sociales,Lead Generation,1612256,2095721,3807700,189830,44990,Laura Gómez,Pausada
CMP-0429,2024-03-31,Grupo Peralta,La Rioja,Alimentación,SEO,Branding,530427,279594,4816270,264290,18390,Carlos Ruiz,Finalizada
CMP-0432,2025-08-19,Viñedos del Valle,Galicia,Retail,Redes Sociales,Awareness,72240,1922304,2526000,26250,1120,Sara Molina,Cancelada
CMP-0433,2023-09-12,Kapital Seguros,País Vasco,Salud,Televisión,Awareness,1609801,4460594,2148220,153320,38050,Miguel Álvarez,Cancelada
CMP-0434,2023-02-27,TransLogic,Comunidad Valenciana,Finanzas,Email Marketing,Awareness,1844447,2430764,185910,13770,1330,Cristina Ortega,Activa
CMP-0435,2025-05-16,Quimera Cosmética,Extremadura,Turismo,SEM,Fidelización,1006214,2779036,4728810,52140,11900,Ana Fernández,Activa
CMP-0436,2024-09-22,Óptica Visión Plus,País Vasco,Deporte,Radio,Branding,2039285,2915952,1103510,82480,8700,Ana Fernández,Pausada
CMP-0437,2024-03-11,Constructora Levante,Cataluña,Educación,Email Marketing,Conversión,1766037,1998600,959120,40950,1490,Sara Molina,Activa
CMP-0438,2024-04-25,Clínica Dental Sonrisa,Región de Murcia,DESCONOCIDO,Redes Sociales,Branding,,143826,658690,16960,1560,Elena Castro,Cancelada
CMP-0439,2024-10-07,Wellness Center,Asturias,Moda,Marketing de Contenidos,Branding,1897141,5384770,1769490,58050,12980,Laura Gómez,Finalizada
CMP-0440,2025-08-31,Zapatería Confort,Galicia,Retail,Influencers,Branding,713079,2308174,4278210,101130,11970,Miguel Álvarez,Cancelada
CMP-0441,2025-09-02,Restaurante El Fogón,Región de Murcia,Turismo,Marketing de Contenidos,Conversión,1853227,6735801,1831270,67920,15860,Paula Serrano,Activa
CMP-0442,2023-08-25,Kapital Seguros,Castilla y León,Salud,SEO,Conversión,2084238,9346723,4591390,183700,41350,Carlos Ruiz,Activa
CMP-0443,2023-09-10,Quimera Cosmética,La Rioja,Alimentación,Influencers,Conversión,1920446,2353659,1355710,74480,17750,Diego Romero,Cancelada
CMP-0444,2023-06-29,Bebidas Norte,Aragón,Educación,Marketing de Contenidos,Conversión,2416295,5159373,1228510,26740,1000,Javier Torres,Cancelada
CMP-0445,2025-05-17,Colchones Descanso,Islas Baleares,Agricultura,Email Marketing,Fidelización,1847556,2965984,3098610,139960,29850,Laura Gómez,Finalizada
CMP-0446,2023-03-12,Joyería Alba,DESCONOCIDO,Construcción,Google Ads,Conversión,2096297,502964,2394620,38450,2990,Sara Molina,Finalizada
CMP-0447,2024-01-02,EcoHogar,Asturias,Turismo,Email Marketing,Branding,2123213,8969764,1185020,68170,1540,Javier Torres,Pausada
CMP-0448,2024-10-24,Joyería Alba,Cataluña,Deporte,SEM,Lead Generation,1747013,1955584,4494220,207180,6910,Pablo Navarro,Finalizada
CMP-0449,2023-10-30,Solaris Energía,Extremadura,Finanzas,Email Marketing,Branding,91832,,539500,30140,7450,Elena Castro,Finalizada
CMP-0450,2023-12-20,Restaurante El Fogón,Asturias,Hostelería,Google Ads,Lead Generation,627602,501436,2084560,86810,15200,Javier Torres,Activa
CMP-0451,2023-07-13,Yogures La Pradera,País Vasco,Moda,Radio,Lead Generation,577839,1597593,3007230,123180,21740,Javier Torres,Finalizada
CMP-0452,2023-09-12,Restaurante El Fogón,Galicia,Finanzas,Google Ads,Branding,1399029,3571652,4263240,190800,4830,Marta Sánchez,Activa
CMP-0453,2025-05-16,TecnoWave,Comunidad de Madrid,Construcción,SEM,Fidelización,229834,18934,1570400,50670,7120,Paula Serrano,Finalizada
CMP-0454,2023-10-02,TecnoWave,Aragón,Inmobiliario,Influencers,Awareness,608009,662675,1576330,109090,6720,Carlos Ruiz,Finalizada
CMP-0455,2024-07-05,Hotel Costa Azul,Galicia,Educación,Influencers,Fidelización,1697784,7213608,756010,34160,920,Sara Molina,Cancelada
CMP-0456,2025-04-13,Quimera Cosmética,Andalucía,Automoción,Influencers,Awareness,84256,238878,411450,10390,1420,Ana Fernández,Finalizada
CMP-0457,2023-07-15,Bahía Sports,Canarias,Construcción,SEM,Fidelización,455814,1531068,1612200,79250,16130,DESCONOCIDO,Cancelada
CMP-0458,2023-09-16,Wellness Center,Castilla-La Mancha,Retail,Influencers,Conversión,1488929,2066717,3605060,156880,,Pablo Navarro,Cancelada
CMP-0459,2024-04-13,Yogures La Pradera,Andalucía,Turismo,Televisión,Branding,731313,3145369,2734410,206790,45810,Carlos Ruiz,Pausada
CMP-0460,2025-11-07,Bebidas Norte,La Rioja,Belleza,Prensa,Fidelización,2325381,8592415,61070,4710,520,Paula Serrano,Cancelada
CMP-0461,2025-12-17,Agrocampo,País Vasco,Alimentación,Influencers,Conversión,1879177,2491319,3879390,211760,48890,Sara Molina,Activa
CMP-0462,2024-08-24,Grupo Peralta,DESCONOCIDO,Deporte,Redes Sociales,Fidelización,2082681,8066773,4502370,,5090,Pablo Navarro,Activa
CMP-0463,2025-11-19,Constructora Levante,Navarra,Retail,Email Marketing,Awareness,1017129,343004,2263650,94850,2870,Ana Fernández,Pausada
CMP-0464,2025-06-07,AutoMotion,Galicia,DESCONOCIDO,SEO,Awareness,2473636,7560358,2308490,39560,3750,Miguel Álvarez,Finalizada
CMP-0465,2024-10-27,Innovatech Solutions,Asturias,Construcción,Televisión,Branding,314605,740607,2603200,169170,30690,David López,Cancelada
CMP-0466,2025-05-28,Electro Ríos,Comunidad Valenciana,Tecnología,SEO,Awareness,184883,3927247,1522630,39840,1180,Miguel Álvarez,Finalizada
CMP-0467,2024-04-14,Yogures La Pradera,Asturias,Retail,SEM,Conversión,1535529,1677427,4486990,221380,35920,Diego Romero,Cancelada
CMP-0468,2023-05-06,Sabores del Mediterráneo,Cataluña,Turismo,Google Ads,Awareness,1321929,4283932,1218340,26350,2950,Paula Serrano,Activa
CMP-0469,2024-05-31,Lácteos del Sur,Aragón,Turismo,Google Ads,Fidelización,545704,1245648,4768060,240730,27300,Lucía Herrera,Pausada
CMP-0470,2023-09-04,Grupo Peralta,Galicia,Salud,Radio,Branding,1632616,192998,2018520,23290,,Pablo Navarro,Finalizada
CMP-0471,2024-12-12,Sabores del Mediterráneo,Región de Murcia,Alimentación,Radio,Lead Generation,1385229,1884752,4603400,285180,,Lucía Herrera,Finalizada
CMP-0472,2023-06-03,Distribuciones Marín,Navarra,Moda,Prensa,Lead Generation,1856974,3657262,3594760,161530,21520,Marta Sánchez,Activa
CMP-0473,2024-08-29,Yogures La Pradera,Región de Murcia,Construcción,SEO,Awareness,1149494,3761796,2757890,67320,14440,DESCONOCIDO,Activa
CMP-0474,2025-01-25,Grupo Peralta,Castilla-La Mancha,Educación,Email Marketing,Lead Generation,2474050,292404,614140,3130,290,Laura Gómez,Pausada
CMP-0475,2023-08-06,Fintech Nova,Castilla-La Mancha,Deporte,Marketing de Contenidos,Fidelización,1831582,2701029,1347110,104890,14570,Diego Romero,Cancelada
CMP-0476,2023-07-11,Byte Studio,Cantabria,Tecnología,Email Marketing,Conversión,1126219,3789963,2279900,74430,16850,Marta Sánchez,Finalizada
CMP-0477,2025-04-04,Restaurante El Fogón,Navarra,Tecnología,Redes Sociales,Lead Generation,172467,187810,757470,,540,Laura Gómez,Activa
CMP-0478,2023-08-06,Innovatech Solutions,Aragón,Deporte,Google Ads,Fidelización,373736,1096921,75760,4880,50,Pablo Navarro,Pausada
CMP-0479,2025-04-30,Agrocampo,Comunidad de Madrid,DESCONOCIDO,Influencers,Awareness,325227,1224377,544040,24940,860,Sara Molina,Activa
CMP-0480,2025-01-08,Fintech Nova,Comunidad Valenciana,Automoción,Marketing de Contenidos,Conversión,272306,1174882,1878320,20130,1810,Cristina Ortega,Pausada
CMP-0481,2023-06-06,Óptica Visión Plus,Comunidad Valenciana,Tecnología,Influencers,Conversión,2190997,315195,2622510,143260,33500,Lucía Herrera,Activa
CMP-0482,2024-10-15,Innovatech Solutions,La Rioja,Educación,Televisión,Awareness,378776,627565,673650,12550,1280,Paula Serrano,Cancelada
CMP-0483,2025-05-13,Agrocampo,Castilla y León,DESCONOCIDO,Google Ads,Conversión,1343751,340828,4311520,95960,2880,Elena Castro,Activa
CMP-0486,2023-08-16,Wellness Center,Cataluña,Inmobiliario,Email Marketing,Fidelización,1040576,1786477,4101770,218880,2880,Paula Serrano,Pausada
CMP-0487,2023-07-08,Colchones Descanso,Comunidad Valenciana,Moda,Marketing de Contenidos,Branding,,4147124,2226250,166650,12530,Diego Romero,Cancelada
CMP-0490,2025-10-25,Rural Gourmet,Comunidad Valenciana,Alimentación,Google Ads,Conversión,1762589,1249667,2140350,154610,,Cristina Ortega,Pausada
CMP-0491,2023-03-23,Urbana Inmobiliaria,Asturias,Salud,SEO,Fidelización,1967673,3392046,1894090,98030,23090,Pablo Navarro,Pausada
CMP-0492,2024-10-04,Bebidas Norte,Canarias,Tecnología,Google Ads,Awareness,2171484,7923764,4698080,54200,1760,Lucía Herrera,Pausada
CMP-0494,2023-04-27,Yogures La Pradera,Castilla y León,Educación,Prensa,Branding,1136229,4528005,3583550,29380,,Sara Molina,Cancelada
CMP-0495,2023-06-25,Nutrisana,Región de Murcia,Agricultura,Televisión,Conversión,885366,2007702,,203790,24770,Javier Torres,Cancelada
CMP-0496,2024-03-13,Bahía Sports,Cataluña,Inmobiliario,Televisión,Lead Generation,,327328,821530,62550,2800,David López,Cancelada
CMP-0497,2024-09-02,Innovatech Solutions,Extremadura,Construcción,SEO,Awareness,645137,670713,748110,7620,810,Paula Serrano,Pausada
CMP-0498,2023-11-26,Clínica Dental Sonrisa,DESCONOCIDO,Inmobiliario,Televisión,Fidelización,512541,2181454,2530100,102880,18030,Cristina Ortega,Pausada
CMP-0499,2025-04-12,Solaris Energía,Comunidad de Madrid,Deporte,Email Marketing,Lead Generation,393256,875533,778250,33040,,Laura Gómez,Cancelada
CMP-0500,2023-01-30,Agrocampo,Cantabria,Moda,Televisión,Lead Generation,1940473,5479822,1138180,35400,8440,Carlos Ruiz,Pausada
CMP-0501,2025-06-14,Constructora Levante,Región de Murcia,Hostelería,Google Ads,Fidelización,1390829,1367407,2290240,76990,16380,Diego Romero,Cancelada
CMP-0502,2025-07-20,Yogures La Pradera,Región de Murcia,Alimentación,Influencers,Lead Generation,1461459,638759,1524930,105030,6390,Miguel Álvarez,Pausada
CMP-0503,2025-04-29,Fintech Nova,Islas Baleares,Construcción,Marketing de Contenidos,Awareness,1278751,,3458380,85890,18140,Sara Molina,Finalizada
CMP-0504,2025-03-10,Restaurante El Fogón,Asturias,Agricultura,Influencers,Fidelización,2074804,7605387,3034610,112830,26560,Elena Castro,Cancelada
CMP-0505,2025-06-14,Hotel Costa Azul,Comunidad Valenciana,DESCONOCIDO,Google Ads,Branding,2096598,2029556,1695320,34380,1110,Cristina Ortega,Finalizada
CMP-0506,2023-02-17,Quimera Cosmética,Región de Murcia,Alimentación,Google Ads,Conversión,1930571,,1446600,16230,720,Javier Torres,Activa
CMP-0507,2024-10-04,Sabores del Mediterráneo,Cantabria,Hostelería,Email Marketing,Conversión,202468,876426,405090,8410,930,Cristina Ortega,Activa
CMP-0508,2024-06-05,Óptica Visión Plus,Comunidad de Madrid,Construcción,Email Marketing,Conversión,1220099,3512447,2870140,15430,2080,David López,Activa
CMP-0509,2024-08-25,Rural Gourmet,Extremadura,Construcción,Televisión,Awareness,683625,1587797,487180,15170,2150,Paula Serrano,Activa
CMP-0510,2025-05-17,Dulcería Real,Castilla-La Mancha,Deporte,Influencers,Fidelización,792731,288175,3790670,157640,34970,Javier Torres,Cancelada
CMP-0511,2025-12-22,Clínica Dental Sonrisa,Comunidad de Madrid,Moda,Email Marketing,Awareness,2225835,9624531,1331780,65270,5240,Javier Torres,Activa
CMP-0512,2023-05-16,Solaris Energía,Galicia,Construcción,SEO,Branding,,2153330,2980170,192640,43470,Lucía Herrera,Cancelada
CMP-0513,2023-04-06,TransLogic,Región de Murcia,Inmobiliario,Influencers,Fidelización,808103,1328933,1038490,9060,1160,Lucía Herrera,Cancelada
CMP-0514,2023-03-22,Joyería Alba,Comunidad de Madrid,Deporte,Televisión,Awareness,345024,,199020,14360,3300,Carlos Ruiz,Activa
CMP-0515,2023-07-30,Viñedos del Valle,Cataluña,Deporte,Redes Sociales,Lead Generation,1243475,3721233,4778490,67400,,Miguel Álvarez,Activa
CMP-0516,2024-06-24,Ferretería Ibérica,Asturias,Turismo,Email Marketing,Conversión,664025,2388342,585920,5030,410,Javier Torres,Cancelada
CMP-0517,2024-07-28,Urbana Inmobiliaria,La Rioja,Salud,Google Ads,Branding,1677223,4178646,1266030,61200,10320,David López,Cancelada
CMP-0518,2023-08-03,Ferretería Ibérica,Navarra,Construcción,Influencers,Awareness,546939,1704314,2459450,163270,8990,Álvaro Gil,Finalizada
CMP-0519,2023-05-21,Quimera Cosmética,País Vasco,Finanzas,SEM,Fidelización,243816,9618558,2697030,54550,5780,Miguel Álvarez,Cancelada
CMP-0520,2023-06-22,Constructora Levante,Galicia,Tecnología,Televisión,Fidelización,681557,1567724,2788360,108600,8000,Cristina Ortega,Terminada
CMP-0521,2023-04-13,Constructora Levante,Región de Murcia,Agricultura,Redes Sociales,Conversión,1493242,3769187,2592970,113820,4120,David López,Cancelada
CMP-0522,2024-02-26,Restaurante El Fogón,Galicia,DESCONOCIDO,SEM,Fidelización,994356,1216625,4325490,306950,22830,DESCONOCIDO,Finalizada
CMP-0523,2025-05-26,Clínica Dental Sonrisa,País Vasco,Turismo,Google Ads,Fidelización,484614,1976959,748610,57760,9810,David López,Activa
CMP-0524,2023-07-24,Joyería Alba,Aragón,Belleza,Radio,Awareness,2091690,5242048,882150,54360,10650,Pablo Navarro,Pausada
CMP-0525,2025-09-18,Kapital Seguros,Navarra,Educación,Redes Sociales,Conversión,178119,7202712,4065740,222780,48480,Pablo Navarro,Cancelada
CMP-0526,2024-07-14,Panadería Trigo Dorado,Castilla y León,Agricultura,Prensa,Conversión,531643,358833,4831840,,60440,DESCONOCIDO,Pausada
CMP-0527,2025-06-06,Kapital Seguros,DESCONOCIDO,Belleza,Email Marketing,Lead Generation,,1346809,3684640,113280,17780,Ana Fernández,Pausada
CMP-0528,2023-09-10,Xtreme Bikes,Canarias,DESCONOCIDO,Televisión,Branding,734885,2689016,86740,3380,210,Elena Castro,Finalizada
CMP-0529,2024-03-24,Innovatech Solutions,DESCONOCIDO,Moda,Televisión,Branding,373758,1262862,2270190,110990,3260,Marta Sánchez,Pausada
CMP-0530,2024-09-08,Dulcería Real,Canarias,Inmobiliario,Radio,Fidelización,365157,1286877,1315820,19960,2850,Miguel Álvarez,Pausada
CMP-0531,2023-02-24,Viñedos del Valle,Andalucía,Hostelería,Email Marketing,Fidelización,898401,2029956,2155930,85360,19540,Javier Torres,Pausada
CMP-0532,2025-11-26,Ferretería Ibérica,Cataluña,Alimentación,Redes Sociales,Awareness,1893231,3690227,2117570,117000,,Diego Romero,Activa
CMP-0533,2025-10-11,Yogures La Pradera,Comunidad Valenciana,Educación,Redes Sociales,Fidelización,1853621,96886,1080120,47220,6840,Diego Romero,Terminada
CMP-0534,2025-09-17,Verde Natural,DESCONOCIDO,Deporte,Marketing de Contenidos,Lead Generation,2085162,4512346,296780,22090,1810,Sara Molina,Finalizada
CMP-0535,2024-08-15,Grupo Peralta,La Rioja,Automoción,SEM,Lead Generation,443523,1514627,2871180,57490,7200,Pablo Navarro,Activa
CMP-0536,2025-06-29,Colchones Descanso,Islas Baleares,Belleza,Radio,Awareness,985785,2699336,183690,9800,2190,Elena Castro,Pausada
CMP-0537,2024-11-25,Zapatería Confort,Comunidad Valenciana,Turismo,Televisión,Lead Generation,988748,557274,3443900,56320,9420,Cristina Ortega,Pausada
CMP-0538,2025-04-06,Rural Gourmet,La Rioja,Automoción,SEO,Conversión,1750466,4854355,3049670,94860,15000,Miguel Álvarez,Cancelada
CMP-0539,2025-02-05,Modaline,Comunidad de Madrid,Automoción,Google Ads,Lead Generation,173578,234683,201170,,370,Elena Castro,Cancelada
CMP-0540,2024-01-29,Joyería Alba,Comunidad de Madrid,Finanzas,Google Ads,Branding,579231,1979259,2280740,150610,30730,Javier Torres,Cancelada
CMP-0541,2023-10-10,Distribuciones Marín,Extremadura,Finanzas,Televisión,Fidelización,2084359,5618503,2488720,105920,10120,David López,Activa
CMP-0542,2023-06-03,Hotel Costa Azul,Castilla y León,DESCONOCIDO,Prensa,Fidelización,988257,1782027,4579110,322180,78070,Miguel Álvarez,Pausada
CMP-0543,2023-10-13,Verde Natural,Aragón,Agricultura,Redes Sociales,Fidelización,100041,207075,1056250,31780,6150,Laura Gómez,Cancelada
CMP-0544,2024-07-08,Electro Ríos,Región de Murcia,Salud,Influencers,Lead Generation,1853438,7790606,4658150,215930,51210,Paula Serrano,Activa
CMP-0545,2023-04-17,Agrocampo,Región de Murcia,Agricultura,Influencers,Awareness,1528184,2893511,,216570,30880,Laura Gómez,Activa
CMP-0546,2023-04-27,Agrocampo,Castilla y León,Turismo,Email Marketing,Fidelización,1428761,637505,83110,5850,400,Ana Fernández,Pausada
CMP-0547,2024-05-15,Fintech Nova,Extremadura,Educación,Marketing de Contenidos,Lead Generation,1119984,1759965,1928780,122500,9820,Marta Sánchez,Pausada
CMP-0548,2024-04-26,Bebidas Norte,Cantabria,Alimentación,Redes Sociales,Awareness,542709,101163,,274660,5110,Álvaro Gil,Cancelada
CMP-0549,2024-01-13,Xtreme Bikes,Cataluña,Finanzas,SEM,Branding,,127272,2332940,19430,1150,Diego Romero,Pausada
CMP-0550,2025-05-25,Dulcería Real,Comunidad Valenciana,Hostelería,Google Ads,Awareness,557029,231083,3810210,256010,29230,Pablo Navarro,Pausada
CMP-0551,2024-07-28,Clínica Dental Sonrisa,Castilla-La Mancha,Alimentación,SEO,Fidelización,2401556,5434232,4852880,110970,,Javier Torres,Activa
CMP-0554,2024-04-25,Hotel Costa Azul,Andalucía,Construcción,Radio,Branding,59973,230819,4458340,140430,25610,Javier Torres,Activa
CMP-0555,2025-02-06,Joyería Alba,Canarias,Inmobiliario,Redes Sociales,Awareness,374837,626529,4137250,132480,32320,Laura Gómez,Pausada
CMP-0556,2024-03-16,Yogures La Pradera,Cataluña,Finanzas,Email Marketing,Lead Generation,1795105,6133124,4112620,199920,18500,Carlos Ruiz,Cancelada
CMP-0557,2025-12-10,Agrocampo,Aragón,Salud,Influencers,Conversión,,7094314,2771960,179800,27990,Carlos Ruiz,Cancelada
CMP-0558,2024-04-16,Panadería Trigo Dorado,Extremadura,Salud,Marketing de Contenidos,Conversión,217631,577575,,29860,4980,Paula Serrano,Finalizada
CMP-0559,2025-10-09,Joyería Alba,Galicia,Agricultura,Email Marketing,Lead Generation,867098,689732,2146730,78520,19310,DESCONOCIDO,Cancelada
CMP-0560,2023-05-30,AutoMotion,Asturias,Agricultura,Televisión,Fidelización,333467,147765,2266880,15400,770,Paula Serrano,Activa
CMP-0561,2025-07-10,TecnoWave,Extremadura,Turismo,Radio,Conversión,202906,845517,4985310,,20840,Diego Romero,Activa
CMP-0562,2025-11-07,Dulcería Real,Castilla-La Mancha,Hostelería,Google Ads,Awareness,149076,466669,2382780,79710,9180,Elena Castro,Cancelada
CMP-0563,2024-03-07,Joyería Alba,Castilla-La Mancha,Inmobiliario,Marketing de Contenidos,Awareness,820544,1344075,940410,71950,1440,Carlos Ruiz,Finalizada
CMP-0564,2024-07-24,Joyería Alba,Galicia,Construcción,Prensa,Conversión,2349228,3264492,3183070,195790,45400,Paula Serrano,Activa
CMP-0565,2023-09-16,Panadería Trigo Dorado,Región de Murcia,Agricultura,Google Ads,Lead Generation,52379,2229033,2999550,110940,12950,Ana Fernández,Pausada
CMP-0566,2024-07-19,Nutrisana,Navarra,Finanzas,Google Ads,Awareness,1865808,2302884,394800,11650,1530,Carlos Ruiz,Pausada
CMP-0567,2023-01-17,Distribuciones Marín,Asturias,Deporte,SEO,Conversión,2106749,6481935,4606010,239310,56900,Álvaro Gil,Finalizada
CMP-0568,2024-03-03,Zapatería Confort,Cataluña,Moda,SEM,Fidelización,2145749,7397841,21760,810,100,Elena Castro,Pausada
CMP-0569,2025-01-01,Fintech Nova,Canarias,Moda,Radio,Awareness,2190097,6801343,2575170,166750,17360,Marta Sánchez,Activa
CMP-0570,2024-04-25,Rural Gourmet,Aragón,DESCONOCIDO,Influencers,Lead Generation,1938731,4520544,4224050,294840,45480,Sara Molina,Cancelada
CMP-0571,2023-12-08,Fintech Nova,Región de Murcia,Inmobiliario,Marketing de Contenidos,Awareness,862807,3225003,1622480,62580,3940,Miguel Álvarez,Pausada
CMP-0572,2024-02-11,Óptica Visión Plus,Asturias,Deporte,SEO,Awareness,1921768,5039175,3438720,29880,1800,Javier Torres,Finalizada
CMP-0573,2025-09-20,TecnoWave,Canarias,Turismo,Redes Sociales,Branding,2116795,7348478,2765660,35090,3700,Sara Molina,Pausada
CMP-0574,2023-01-31,Nutrisana,Comunidad Valenciana,Hostelería,Televisión,Awareness,209787,507462,3693300,229640,25180,Miguel Álvarez,Terminada
CMP-0575,2025-12-28,Quimera Cosmética,Asturias,Retail,Radio,Lead Generation,742272,,2135340,100520,12660,Miguel Álvarez,Activa
CMP-0576,2023-06-21,Urbana Inmobiliaria,País Vasco,Salud,Radio,Fidelización,937158,2497754,3375220,95500,4250,Elena Castro,Terminada
CMP-0577,2025-04-12,Hotel Costa Azul,Galicia,Hostelería,Prensa,Lead Generation,1041409,3551358,4379250,71360,6210,Cristina Ortega,Cancelada
CMP-0578,2023-06-08,Yogures La Pradera,Comunidad de Madrid,Alimentación,Email Marketing,Conversión,1395922,4755455,3848390,42740,1500,Laura Gómez,Cancelada
CMP-0579,2024-08-25,Rural Gourmet,Castilla-La Mancha,Construcción,Influencers,Fidelización,1877504,487730,,11950,450,Ana Fernández,Pausada
CMP-0580,2023-10-05,Zapatería Confort,La Rioja,Retail,Influencers,Lead Generation,1519204,3468133,1109240,83430,19390,Laura Gómez,Activa
CMP-0581,2024-04-07,Muebles Castillo,Comunidad de Madrid,Turismo,SEM,Lead Generation,254892,74553,3121650,52230,4910,Diego Romero,Finalizada
CMP-0582,2025-12-05,AutoMotion,Aragón,Inmobiliario,Marketing de Contenidos,Fidelización,1832032,2703968,1383550,65400,2640,Pablo Navarro,Finalizada
CMP-0583,2024-10-24,Nutrisana,Cataluña,Tecnología,Prensa,Lead Generation,2325277,6703028,756470,13130,2880,Ana Fernández,Cancelada
CMP-0584,2025-12-22,Quimera Cosmética,Galicia,Tecnología,SEM,Conversión,1939321,6334263,1866170,52960,7160,Pablo Navarro,Activa
CMP-0586,2024-06-03,Zapatería Confort,Comunidad de Madrid,Retail,SEM,Lead Generation,503324,1390177,1727030,20820,2050,Miguel Álvarez,Activa
CMP-0587,2023-08-01,Wellness Center,Comunidad de Madrid,Educación,Email Marketing,Conversión,2493134,7368229,2575580,46440,8820,Sara Molina,Cancelada
CMP-0588,2023-02-04,Ferretería Ibérica,Aragón,Agricultura,Email Marketing,Fidelización,799307,3119807,1459780,114960,6500,Cristina Ortega,Activa
CMP-0589,2025-11-01,Byte Studio,Comunidad de Madrid,Automoción,Google Ads,Fidelización,1827814,1192957,2329680,19420,3030,Marta Sánchez,Activa
CMP-0590,2024-09-22,Solaris Energía,Galicia,Educación,Email Marketing,Awareness,559464,104789,431110,30510,7210,Marta Sánchez,Cancelada
CMP-0591,2025-06-19,Fintech Nova,País Vasco,Retail,Marketing de Contenidos,Lead Generation,2091483,3023777,1049510,19180,1540,DESCONOCIDO,Pausada
CMP-0592,2023-07-05,EcoHogar,Galicia,Turismo,SEO,Lead Generation,868609,3793789,2897030,194790,39080,Elena Castro,Finalizada
CMP-0593,2025-01-04,Panadería Trigo Dorado,País Vasco,Moda,Radio,Awareness,1418148,4346454,4730270,35660,6350,Marta Sánchez,Cancelada
CMP-0594,2025-06-09,Agrocampo,La Rioja,Finanzas,Televisión,Fidelización,481679,188505,4247650,217670,33180,Sara Molina,Finalizada
CMP-0595,2023-10-13,Electro Ríos,Aragón,Hostelería,Redes Sociales,Awareness,,1028261,1045510,79830,11680,Javier Torres,Activa
CMP-0596,2025-06-13,Distribuciones Marín,Castilla y León,DESCONOCIDO,Prensa,Awareness,2209728,3459077,426390,8030,1730,Carlos Ruiz,Finalizada
CMP-0597,2024-10-13,Quimera Cosmética,Comunidad Valenciana,Agricultura,SEM,Lead Generation,2081741,679926,4005610,295490,30440,Javier Torres,Activa
CMP-0598,2025-03-26,Constructora Levante,Castilla y León,Tecnología,Radio,Conversión,1924253,3560555,1786790,76130,790,Carlos Ruiz,Cancelada
CMP-0599,2025-05-13,Byte Studio,Asturias,Finanzas,Prensa,Branding,726711,1398646,4310840,176950,12850,Cristina Ortega,Activa
CMP-0600,2025-04-02,Colchones Descanso,Comunidad Valenciana,DESCONOCIDO,Televisión,Branding,1277287,4064908,65750,2720,650,Javier Torres,Pausada
CMP-0601,2023-06-13,Bahía Sports,Aragón,Agricultura,Marketing de Contenidos,Awareness,1968027,8696878,2792700,173060,37870,Miguel Álvarez,Cancelada
CMP-0602,2025-01-26,Joyería Alba,Aragón,Finanzas,SEM,Branding,118814,468741,2418030,78660,17570,Laura Gómez,Activa
CMP-0603,2023-07-13,Óptica Visión Plus,Comunidad Valenciana,DESCONOCIDO,SEM,Awareness,1835123,4645298,2082300,49240,1480,David López,Cancelada
CMP-0604,2023-07-27,TecnoWave,Andalucía,Automoción,SEM,Lead Generation,20981,391451,774390,39260,7210,Miguel Álvarez,Activa
CMP-0605,2025-11-18,TransLogic,Castilla y León,Educación,Redes Sociales,Conversión,2413597,8769342,2998130,73670,6090,Miguel Álvarez,Activa
CMP-0606,2023-09-23,Constructora Levante,Cantabria,Inmobiliario,Influencers,Branding,1701956,2459758,2139810,43940,8680,Diego Romero,Cancelada
CMP-0607,2023-01-26,Dulcería Real,Aragón,Automoción,Radio,Conversión,1063497,2977759,2843790,97190,,David López,Cancelada
CMP-0608,2024-12-08,Hotel Costa Azul,Navarra,Automoción,SEM,Awareness,1019287,313424,3000320,232760,37590,Pablo Navarro,Finalizada
CMP-0609,2025-10-02,Colchones Descanso,Comunidad Valenciana,Alimentación,Televisión,Fidelización,1090196,4886769,127720,7830,610,Sara Molina,Finalizada
CMP-0610,2024-10-12,Lácteos del Sur,Asturias,Salud,Televisión,Awareness,1930839,5690487,3487500,248850,59830,Paula Serrano,Activa
CMP-0611,2025-05-06,Muebles Castillo,Galicia,Finanzas,Redes Sociales,Conversión,1912079,,3587730,262060,26730,Carlos Ruiz,Activa
CMP-0614,2024-06-16,Sabores del Mediterráneo,DESCONOCIDO,Inmobiliario,Prensa,Branding,2170316,9725718,4525240,153390,,Álvaro Gil,Pausada
CMP-0615,2023-08-01,Restaurante El Fogón,Castilla-La Mancha,Hostelería,Marketing de Contenidos,Branding,1797229,4400606,,129620,25790,Marta Sánchez,Finalizada
CMP-0616,2024-08-27,Modaline,Aragón,Hostelería,Radio,Awareness,115644,3790982,3950280,92250,6670,Lucía Herrera,Activa
CMP-0617,2024-09-16,Colchones Descanso,Región de Murcia,Finanzas,SEM,Conversión,919556,1400591,4958430,290990,42550,Marta Sánchez,Pausada
CMP-0618,2025-01-15,Fintech Nova,Navarra,Moda,Radio,Fidelización,89452,106357,1593360,25690,330,Diego Romero,Pausada
CMP-0619,2025-09-18,Quimera Cosmética,Andalucía,Automoción,SEO,Awareness,2166214,5064678,891680,62690,7870,Diego Romero,Terminada
CMP-0621,2024-05-16,Ferretería Ibérica,Cantabria,Tecnología,Redes Sociales,Awareness,1127649,2815046,1287890,31170,,David López,Finalizada
CMP-0622,2023-04-15,Ferretería Ibérica,Andalucía,Salud,Radio,Branding,535175,708866,3998390,194300,23590,David López,Activa
CMP-0623,2025-07-23,Bahía Sports,Extremadura,Inmobiliario,SEM,Lead Generation,1805554,3898364,3374210,66160,13450,Pablo Navarro,Pausada
CMP-0624,2025-06-20,Hotel Costa Azul,País Vasco,DESCONOCIDO,Redes Sociales,Lead Generation,2170807,2921673,1448300,80870,10570,DESCONOCIDO,Cancelada
CMP-0625,2024-04-19,Muebles Castillo,Navarra,DESCONOCIDO,Influencers,Fidelización,160195,4104321,962640,18790,670,DESCONOCIDO,Finalizada
CMP-0626,2025-08-28,Clínica Dental Sonrisa,Extremadura,Hostelería,SEM,Conversión,2133846,6108172,828820,24380,3260,Álvaro Gil,Pausada
CMP-0627,2025-03-16,Muebles Castillo,Comunidad de Madrid,Moda,Redes Sociales,Awareness,182224,6893117,1658320,64220,7190,Pablo Navarro,Finalizada
CMP-0628,2024-02-13,Joyería Alba,Navarra,Belleza,SEM,Branding,2084728,832748,2246320,144480,12730,DESCONOCIDO,Activa
CMP-0629,2025-02-07,Quimera Cosmética,Cataluña,Finanzas,Influencers,Awareness,1725746,,2558490,60730,14990,Ana Fernández,Activa
CMP-0630,2023-06-30,Sabores del Mediterráneo,Aragón,Inmobiliario,Prensa,Awareness,2064291,8196459,3097290,84900,4920,Miguel Álvarez,Activa
CMP-0631,2024-01-13,Lácteos del Sur,Castilla y León,Belleza,Influencers,Awareness,2393856,4350030,4056180,155910,34650,Ana Fernández,Activa
CMP-0632,2025-11-15,Sabores del Mediterráneo,Extremadura,Retail,Prensa,Awareness,1079781,3979503,4189320,36030,4920,Diego Romero,Activa
CMP-0633,2025-08-17,Bebidas Norte,Galicia,Hostelería,Google Ads,Lead Generation,1955859,4954978,4191910,,39090,Paula Serrano,Pausada
CMP-0634,2025-06-04,Modaline,Canarias,Retail,Marketing de Contenidos,Lead Generation,470551,,2385510,106340,18730,DESCONOCIDO,Pausada
CMP-0635,2023-11-09,Agrocampo,Cataluña,Hostelería,Email Marketing,Fidelización,1155228,,4041630,269230,62480,David López,Finalizada
CMP-0637,2025-09-28,Yogures La Pradera,Islas Baleares,Automoción,Televisión,Fidelización,2284942,7638509,643070,11070,660,Laura Gómez,Cancelada
CMP-0638,2024-09-07,AutoMotion,Asturias,Agricultura,Radio,Branding,899609,3843196,4390850,43460,10300,Javier Torres,Finalizada
CMP-0639,2024-03-05,Rural Gourmet,País Vasco,Agricultura,Prensa,Conversión,,1161099,2468170,153450,3780,Marta Sánchez,Finalizada
CMP-0640,2023-02-22,Kapital Seguros,La Rioja,Retail,Email Marketing,Lead Generation,1021063,1906706,4416490,109920,,DESCONOCIDO,Activa
CMP-0641,2025-06-20,Nutrisana,Comunidad de Madrid,Agricultura,SEM,Conversión,106131,61404,2498980,99540,10910,Diego Romero,Cancelada
CMP-0642,2023-06-18,Colchones Descanso,Asturias,DESCONOCIDO,Marketing de Contenidos,Branding,506792,618847,685560,44840,1980,Javier Torres,Pausada
CMP-0643,2023-03-12,Rural Gourmet,Cataluña,DESCONOCIDO,SEO,Conversión,833301,,766370,37130,8690,Álvaro Gil,Pausada
CMP-0644,2025-04-10,Solaris Energía,DESCONOCIDO,Belleza,Marketing de Contenidos,Awareness,1438775,3355437,1808030,34490,7540,Ana Fernández,Pausada
CMP-0645,2025-07-23,Muebles Castillo,Aragón,Hostelería,Prensa,Awareness,2491781,2697456,1792730,117460,14910,Cristina Ortega,Activa
CMP-0646,2025-06-12,Bahía Sports,Andalucía,Deporte,Prensa,Conversión,318289,1048228,667170,47030,3930,Elena Castro,Finalizada
CMP-0647,2025-12-22,Distribuciones Marín,Islas Baleares,Tecnología,Influencers,Conversión,1838863,328519,3155630,200360,29070,Cristina Ortega,Finalizada
CMP-0648,2024-08-30,Farmacia Central,Navarra,Moda,Radio,Lead Generation,1071559,1231461,261440,20110,4780,DESCONOCIDO,Pausada
CMP-0649,2023-10-22,EcoHogar,País Vasco,Hostelería,SEO,Lead Generation,2309169,6639075,355300,3350,360,Sara Molina,Pausada
CMP-0650,2023-11-07,Modaline,Comunidad Valenciana,DESCONOCIDO,Influencers,Branding,581237,2491188,741310,53330,2110,Lucía Herrera,Cancelada
CMP-0651,2024-11-30,Kapital Seguros,Asturias,Deporte,SEM,Branding,2059156,5298805,3203340,125170,3360,Miguel Álvarez,Pausada
CMP-0652,2025-01-12,Fintech Nova,La Rioja,DESCONOCIDO,Televisión,Branding,1316641,884791,3841520,193030,29680,Ana Fernández,Pausada
CMP-0653,2025-09-21,Sabores del Mediterráneo,La Rioja,Salud,Marketing de Contenidos,Lead Generation,1674107,2268827,1874930,21050,720,Lucía Herrera,Cancelada
CMP-0654,2023-07-21,Electro Ríos,Región de Murcia,Salud,Influencers,Fidelización,1307038,5471288,2010850,16400,580,Sara Molina,Cancelada
CMP-0656,2024-06-22,Óptica Visión Plus,País Vasco,Salud,Prensa,Fidelización,2434477,3273263,2343360,149450,13130,Lucía Herrera,Activa
CMP-0657,2023-07-05,Agrocampo,La Rioja,Automoción,Influencers,Lead Generation,1854851,7071044,1198120,34430,2870,DESCONOCIDO,Pausada
CMP-0658,2023-06-05,Yogures La Pradera,Andalucía,Educación,Marketing de Contenidos,Lead Generation,1756566,4661993,3972650,186690,9830,Javier Torres,Cancelada
CMP-0659,2023-06-18,AutoMotion,Castilla-La Mancha,Retail,Radio,Conversión,2115624,7177013,4600190,329180,26510,David López,Finalizada
CMP-0660,2024-01-29,Grupo Peralta,Extremadura,Finanzas,Marketing de Contenidos,Lead Generation,2412184,9411453,2538740,172240,18850,Javier Torres,Pausada
CMP-0661,2023-10-03,Panadería Trigo Dorado,Castilla y León,Hostelería,Prensa,Fidelización,2252131,9537939,1683530,76640,2180,Carlos Ruiz,Pausada
CMP-0662,2025-06-15,Bebidas Norte,Extremadura,Alimentación,Email Marketing,Branding,2056272,255111,1416030,68060,1540,Javier Torres,Activa
CMP-0663,2025-10-02,Modaline,Comunidad Valenciana,Salud,Radio,Awareness,2387741,3485098,1326260,100860,18620,Javier Torres,Cancelada
CMP-0664,2023-04-19,Byte Studio,Islas Baleares,Hostelería,Google Ads,Fidelización,1920425,8482037,3081900,88090,1020,Diego Romero,Terminada
CMP-0665,2025-03-04,Bahía Sports,La Rioja,Tecnología,Influencers,Conversión,842839,586176,2120790,101900,24220,Miguel Álvarez,Activa
CMP-0666,2023-07-12,Distribuciones Marín,Comunidad de Madrid,Retail,Prensa,Branding,582068,2584191,3323780,36950,4370,Elena Castro,Pausada
CMP-0668,2023-09-04,Constructora Levante,Canarias,Alimentación,Influencers,Conversión,1278175,4755218,2338630,17010,320,DESCONOCIDO,Pausada
CMP-0669,2023-05-15,Viñedos del Valle,Islas Baleares,DESCONOCIDO,Televisión,Lead Generation,2322944,6043180,,130390,30840,Miguel Álvarez,Activa
CMP-0670,2024-02-16,Lácteos del Sur,Comunidad Valenciana,Turismo,Televisión,Branding,228143,6079067,3686580,165500,17310,Diego Romero,Pausada
CMP-0671,2023-12-22,Ferretería Ibérica,Cataluña,Construcción,Redes Sociales,Lead Generation,,630764,4968850,58080,13010,Laura Gómez,Cancelada
CMP-0673,2024-11-08,EcoHogar,Castilla y León,Automoción,Televisión,Fidelización,2252795,1776532,1527750,8180,550,Cristina Ortega,Pausada
CMP-0674,2025-05-01,EcoHogar,Castilla-La Mancha,Deporte,SEO,Lead Generation,2351877,7159143,4795600,122020,21430,Miguel Álvarez,Cancelada
CMP-0675,2025-09-27,Rural Gourmet,País Vasco,Educación,SEM,Lead Generation,1664148,2057708,3347840,45450,2180,Álvaro Gil,Activa
CMP-0677,2023-12-26,Lácteos del Sur,Galicia,Agricultura,Redes Sociales,Awareness,12852,46227,805640,,5860,Cristina Ortega,Cancelada
CMP-0678,2023-11-26,Verde Natural,Aragón,Retail,Google Ads,Lead Generation,2180917,1289812,1293570,64830,5120,Miguel Álvarez,Pausada
CMP-0679,2023-04-30,TecnoWave,Región de Murcia,Hostelería,Redes Sociales,Branding,375846,276596,1230060,6690,70,Ana Fernández,Finalizada
CMP-0681,2025-04-03,Byte Studio,Islas Baleares,Moda,Televisión,Lead Generation,125536,25403,4617710,210620,13580,Javier Torres,Finalizada
CMP-0682,2025-08-06,Colchones Descanso,Extremadura,Automoción,SEM,Conversión,,1994944,3461760,220890,21470,Elena Castro,Cancelada
CMP-0683,2025-11-25,Ferretería Ibérica,Cantabria,Retail,SEO,Lead Generation,514536,884111,4670760,78250,7990,Miguel Álvarez,Cancelada
CMP-0684,2023-09-25,Colchones Descanso,La Rioja,Automoción,Marketing de Contenidos,Fidelización,,221525,2161340,62100,4280,Carlos Ruiz,Activa
CMP-0685,2023-11-05,Ferretería Ibérica,Andalucía,Automoción,Marketing de Contenidos,Awareness,842141,,4889070,355110,20850,Pablo Navarro,Pausada
CMP-0686,2025-12-26,AutoMotion,Castilla y León,Alimentación,Email Marketing,Lead Generation,2009793,1951935,4621670,75800,8310,Paula Serrano,Finalizada
CMP-0687,2025-07-05,Dulcería Real,Islas Baleares,Alimentación,Influencers,Branding,1726541,6449316,4885810,186000,27390,Marta Sánchez,Finalizada
CMP-0688,2025-10-10,Lácteos del Sur,Extremadura,Tecnología,Influencers,Awareness,745027,2704212,4128930,46360,7170,Elena Castro,Pausada
CMP-0689,2024-11-22,Clínica Dental Sonrisa,Cantabria,Finanzas,Google Ads,Conversión,148987,194127,,39880,9930,Laura Gómez,Cancelada
CMP-0690,2025-02-07,Distribuciones Marín,Navarra,Deporte,Televisión,Conversión,2263246,4291275,193650,11060,820,Elena Castro,Activa
CMP-0691,2023-09-21,Nutrisana,Castilla y León,Alimentación,Email Marketing,Awareness,2017578,8344773,4521630,195150,7260,David López,Activa
CMP-0692,2025-08-01,Muebles Castillo,Aragón,Hostelería,Google Ads,Branding,2177996,6301672,824160,40140,9700,Carlos Ruiz,Activa
CMP-0693,2025-09-01,Fintech Nova,País Vasco,Belleza,SEM,Fidelización,541343,1792556,2033470,59030,8080,Laura Gómez,Pausada
CMP-0694,2023-06-05,Byte Studio,Aragón,Hostelería,SEO,Conversión,2197878,5971246,997710,57360,10240,Ana Fernández,Pausada
CMP-0695,2024-05-30,EcoHogar,País Vasco,DESCONOCIDO,Redes Sociales,Branding,1077778,4055429,3860840,,1030,Lucía Herrera,Activa
CMP-0696,2025-01-03,Electro Ríos,La Rioja,Automoción,Radio,Awareness,1701925,981485,1380920,82210,7110,Miguel Álvarez,Activa
CMP-0697,2025-04-05,Sabores del Mediterráneo,Cantabria,Belleza,Email Marketing,Conversión,1173063,2626358,4846510,313660,74290,Laura Gómez,Cancelada
CMP-0698,2023-11-06,Byte Studio,País Vasco,Salud,Google Ads,Conversión,1010557,362376,4154080,275430,62600,Pablo Navarro,Pausada
CMP-0699,2023-11-24,Fintech Nova,Islas Baleares,Alimentación,Influencers,Lead Generation,491066,1398883,2621910,98220,23310,Elena Castro,Cancelada
CMP-0700,2025-05-28,Xtreme Bikes,Comunidad Valenciana,Educación,Influencers,Conversión,5216,,836530,25420,2140,Carlos Ruiz,Finalizada
CMP-0701,2024-07-28,Fintech Nova,Aragón,Educación,SEO,Conversión,2277162,9315248,3328310,245230,59690,Diego Romero,Finalizada
CMP-0702,2025-02-25,Grupo Peralta,Andalucía,Construcción,Radio,Lead Generation,1231698,2799601,106690,3040,670,Miguel Álvarez,Finalizada
CMP-0703,2023-01-07,Innovatech Solutions,La Rioja,Construcción,Email Marketing,Awareness,1785531,3263748,4082690,38480,2660,Javier Torres,Finalizada
CMP-0704,2025-10-29,Electro Ríos,Asturias,Moda,Redes Sociales,Conversión,1520602,2344163,322520,19400,1100,Cristina Ortega,Cancelada
CMP-0705,2023-08-09,Byte Studio,Castilla-La Mancha,Salud,Marketing de Contenidos,Lead Generation,1127779,2147834,828010,41010,7870,Javier Torres,Pausada
CMP-0706,2025-06-08,Bebidas Norte,Asturias,DESCONOCIDO,Influencers,Fidelización,1203212,107731,4366050,257760,36600,DESCONOCIDO,Activa
CMP-0707,2024-04-26,Rural Gourmet,La Rioja,Moda,Prensa,Branding,1251758,5248852,738530,12080,,Marta Sánchez,Finalizada
CMP-0708,2024-04-06,Hotel Costa Azul,Cataluña,Salud,SEO,Conversión,583942,313787,3588620,168040,3790,Javier Torres,Cancelada
CMP-0709,2023-05-20,Verde Natural,Cataluña,Salud,SEO,Fidelización,1285412,,128270,7080,1250,Javier Torres,Cancelada
CMP-0710,2025-02-05,EcoHogar,País Vasco,Deporte,SEO,Fidelización,397595,131552,3295840,200440,15540,Carlos Ruiz,Cancelada
CMP-0711,2023-03-27,Electro Ríos,Región de Murcia,Deporte,SEO,Conversión,,755459,4042100,143190,7780,Ana Fernández,Pausada
CMP-0712,2024-05-31,Panadería Trigo Dorado,Comunidad de Madrid,Deporte,Email Marketing,Awareness,1170174,3534963,1209860,57480,12770,Sara Molina,Cancelada
CMP-0713,2024-05-23,Electro Ríos,Región de Murcia,Deporte,Redes Sociales,Branding,1889569,7874665,2522500,118710,9310,Sara Molina,Activa
CMP-0714,2023-02-15,Distribuciones Marín,Cataluña,Agricultura,Google Ads,Lead Generation,2427932,8293221,1959650,20980,2310,Lucía Herrera,Activa
CMP-0715,2024-07-13,Wellness Center,La Rioja,Alimentación,Email Marketing,Conversión,452962,350078,3805080,86030,18810,Laura Gómez,Cancelada
CMP-0716,2024-07-29,Sabores del Mediterráneo,La Rioja,Salud,SEM,Branding,454057,161522,4710000,39100,980,Miguel Álvarez,Activa
CMP-0717,2023-04-07,TransLogic,Andalucía,Inmobiliario,Influencers,Lead Generation,1406182,4573434,4157170,92970,19860,Javier Torres,Finalizada
CMP-0718,2023-10-30,Sabores del Mediterráneo,DESCONOCIDO,Automoción,Televisión,Conversión,451428,897201,2455960,,37550,Pablo Navarro,Finalizada
CMP-0719,2023-11-23,Muebles Castillo,Comunidad Valenciana,Hostelería,SEO,Lead Generation,1275755,4989208,3282120,52110,4790,Carlos Ruiz,Activa
CMP-0720,2024-11-16,Hotel Costa Azul,Aragón,Educación,Influencers,Fidelización,2337573,7226549,868510,52520,9140,David López,Activa
CMP-0721,2025-10-30,Viñedos del Valle,La Rioja,Tecnología,Google Ads,Awareness,,1305558,3954560,75630,760,Álvaro Gil,Finalizada
CMP-0722,2025-07-15,Joyería Alba,Islas Baleares,Retail,Marketing de Contenidos,Awareness,320267,345888,4073830,228280,5950,Ana Fernández,Cancelada
CMP-0723,2024-06-07,Farmacia Central,Asturias,Hostelería,Prensa,Branding,1491474,4701563,170240,7230,680,Cristina Ortega,Activa
CMP-0724,2023-07-12,Nutrisana,Aragón,Salud,Marketing de Contenidos,Lead Generation,1197682,3094435,439970,10290,2150,Lucía Herrera,Cancelada
CMP-0725,2025-11-02,AutoMotion,DESCONOCIDO,Turismo,Marketing de Contenidos,Lead Generation,45529,38209,,251950,4220,Miguel Álvarez,Cancelada
CMP-0726,2025-05-23,Constructora Levante,Comunidad Valenciana,Alimentación,SEO,Lead Generation,2257609,3459189,858250,6850,1050,Lucía Herrera,Finalizada
CMP-0727,2024-04-13,TecnoWave,Región de Murcia,Tecnología,Marketing de Contenidos,Fidelización,769646,,4543050,255440,54390,Laura Gómez,Pausada
CMP-0728,2023-05-18,Agrocampo,Castilla y León,Agricultura,Email Marketing,Branding,283694,649479,1467250,55340,9870,Pablo Navarro,Pausada
CMP-0729,2023-03-23,Wellness Center,Comunidad Valenciana,Educación,Televisión,Fidelización,185711,671901,977600,47560,1790,Diego Romero,Finalizada
CMP-0730,2023-12-20,Wellness Center,Andalucía,Tecnología,Email Marketing,Fidelización,2007039,2192492,2494100,101930,6250,Carlos Ruiz,Cancelada
CMP-0731,2024-10-18,Panadería Trigo Dorado,Comunidad de Madrid,Agricultura,Influencers,Lead Generation,2345269,8859248,2135660,20230,2290,David López,Cancelada
CMP-0732,2023-03-05,Clínica Dental Sonrisa,DESCONOCIDO,Educación,Email Marketing,Branding,618525,1539685,2611410,164470,18720,Paula Serrano,Pausada
CMP-0733,2023-10-09,Kapital Seguros,Andalucía,Educación,Radio,Awareness,214134,4868615,2562410,87010,19060,Carlos Ruiz,Pausada
CMP-0734,2024-01-27,Joyería Alba,Canarias,Salud,Influencers,Fidelización,1494196,1878111,4864200,354770,80790,Cristina Ortega,Finalizada
CMP-0735,2025-08-05,Joyería Alba,País Vasco,Alimentación,SEM,Conversión,491116,1562296,3741180,171000,14880,Álvaro Gil,Cancelada
CMP-0736,2024-11-30,Panadería Trigo Dorado,Andalucía,Turismo,Google Ads,Fidelización,629172,146864,1424450,106740,12820,Paula Serrano,Pausada
CMP-0737,2025-09-29,Yogures La Pradera,La Rioja,Moda,Televisión,Conversión,1427285,1622249,272350,21410,3440,Laura Gómez,Activa
CMP-0738,2023-05-03,Innovatech Solutions,Aragón,Inmobiliario,SEM,Awareness,336007,236126,3900580,220390,13040,Diego Romero,Pausada
CMP-0740,2025-03-02,Constructora Levante,Castilla y León,Alimentación,Google Ads,Lead Generation,2295711,3383366,21610,490,40,Álvaro Gil,Pausada
CMP-0741,2023-02-12,EcoHogar,Asturias,Deporte,Radio,Fidelización,220688,521791,4144710,292760,26970,Miguel Álvarez,Cancelada
CMP-0742,2024-04-17,EcoHogar,La Rioja,Retail,Marketing de Contenidos,Conversión,560462,999705,1442290,34120,2720,Miguel Álvarez,Pausada
CMP-0743,2025-06-14,Panadería Trigo Dorado,Castilla y León,Turismo,Influencers,Awareness,964808,2278897,3801780,145980,16310,Álvaro Gil,Finalizada
CMP-0744,2023-04-13,Quimera Cosmética,Navarra,Agricultura,SEM,Lead Generation,924138,3229847,476710,,1330,Sara Molina,Finalizada
CMP-0745,2023-12-27,Zapatería Confort,La Rioja,Moda,Email Marketing,Conversión,185612,735321,3260530,29050,4850,Diego Romero,Activa
CMP-0746,2025-12-28,Agrocampo,Aragón,Deporte,Email Marketing,Awareness,32786,735277,,130480,6900,Elena Castro,Finalizada
CMP-0747,2024-05-18,Rural Gourmet,Castilla y León,Tecnología,Marketing de Contenidos,Branding,619975,1771684,1930130,92720,7140,Elena Castro,Cancelada
CMP-0748,2025-11-30,Bebidas Norte,Asturias,Hostelería,SEM,Fidelización,1362843,2720744,2757770,110300,18230,Marta Sánchez,Pausada
CMP-0749,2024-10-06,Kapital Seguros,Comunidad de Madrid,Hostelería,Email Marketing,Lead Generation,306530,1256005,2010780,66740,6650,Miguel Álvarez,Cancelada
CMP-0750,2025-08-13,Grupo Peralta,Comunidad Valenciana,Agricultura,Google Ads,Awareness,372942,1522392,4742800,179870,22810,Cristina Ortega,Pausada
CMP-0751,2025-09-08,Óptica Visión Plus,Aragón,Salud,SEM,Fidelización,2056314,5380856,217460,16320,3560,Ana Fernández,Pausada
CMP-0752,2024-08-06,Verde Natural,Navarra,DESCONOCIDO,Google Ads,Lead Generation,1131929,1927643,3218490,127200,20250,Cristina Ortega,Activa
CMP-0753,2024-07-01,Byte Studio,DESCONOCIDO,Alimentación,Marketing de Contenidos,Lead Generation,233371,4404376,3468530,203150,37690,Laura Gómez,Finalizada
CMP-0754,2024-03-07,Sabores del Mediterráneo,Andalucía,Tecnología,Redes Sociales,Branding,2002690,8029384,2243240,103250,7350,Carlos Ruiz,Pausada
CMP-0755,2024-11-08,Farmacia Central,Aragón,Construcción,Email Marketing,Fidelización,1825246,340023,2463520,188890,13580,Paula Serrano,Cancelada
CMP-0756,2025-04-08,Wellness Center,Canarias,Hostelería,SEM,Branding,695028,2952304,1580840,67050,12320,David López,Finalizada
CMP-0757,2023-06-16,Agrocampo,Andalucía,Hostelería,Influencers,Branding,1274492,2591181,2101360,76580,6850,DESCONOCIDO,Pausada
CMP-0758,2025-04-10,Grupo Peralta,Aragón,Inmobiliario,Televisión,Branding,122657,5508224,4869530,374320,56600,Pablo Navarro,Finalizada
CMP-0759,2025-01-01,Solaris Energía,Andalucía,Retail,Email Marketing,Awareness,1188596,519744,1532890,120750,11830,Diego Romero,Activa
CMP-0760,2024-08-19,Distribuciones Marín,Navarra,Alimentación,Marketing de Contenidos,Awareness,1978066,8046052,4326130,343970,12310,Álvaro Gil,Activa
CMP-0761,2025-07-15,Joyería Alba,Navarra,Turismo,SEM,Lead Generation,99444,385749,3491560,60090,7410,Lucía Herrera,Pausada
CMP-0762,2023-08-30,EcoHogar,Comunidad Valenciana,Tecnología,Email Marketing,Branding,61689,570394,818790,6350,150,Miguel Álvarez,Pausada
CMP-0763,2023-05-16,EcoHogar,Castilla-La Mancha,DESCONOCIDO,Email Marketing,Lead Generation,2241062,6848603,1914500,32040,1790,Lucía Herrera,Finalizada
CMP-0764,2023-01-16,TransLogic,Castilla-La Mancha,Moda,Google Ads,Conversión,1652844,7146688,3945090,187360,33340,DESCONOCIDO,Finalizada
CMP-0765,2025-02-02,Sabores del Mediterráneo,Región de Murcia,Construcción,SEO,Conversión,115354,39076,1896250,110650,22350,Álvaro Gil,Cancelada
CMP-0766,2023-03-22,Zapatería Confort,Canarias,Construcción,Radio,Branding,2484205,7135501,3214810,63490,12360,Lucía Herrera,Cancelada
CMP-0767,2024-04-01,Viñedos del Valle,Canarias,Agricultura,Redes Sociales,Fidelización,2286981,6533433,1215810,90250,,David López,Cancelada
CMP-0768,2025-05-03,Solaris Energía,Canarias,Hostelería,Marketing de Contenidos,Branding,1086427,4700184,4211840,274800,38040,Ana Fernández,Cancelada
CMP-0769,2023-06-13,Bebidas Norte,Castilla y León,Belleza,Redes Sociales,Conversión,1819789,1900577,3444860,68960,12020,Sara Molina,Finalizada
CMP-0770,2023-09-06,Kapital Seguros,Castilla y León,Alimentación,SEM,Conversión,2494755,7994546,3355310,34030,8360,Carlos Ruiz,Cancelada
CMP-0771,2023-07-08,Yogures La Pradera,Asturias,Hostelería,SEO,Fidelización,322802,1002492,1464090,93570,8930,Diego Romero,Activa
CMP-0772,2024-12-20,Clínica Dental Sonrisa,Asturias,Hostelería,Televisión,Lead Generation,381616,371475,4279080,242680,13730,Cristina Ortega,Activa
CMP-0773,2025-03-04,Fintech Nova,DESCONOCIDO,Finanzas,Influencers,Lead Generation,2089588,8822124,4098450,172450,33620,Javier Torres,Activa
CMP-0774,2024-11-28,Bebidas Norte,Cataluña,Hostelería,Influencers,Conversión,,5357001,2487130,104640,26060,Ana Fernández,Pausada
CMP-0775,2023-06-02,Rural Gourmet,Canarias,Automoción,Email Marketing,Branding,1745849,650488,,21030,4490,Álvaro Gil,Pausada
CMP-0776,2024-04-19,Muebles Castillo,Canarias,Deporte,Prensa,Fidelización,809413,663438,3027050,63330,12790,Paula Serrano,Pausada
CMP-0777,2025-05-10,Bebidas Norte,Aragón,Turismo,Redes Sociales,Fidelización,1651591,1192168,,130290,2570,DESCONOCIDO,Finalizada
CMP-0779,2024-12-06,Ferretería Ibérica,Extremadura,Agricultura,Marketing de Contenidos,Awareness,1085713,3122167,2041550,39670,5420,Paula Serrano,Cancelada
CMP-0780,2024-01-13,Solaris Energía,Región de Murcia,Salud,Email Marketing,Branding,2444983,4898007,1007250,61450,10800,DESCONOCIDO,Pausada
CMP-0781,2025-04-26,Bahía Sports,Galicia,Belleza,Email Marketing,Conversión,1444945,4389429,3765380,50100,8870,Álvaro Gil,Cancelada
CMP-0782,2025-03-08,Zapatería Confort,Extremadura,Belleza,Radio,Awareness,170718,3691486,1061690,73600,3310,Sara Molina,Activa
CMP-0783,2023-12-29,Zapatería Confort,Comunidad de Madrid,Alimentación,Marketing de Contenidos,Lead Generation,736901,150055,4625580,122760,9570,Pablo Navarro,Cancelada
CMP-0784,2024-04-25,Quimera Cosmética,Asturias,Salud,Prensa,Fidelización,688706,1596056,2302050,167720,2360,DESCONOCIDO,Pausada
CMP-0785,2023-08-08,Zapatería Confort,DESCONOCIDO,Turismo,SEO,Fidelización,2002664,6878935,111420,1080,250,Paula Serrano,Activa
CMP-0786,2024-02-01,Lácteos del Sur,Canarias,Educación,Televisión,Fidelización,1925863,6803464,2205570,104970,1080,Diego Romero,Cancelada
CMP-0787,2024-05-08,Farmacia Central,La Rioja,Salud,Televisión,Branding,506746,673219,245140,16990,1620,David López,Cancelada
CMP-0788,2025-06-22,Sabores del Mediterráneo,Castilla y León,Educación,SEO,Conversión,1346752,4581899,542990,30440,7430,Laura Gómez,Pausada
CMP-0789,2023-09-01,Dulcería Real,DESCONOCIDO,Hostelería,Marketing de Contenidos,Fidelización,2226708,9020464,495110,15130,1010,Pablo Navarro,Activa
CMP-0790,2025-10-28,Xtreme Bikes,Castilla-La Mancha,Retail,Televisión,Awareness,2046322,2473401,2164060,154860,5260,DESCONOCIDO,Activa
CMP-0791,2024-03-04,Distribuciones Marín,Canarias,Belleza,Redes Sociales,Conversión,446729,428506,3871490,32480,1720,Miguel Álvarez,Pausada
CMP-0792,2023-12-17,TransLogic,País Vasco,Finanzas,Televisión,Conversión,401745,227277,4729650,,8060,Sara Molina,Pausada
CMP-0793,2024-11-06,Zapatería Confort,Galicia,Belleza,Televisión,Awareness,1790031,7181748,,212590,49680,Paula Serrano,Activa
CMP-0794,2023-09-17,Quimera Cosmética,Región de Murcia,Moda,Marketing de Contenidos,Conversión,1935944,4360612,482230,34040,1280,Paula Serrano,Activa
CMP-0796,2023-06-14,Nutrisana,Aragón,Belleza,Email Marketing,Awareness,1304529,3814871,379520,13910,2250,Laura Gómez,Activa
CMP-0797,2023-06-19,Verde Natural,La Rioja,Hostelería,Google Ads,Branding,227412,225747,3896250,255580,38490,Miguel Álvarez,Cancelada
CMP-0798,2023-06-24,Bahía Sports,Comunidad Valenciana,Inmobiliario,Prensa,Lead Generation,199083,,1524710,93670,6790,Lucía Herrera,Pausada
CMP-0799,2025-08-15,Yogures La Pradera,Cataluña,Retail,SEM,Conversión,1561704,747012,1994380,80100,10550,Carlos Ruiz,Finalizada
CMP-0800,2023-04-11,Grupo Peralta,Asturias,Educación,Redes Sociales,Branding,1044172,3811583,2687690,59360,5170,Sara Molina,Cancelada
CMP-0801,2025-12-12,Farmacia Central,Andalucía,Retail,SEM,Branding,900591,4047897,4054420,210140,34180,Elena Castro,Activa
CMP-0802,2024-05-24,Hotel Costa Azul,Asturias,Educación,SEO,Fidelización,2406137,7227711,2875350,218910,28370,Cristina Ortega,Pausada
CMP-0803,2023-11-21,Clínica Dental Sonrisa,Extremadura,Hostelería,Email Marketing,Awareness,1313874,3954474,3501890,209380,22570,Sara Molina,Pausada
CMP-0804,2025-03-09,Nutrisana,Islas Baleares,Deporte,Redes Sociales,Awareness,1165674,549349,2050680,55100,13530,Ana Fernández,Activa
CMP-0805,2025-12-22,Wellness Center,Comunidad de Madrid,Educación,Google Ads,Awareness,,1937071,1471890,102630,13660,Pablo Navarro,Pausada
CMP-0806,2024-03-18,TecnoWave,Islas Baleares,DESCONOCIDO,Marketing de Contenidos,Awareness,738447,220363,4476990,120220,7100,Miguel Álvarez,Activa
CMP-0807,2024-02-11,Electro Ríos,Andalucía,Finanzas,SEO,Lead Generation,1147765,2592905,4611370,,41540,Javier Torres,Cancelada
CMP-0808,2025-10-14,TecnoWave,Aragón,Moda,Google Ads,Fidelización,1813935,,4818640,295150,56880,DESCONOCIDO,Activa
CMP-0809,2023-01-27,Muebles Castillo,Asturias,Automoción,Radio,Lead Generation,195101,1503178,675600,45810,6210,Diego Romero,Cancelada
CMP-0810,2023-10-02,Solaris Energía,Canarias,Inmobiliario,Google Ads,Fidelización,2208058,6969751,2058950,67100,13420,Ana Fernández,Cancelada
CMP-0811,2023-11-19,Muebles Castillo,Navarra,Tecnología,Google Ads,Awareness,2098402,,3971340,316790,17970,Ana Fernández,Pausada
CMP-0812,2023-02-13,Rural Gourmet,Cataluña,Construcción,Google Ads,Lead Generation,1308807,263128,3922190,32210,3150,Laura Gómez,Activa
CMP-0813,2023-02-25,EcoHogar,Cantabria,Alimentación,Influencers,Conversión,916079,1805488,3189660,37090,8120,David López,Activa
CMP-0814,2025-05-19,Yogures La Pradera,Comunidad Valenciana,Construcción,SEM,Awareness,1384723,295252,575280,23810,5080,David López,Cancelada
CMP-0815,2025-12-18,Distribuciones Marín,Cataluña,Salud,SEO,Awareness,869671,1128127,4528730,249220,35400,Carlos Ruiz,Activa
CMP-0816,2024-08-08,Ferretería Ibérica,Comunidad de Madrid,Belleza,SEM,Fidelización,1278351,5716019,3050290,177110,35910,Diego Romero,Cancelada
CMP-0817,2025-07-23,Joyería Alba,Región de Murcia,Turismo,Email Marketing,Fidelización,207910,6227626,3986930,199430,36920,Diego Romero,Activa
CMP-0818,2024-01-25,Kapital Seguros,Castilla y León,Turismo,Email Marketing,Lead Generation,1432314,519594,4497280,88070,4580,Laura Gómez,Cancelada
CMP-0819,2025-06-24,Byte Studio,Galicia,Turismo,Prensa,Conversión,1007025,799991,4009460,145650,32620,DESCONOCIDO,Finalizada
CMP-0820,2024-08-06,Zapatería Confort,Extremadura,Agricultura,Google Ads,Fidelización,363537,1478751,3973920,25080,5170,Álvaro Gil,Pausada
CMP-0821,2025-02-13,Agrocampo,Galicia,Retail,Prensa,Lead Generation,1697854,3605243,1399800,16810,2380,Álvaro Gil,Finalizada
CMP-0823,2025-03-03,Electro Ríos,Andalucía,Alimentación,SEO,Fidelización,988869,3973258,333230,26610,1010,Elena Castro,Activa
CMP-0824,2025-12-04,Modaline,Cantabria,Finanzas,Televisión,Branding,,3542945,2380740,84710,4440,Laura Gómez,Pausada
CMP-0825,2025-04-23,Restaurante El Fogón,DESCONOCIDO,Hostelería,Google Ads,Lead Generation,422534,1394415,2359180,168460,31030,Paula Serrano,Finalizada
CMP-0826,2025-12-28,Electro Ríos,Galicia,Salud,SEO,Lead Generation,185649,662119,124190,,580,Paula Serrano,Terminada
CMP-0828,2024-10-23,Agrocampo,Canarias,Construcción,Redes Sociales,Branding,755886,1066793,262860,15620,,David López,Cancelada
CMP-0829,2025-11-17,Wellness Center,País Vasco,Alimentación,Redes Sociales,Branding,1344771,5643026,4750030,188760,37710,Álvaro Gil,Pausada
CMP-0830,2025-10-03,Zapatería Confort,Cantabria,Salud,Televisión,Conversión,2327852,4803393,3006650,138180,25740,Paula Serrano,Pausada
CMP-0831,2025-10-06,Sabores del Mediterráneo,Extremadura,Moda,Google Ads,Lead Generation,92309,11644,3938580,152510,28560,Paula Serrano,Finalizada
CMP-0832,2023-12-17,Solaris Energía,Islas Baleares,Alimentación,Televisión,Awareness,925414,286375,2839400,44780,7520,Pablo Navarro,Cancelada
CMP-0833,2023-10-12,Colchones Descanso,Asturias,Belleza,Marketing de Contenidos,Branding,392844,238072,3419690,214600,11110,David López,Pausada
CMP-0834,2024-11-08,Agrocampo,Castilla y León,Finanzas,Prensa,Lead Generation,,9349624,670180,48190,910,Miguel Álvarez,Finalizada
CMP-0835,2025-11-05,Farmacia Central,Cataluña,Educación,Radio,Branding,129027,,3398560,38400,3570,Pablo Navarro,Terminada
CMP-0836,2025-08-02,Innovatech Solutions,La Rioja,Moda,Prensa,Conversión,963512,604667,3224250,31470,5050,Sara Molina,Finalizada
CMP-0837,2025-12-25,Rural Gourmet,Asturias,Finanzas,Email Marketing,Conversión,813888,2215874,2594490,206420,3950,Paula Serrano,Pausada
CMP-0838,2023-09-13,Quimera Cosmética,País Vasco,Hostelería,Influencers,Awareness,964729,2799706,3599580,141270,2710,Elena Castro,Finalizada
CMP-0839,2024-07-05,Constructora Levante,Castilla y León,Deporte,SEO,Fidelización,1602987,4748987,702810,39540,7410,Javier Torres,Pausada
CMP-0840,2024-12-04,Constructora Levante,DESCONOCIDO,Moda,Marketing de Contenidos,Conversión,,2306968,4892200,201790,46280,Elena Castro,Activa
CMP-0841,2025-11-28,AutoMotion,La Rioja,Hostelería,SEM,Awareness,1408635,2737148,1922860,,2190,Cristina Ortega,Activa
CMP-0842,2024-11-14,Bahía Sports,Castilla-La Mancha,Hostelería,Redes Sociales,Conversión,,643812,869100,7400,1000,Ana Fernández,Pausada
CMP-0843,2025-05-09,Distribuciones Marín,Navarra,DESCONOCIDO,SEO,Lead Generation,285911,961095,1924470,99020,6080,Laura Gómez,Finalizada
CMP-0844,2025-07-24,AutoMotion,Región de Murcia,Construcción,Radio,Fidelización,723027,2554447,461840,3520,330,Laura Gómez,Pausada
CMP-0845,2025-05-26,Restaurante El Fogón,Aragón,Deporte,Marketing de Contenidos,Fidelización,423718,370655,1739830,81430,18650,Álvaro Gil,Pausada
CMP-0846,2025-05-14,Yogures La Pradera,Canarias,Tecnología,Prensa,Conversión,856468,2921727,3514130,91260,14750,Carlos Ruiz,Cancelada
CMP-0847,2024-09-20,Muebles Castillo,Castilla y León,Inmobiliario,SEO,Branding,82981,349915,37800,2690,50,Paula Serrano,Pausada
CMP-0848,2025-05-21,Lácteos del Sur,País Vasco,Finanzas,Google Ads,Fidelización,191722,,1787210,73340,9910,Miguel Álvarez,Terminada
CMP-0849,2023-12-10,Joyería Alba,Galicia,Alimentación,Prensa,Conversión,1615001,1499948,38370,560,110,DESCONOCIDO,Finalizada
CMP-0851,2024-12-17,Restaurante El Fogón,Aragón,Turismo,Influencers,Fidelización,130633,869736,2395890,43770,2330,Álvaro Gil,Finalizada
CMP-0852,2024-05-08,Yogures La Pradera,DESCONOCIDO,Retail,Prensa,Conversión,2045337,7957368,3894690,151960,34330,Cristina Ortega,Finalizada
CMP-0853,2023-12-20,Colchones Descanso,Galicia,Educación,Televisión,Branding,1645382,7173545,4397800,327440,28870,Diego Romero,Finalizada
CMP-0854,2024-02-21,Lácteos del Sur,Asturias,Turismo,Televisión,Lead Generation,1640233,5331372,1286990,82620,17790,David López,Finalizada
CMP-0855,2023-08-27,Colchones Descanso,Cantabria,Inmobiliario,Marketing de Contenidos,Lead Generation,844908,332456,3033330,199610,39120,Pablo Navarro,Finalizada
CMP-0856,2024-10-31,Electro Ríos,Navarra,Salud,Email Marketing,Conversión,1181907,2970605,2614380,154000,9450,Carlos Ruiz,Activa
CMP-0857,2025-08-11,Constructora Levante,Navarra,Deporte,Marketing de Contenidos,Lead Generation,,55193,3994810,186020,28940,Miguel Álvarez,Pausada
CMP-0858,2023-03-24,Constructora Levante,Castilla-La Mancha,Turismo,SEO,Lead Generation,607254,,4851000,46400,9790,Álvaro Gil,Cancelada
CMP-0859,2023-07-11,Modaline,Comunidad Valenciana,Tecnología,Marketing de Contenidos,Awareness,880281,3487379,1106270,77880,11440,David López,Finalizada
CMP-0860,2023-07-10,Solaris Energía,Región de Murcia,Finanzas,Email Marketing,Conversión,1449842,6476661,438310,9100,1380,Álvaro Gil,Cancelada
CMP-0861,2023-07-02,Sabores del Mediterráneo,Asturias,Moda,Google Ads,Branding,1177051,3616804,285510,3890,750,Javier Torres,Cancelada
CMP-0862,2024-01-30,Grupo Peralta,Canarias,Hostelería,Prensa,Branding,510919,1490091,3830620,80660,6490,DESCONOCIDO,Finalizada
CMP-0863,2023-09-21,Solaris Energía,Galicia,Educación,Influencers,Awareness,1449545,2423472,710870,11550,910,Carlos Ruiz,Activa
CMP-0864,2025-10-13,EcoHogar,Castilla y León,Belleza,Google Ads,Lead Generation,1794870,4826862,1815040,26520,4680,Elena Castro,Finalizada
CMP-0865,2025-09-13,Hotel Costa Azul,Región de Murcia,Belleza,SEO,Fidelización,,9490522,4086690,68300,2990,Pablo Navarro,Cancelada
CMP-0866,2025-12-23,TransLogic,Región de Murcia,Deporte,Email Marketing,Branding,2157671,850117,,17710,3830,Laura Gómez,Cancelada
CMP-0867,2024-09-23,Xtreme Bikes,Islas Baleares,Automoción,SEM,Lead Generation,1419782,,2372020,77420,17360,Ana Fernández,Pausada
CMP-0868,2025-11-19,Viñedos del Valle,Galicia,Retail,Televisión,Branding,,838326,2914490,27550,1050,Marta Sánchez,Activa
CMP-0869,2024-12-02,Panadería Trigo Dorado,Cantabria,Alimentación,SEO,Fidelización,1130448,1042448,164810,11550,410,Miguel Álvarez,Activa
CMP-0870,2025-03-31,Joyería Alba,Galicia,Retail,Redes Sociales,Conversión,91558,2315424,1449660,60740,3510,Cristina Ortega,Cancelada
CMP-0871,2024-02-15,Electro Ríos,País Vasco,Deporte,Radio,Awareness,649326,275751,636740,29980,2700,Sara Molina,Activa
CMP-0873,2024-10-07,Colchones Descanso,Andalucía,Automoción,Email Marketing,Branding,1898072,7408679,3313640,189640,28020,Ana Fernández,Cancelada
CMP-0874,2024-02-11,Restaurante El Fogón,Cantabria,Finanzas,Google Ads,Lead Generation,1962648,4950955,2588810,136980,22670,Carlos Ruiz,Activa
CMP-0875,2023-12-23,Joyería Alba,Extremadura,Tecnología,SEO,Fidelización,2382315,5567684,2998770,74850,4930,Paula Serrano,Activa
CMP-0876,2023-04-15,Clínica Dental Sonrisa,País Vasco,Alimentación,Google Ads,Branding,2210894,8538717,3466990,53620,3290,Álvaro Gil,Activa
CMP-0877,2023-10-28,Farmacia Central,Cantabria,Retail,Prensa,Fidelización,1437475,4026354,4644690,369150,,Elena Castro,Activa
CMP-0878,2024-12-30,Restaurante El Fogón,Castilla y León,Inmobiliario,Radio,Fidelización,2237526,3529203,729770,12440,480,Laura Gómez,Cancelada
CMP-0879,2023-06-24,Lácteos del Sur,Asturias,Alimentación,Google Ads,Fidelización,1193723,82788,4422610,81760,,Lucía Herrera,Terminada
CMP-0880,2024-07-01,Dulcería Real,Islas Baleares,Turismo,Google Ads,Lead Generation,235931,7349628,4450600,181510,29490,Pablo Navarro,Finalizada
CMP-0881,2025-03-26,Muebles Castillo,Cataluña,Agricultura,Marketing de Contenidos,Lead Generation,1812706,3239267,4089360,305980,45720,Diego Romero,Pausada
CMP-0882,2023-01-24,Farmacia Central,Aragón,Alimentación,Televisión,Fidelización,1084684,1535596,2687780,76410,1950,Elena Castro,Terminada
CMP-0883,2024-06-13,Agrocampo,Andalucía,Moda,Redes Sociales,Branding,1747786,2197664,220410,15650,670,Diego Romero,Finalizada
CMP-0884,2023-01-01,EcoHogar,La Rioja,Retail,SEM,Awareness,1792542,1350562,1123530,45650,4920,Javier Torres,Finalizada
CMP-0885,2023-03-06,Kapital Seguros,Canarias,DESCONOCIDO,Redes Sociales,Lead Generation,1249068,1750153,3236080,39810,3430,Lucía Herrera,Activa
CMP-0886,2023-01-06,Rural Gourmet,Comunidad Valenciana,Belleza,SEM,Lead Generation,1756483,4913055,3010400,185060,29850,Lucía Herrera,Finalizada
CMP-0887,2024-05-24,Quimera Cosmética,Asturias,Educación,Marketing de Contenidos,Fidelización,2369019,6142495,3237060,177180,,Paula Serrano,Pausada
CMP-0888,2024-01-05,Lácteos del Sur,La Rioja,Automoción,SEO,Lead Generation,2012877,1020654,655720,33450,6130,Carlos Ruiz,Activa
CMP-0889,2025-04-21,Agrocampo,Asturias,Belleza,Redes Sociales,Fidelización,1886712,4965836,2075330,42610,3640,Ana Fernández,Cancelada
CMP-0890,2025-06-09,Quimera Cosmética,Extremadura,Retail,Influencers,Lead Generation,1712373,,4739470,286930,41200,Lucía Herrera,Pausada
CMP-0891,2024-09-23,Xtreme Bikes,Castilla y León,Salud,Prensa,Fidelización,189554,327483,4684070,33670,3970,Ana Fernández,Finalizada
CMP-0892,2024-11-15,Constructora Levante,Islas Baleares,Retail,Televisión,Branding,1930653,3307847,1521190,13780,1440,Pablo Navarro,Cancelada
CMP-0893,2023-06-11,Kapital Seguros,DESCONOCIDO,Construcción,SEM,Fidelización,1015066,3560849,3220310,32360,530,Laura Gómez,Activa
CMP-0894,2023-06-12,Zapatería Confort,Islas Baleares,Agricultura,SEM,Lead Generation,2455307,5698869,2597780,206190,8380,Lucía Herrera,Cancelada
CMP-0895,2024-04-13,Modaline,La Rioja,Automoción,SEO,Lead Generation,385241,295022,868100,7820,1070,Sara Molina,Cancelada
CMP-0896,2025-11-18,Bebidas Norte,Castilla-La Mancha,Educación,SEO,Fidelización,888879,3324233,890010,,2130,Ana Fernández,Cancelada
CMP-0897,2024-02-08,Hotel Costa Azul,Región de Murcia,Tecnología,Radio,Awareness,777648,1433356,3424440,137120,25710,Miguel Álvarez,Activa
CMP-0898,2023-12-14,EcoHogar,Asturias,Finanzas,Email Marketing,Branding,622383,953848,3368380,188250,,Elena Castro,Cancelada
CMP-0899,2024-04-15,Grupo Peralta,Comunidad Valenciana,Automoción,SEO,Awareness,207022,2837662,3752390,197560,3540,Álvaro Gil,Activa
CMP-0900,2024-12-08,Restaurante El Fogón,Castilla-La Mancha,Turismo,Influencers,Awareness,1112543,2694198,2700820,196820,41760,Elena Castro,Pausada
CMP-0901,2023-02-01,Modaline,Aragón,Salud,Marketing de Contenidos,Branding,1198276,3477484,2366050,136860,19510,Ana Fernández,Cancelada
CMP-0902,2023-05-05,Dulcería Real,Aragón,Belleza,Marketing de Contenidos,Conversión,1328681,4731336,4643890,332050,58350,Álvaro Gil,Cancelada
CMP-0903,2025-02-19,Fintech Nova,Cantabria,Tecnología,Prensa,Conversión,110344,74601,3826530,302240,,Marta Sánchez,Cancelada
CMP-0904,2023-12-20,Verde Natural,Navarra,Agricultura,Redes Sociales,Fidelización,991905,3700825,4952710,352220,21280,Álvaro Gil,Finalizada
CMP-0905,2023-03-03,Verde Natural,DESCONOCIDO,Educación,Televisión,Branding,176316,439466,2423580,91000,3410,Carlos Ruiz,Finalizada
CMP-0906,2023-04-08,Joyería Alba,Castilla-La Mancha,Moda,Prensa,Conversión,2322819,7036928,3366480,255020,38630,Álvaro Gil,Activa
CMP-0907,2024-07-25,Verde Natural,Asturias,Belleza,Google Ads,Lead Generation,1153469,3987204,4807470,89790,8870,Sara Molina,Activa
CMP-0908,2024-04-05,Restaurante El Fogón,Cantabria,Construcción,Influencers,Branding,2292027,356681,458720,26680,4770,Laura Gómez,Finalizada
CMP-0909,2023-11-23,Joyería Alba,Cantabria,Hostelería,Redes Sociales,Fidelización,1393824,2630518,3809310,181170,28840,Carlos Ruiz,Cancelada
CMP-0910,2025-07-17,Farmacia Central,Cantabria,Agricultura,Televisión,Conversión,200167,85805,4214250,207980,11090,Marta Sánchez,Pausada
CMP-0911,2025-02-17,Viñedos del Valle,Andalucía,Construcción,Redes Sociales,Fidelización,2126190,6273219,3031770,142280,31220,Javier Torres,Activa
CMP-0912,2024-01-14,Joyería Alba,Región de Murcia,Deporte,Prensa,Conversión,1771045,5522206,728350,30310,3100,Diego Romero,Pausada
CMP-0913,2025-07-09,Constructora Levante,Castilla-La Mancha,Educación,Influencers,Awareness,423543,120001,2508620,75430,11390,Elena Castro,Cancelada
CMP-0914,2023-09-16,TecnoWave,La Rioja,Deporte,Redes Sociales,Branding,811022,2898519,667790,3480,510,David López,Cancelada
CMP-0915,2025-08-20,Innovatech Solutions,País Vasco,Agricultura,Prensa,Fidelización,2377585,530036,1112670,74600,5730,Laura Gómez,Finalizada
CMP-0917,2023-03-31,AutoMotion,Comunidad Valenciana,DESCONOCIDO,Google Ads,Fidelización,2453016,7504111,1656420,31380,920,Paula Serrano,Activa
CMP-0918,2023-10-16,Colchones Descanso,DESCONOCIDO,Belleza,Televisión,Fidelización,1967315,5231981,1720620,98820,6370,DESCONOCIDO,Cancelada
CMP-0919,2024-02-19,Nutrisana,Andalucía,Salud,Google Ads,Branding,2399154,8710686,2703350,201200,49200,DESCONOCIDO,Pausada
CMP-0920,2024-05-10,EcoHogar,DESCONOCIDO,Moda,SEM,Fidelización,2427634,8718655,3823760,122340,8740,Elena Castro,Pausada
CMP-0921,2024-04-11,Kapital Seguros,Canarias,Moda,Email Marketing,Fidelización,,5622064,2873700,79810,4180,Paula Serrano,Pausada
CMP-0922,2024-01-10,Urbana Inmobiliaria,Comunidad de Madrid,Construcción,Influencers,Awareness,1557289,2772356,1914570,147550,7120,Miguel Álvarez,Activa
CMP-0923,2023-07-14,AutoMotion,Comunidad Valenciana,Educación,Radio,Lead Generation,2378584,10671474,2430870,154160,36370,Marta Sánchez,Pausada
CMP-0924,2023-12-29,Fintech Nova,País Vasco,Belleza,Influencers,Fidelización,801515,3337229,1410350,80950,2420,DESCONOCIDO,Activa
CMP-0925,2024-06-15,EcoHogar,Aragón,Retail,Radio,Awareness,2159803,9088680,4757700,337260,81610,Carlos Ruiz,Finalizada
CMP-0926,2023-05-15,Óptica Visión Plus,Asturias,Turismo,Marketing de Contenidos,Conversión,1776577,4934489,1924710,102570,23510,Laura Gómez,Activa
CMP-0927,2024-08-05,Rural Gourmet,Región de Murcia,Finanzas,Influencers,Fidelización,2345465,9355602,2251090,,2970,Javier Torres,Pausada
CMP-0929,2024-06-30,Wellness Center,Comunidad Valenciana,Salud,SEO,Fidelización,671664,2397058,4699670,108660,13570,Javier Torres,Cancelada
CMP-0930,2024-03-22,Xtreme Bikes,Islas Baleares,Alimentación,Radio,Conversión,1157021,4034305,,74590,6610,Marta Sánchez,Activa
CMP-0931,2023-11-03,Constructora Levante,Castilla y León,Turismo,Influencers,Branding,146364,4297968,3473120,264050,47150,Cristina Ortega,Activa
CMP-0932,2023-08-27,Agrocampo,Aragón,Agricultura,Radio,Awareness,1398349,2850981,1332900,30950,1430,Elena Castro,Pausada
CMP-0933,2024-09-30,Colchones Descanso,Cataluña,Salud,SEO,Lead Generation,2154545,1440211,3116220,187810,36630,Lucía Herrera,Cancelada
CMP-0934,2023-02-20,Panadería Trigo Dorado,Comunidad Valenciana,Alimentación,Google Ads,Conversión,897233,972118,1346300,53370,6460,Laura Gómez,Finalizada
CMP-0935,2025-09-28,Modaline,Islas Baleares,Moda,Google Ads,Fidelización,894378,3688075,4124200,59120,8710,Carlos Ruiz,Cancelada
CMP-0936,2023-04-14,Wellness Center,Aragón,Agricultura,SEO,Lead Generation,435349,1393584,2006310,93690,1930,DESCONOCIDO,Cancelada
CMP-0937,2025-11-08,Electro Ríos,DESCONOCIDO,Deporte,Redes Sociales,Fidelización,235766,5742754,3055750,125190,6430,Laura Gómez,Pausada
CMP-0938,2023-05-02,Agrocampo,Navarra,Educación,Google Ads,Fidelización,336103,140888,1203720,18230,4310,Marta Sánchez,Finalizada
CMP-0939,2025-06-17,Ferretería Ibérica,Comunidad Valenciana,Alimentación,SEO,Awareness,706956,2333277,787590,16870,690,Lucía Herrera,Cancelada
CMP-0940,2023-04-28,Muebles Castillo,Castilla y León,Agricultura,Radio,Lead Generation,2218113,4458548,2080510,41140,7140,Diego Romero,Finalizada
CMP-0941,2023-06-01,Verde Natural,Asturias,Deporte,Marketing de Contenidos,Branding,1636368,7299522,475070,17180,3810,Elena Castro,Activa
CMP-0942,2023-06-16,Agrocampo,Extremadura,Belleza,Redes Sociales,Awareness,2056521,1194632,2034510,69960,3230,Álvaro Gil,Cancelada
CMP-0943,2023-11-10,Viñedos del Valle,Navarra,Hostelería,Televisión,Awareness,2386036,9504666,217750,7340,1300,Lucía Herrera,Cancelada
CMP-0944,2024-04-05,TransLogic,Islas Baleares,Moda,Email Marketing,Lead Generation,99096,1114491,1610210,81070,4470,Sara Molina,Activa
CMP-0945,2024-10-18,Hotel Costa Azul,Comunidad Valenciana,Deporte,Prensa,Branding,556777,1127991,725600,53670,10050,Cristina Ortega,Cancelada
CMP-0946,2025-02-17,Byte Studio,Galicia,Construcción,Influencers,Conversión,1605886,5367338,,316940,9600,Ana Fernández,Finalizada
CMP-0947,2023-03-13,Ferretería Ibérica,Andalucía,Alimentación,Influencers,Fidelización,924383,1192982,1292240,31730,1850,Javier Torres,Cancelada
CMP-0948,2024-07-03,Colchones Descanso,Aragón,Salud,Influencers,Conversión,1694346,,4178670,163030,24590,Álvaro Gil,Cancelada
CMP-0949,2025-01-27,Modaline,Comunidad de Madrid,Agricultura,Marketing de Contenidos,Awareness,1088652,4468882,668080,7300,670,Marta Sánchez,Pausada
CMP-0950,2024-05-05,Panadería Trigo Dorado,Castilla-La Mancha,Tecnología,SEO,Awareness,1447777,2848812,4431240,170600,6320,Carlos Ruiz,Pausada
CMP-0951,2023-11-19,Ferretería Ibérica,Canarias,Hostelería,Influencers,Awareness,2494287,10738801,3416350,156580,8900,DESCONOCIDO,Cancelada
CMP-0952,2023-09-07,Fintech Nova,Islas Baleares,Tecnología,Google Ads,Branding,27854,,4742810,30140,4160,David López,Pausada
CMP-0954,2024-02-04,Viñedos del Valle,Región de Murcia,Finanzas,Redes Sociales,Awareness,1143357,3115282,2103750,118120,,Paula Serrano,Pausada
CMP-0955,2025-09-17,Lácteos del Sur,Comunidad Valenciana,Automoción,Radio,Conversión,1629711,4994735,244230,1880,430,DESCONOCIDO,Activa
CMP-0956,2023-12-03,EcoHogar,Región de Murcia,Automoción,Influencers,Conversión,1912398,4823381,3295150,,24180,Paula Serrano,Finalizada
CMP-0957,2024-03-12,Xtreme Bikes,País Vasco,Tecnología,Radio,Conversión,1964551,3427496,3775340,124640,19650,Elena Castro,Pausada
CMP-0958,2024-12-26,Panadería Trigo Dorado,Castilla y León,Moda,Televisión,Branding,2135103,,4347700,313380,65670,Pablo Navarro,Cancelada
CMP-0959,2023-07-22,Bahía Sports,Región de Murcia,Automoción,Prensa,Conversión,1915938,7068064,4355350,300580,30500,Elena Castro,Activa
CMP-0960,2025-12-29,Xtreme Bikes,Región de Murcia,Salud,Influencers,Lead Generation,1672227,6414029,2284290,169550,32700,David López,Finalizada
CMP-0961,2024-12-09,Yogures La Pradera,Comunidad Valenciana,Finanzas,Email Marketing,Conversión,61881,46148,3189670,85810,21390,Laura Gómez,Pausada
CMP-0962,2025-09-07,EcoHogar,Andalucía,Deporte,Google Ads,Awareness,941545,477455,2047680,47440,10680,Ana Fernández,Cancelada
CMP-0963,2024-10-25,Lácteos del Sur,Andalucía,Salud,Televisión,Branding,588206,1557181,1603500,100880,16820,Diego Romero,Pausada
CMP-0964,2024-05-29,Quimera Cosmética,País Vasco,DESCONOCIDO,Google Ads,Awareness,176879,595744,4150820,168980,16350,Paula Serrano,Pausada
CMP-0965,2024-03-09,Verde Natural,Cantabria,Construcción,Radio,Awareness,1432547,4464112,3026110,178740,27200,Lucía Herrera,Pausada
CMP-0966,2025-10-13,Clínica Dental Sonrisa,Andalucía,Tecnología,SEM,Branding,109780,1059204,83160,850,180,Sara Molina,Cancelada
CMP-0967,2024-03-17,Agrocampo,País Vasco,Tecnología,Radio,Lead Generation,1424993,3144095,195500,9280,1250,Javier Torres,Cancelada
CMP-0968,2024-09-24,Agrocampo,Asturias,Automoción,SEM,Conversión,1062484,1377374,3346820,251670,59330,DESCONOCIDO,Finalizada
CMP-0969,2025-09-22,TecnoWave,Canarias,Inmobiliario,Radio,Awareness,413178,1141029,1850350,126120,24700,Laura Gómez,Cancelada
CMP-0970,2025-07-06,Restaurante El Fogón,Aragón,Agricultura,Google Ads,Lead Generation,779302,2016813,4002770,150680,16000,Laura Gómez,Activa
CMP-0971,2024-07-11,Lácteos del Sur,País Vasco,Belleza,Radio,Branding,1753598,3989595,202310,9940,1020,Diego Romero,Finalizada
CMP-0972,2023-11-26,Dulcería Real,DESCONOCIDO,Moda,SEM,Conversión,,391955,1934410,60410,2940,Diego Romero,Pausada
CMP-0973,2024-11-07,Farmacia Central,Canarias,Educación,SEO,Awareness,995808,4157432,2175270,118130,8210,Lucía Herrera,Cancelada
CMP-0974,2024-06-13,Colchones Descanso,Cantabria,Turismo,SEO,Fidelización,2321448,6440093,3952790,199850,41990,Elena Castro,Finalizada
CMP-0975,2024-03-23,Dulcería Real,Navarra,Inmobiliario,SEM,Branding,833906,1721631,3179240,188270,34570,Lucía Herrera,Terminada
CMP-0976,2025-04-25,TecnoWave,La Rioja,Hostelería,Marketing de Contenidos,Conversión,1207747,1890977,4469970,,11030,David López,Cancelada
CMP-0978,2025-05-31,Dulcería Real,Galicia,Alimentación,SEM,Awareness,856707,2694919,2476240,191380,27420,Miguel Álvarez,Activa
CMP-0979,2025-04-14,Bebidas Norte,Comunidad Valenciana,Salud,SEM,Lead Generation,940047,377624,1560160,111970,6230,David López,Finalizada
CMP-0980,2023-02-27,Dulcería Real,Aragón,Educación,Email Marketing,Fidelización,1050899,358787,,230550,24230,Laura Gómez,Activa
CMP-0981,2024-09-10,Xtreme Bikes,Aragón,Retail,Email Marketing,Conversión,1106622,1661476,2447210,60590,15050,Javier Torres,Pausada
CMP-0982,2023-11-23,TransLogic,Comunidad Valenciana,Inmobiliario,SEO,Branding,989292,104957,3945580,119380,26180,Carlos Ruiz,Finalizada
CMP-0983,2025-05-26,Hotel Costa Azul,Islas Baleares,Retail,Radio,Lead Generation,1032563,2222166,3853600,,37480,Diego Romero,Finalizada
CMP-0984,2023-12-21,Ferretería Ibérica,Castilla-La Mancha,Deporte,Radio,Conversión,450431,1349208,1109190,10200,2400,Miguel Álvarez,Activa
CMP-0985,2023-02-03,Viñedos del Valle,País Vasco,DESCONOCIDO,Email Marketing,Awareness,188891,827959,3053870,200670,40390,Pablo Navarro,Pausada
CMP-0986,2025-10-11,Agrocampo,País Vasco,Agricultura,SEM,Branding,1167173,4155123,537620,36220,4500,Paula Serrano,Cancelada
CMP-0988,2023-07-24,Grupo Peralta,Cataluña,Salud,Influencers,Fidelización,1575459,3459317,4038980,,61220,Paula Serrano,Activa
CMP-0990,2025-01-08,Quimera Cosmética,Comunidad Valenciana,Moda,Influencers,Awareness,1876127,2530985,2928200,114430,5630,Álvaro Gil,Activa
CMP-0991,2023-02-07,Distribuciones Marín,Navarra,DESCONOCIDO,Prensa,Fidelización,521845,791934,1588560,60700,13780,Laura Gómez,Pausada
CMP-0993,2023-12-16,Sabores del Mediterráneo,Islas Baleares,Retail,Televisión,Awareness,,644298,4835170,204770,17720,Diego Romero,Finalizada
CMP-0994,2023-11-07,Bahía Sports,Aragón,Hostelería,Marketing de Contenidos,Lead Generation,196913,823304,4875300,305410,19060,Cristina Ortega,Cancelada
CMP-0995,2025-06-02,Constructora Levante,Aragón,Finanzas,SEM,Fidelización,2070137,6904783,3486690,217200,11540,Carlos Ruiz,Finalizada
CMP-0996,2023-11-18,TecnoWave,Andalucía,DESCONOCIDO,Email Marketing,Branding,128151,347336,4470190,307650,55080,Miguel Álvarez,Activa
CMP-0997,2024-09-02,Agrocampo,Región de Murcia,Construcción,Prensa,Branding,401061,853798,2192100,99040,24550,Cristina Ortega,Finalizada
CMP-0998,2024-10-04,Yogures La Pradera,Asturias,Finanzas,Televisión,Awareness,2290604,5476554,3351430,148570,10200,Sara Molina,Finalizada
CMP-0999,2023-05-11,TransLogic,País Vasco,Inmobiliario,SEM,Fidelización,2025485,2130794,1018490,19070,1580,DESCONOCIDO,Activa
CMP-1001,2024-02-07,Verde Natural,Aragón,Salud,Prensa,Lead Generation,1849001,6341203,3707680,19130,210,Javier Torres,Finalizada
CMP-1002,2023-12-17,Bebidas Norte,Cataluña,Retail,Radio,Lead Generation,,7527555,2905100,164670,38190,Álvaro Gil,Finalizada
CMP-1003,2025-02-28,Constructora Levante,Galicia,Salud,Radio,Lead Generation,2112714,9444597,1089270,77500,10100,Javier Torres,Cancelada
CMP-1004,2023-08-11,Constructora Levante,Andalucía,Salud,Email Marketing,Fidelización,1006171,744537,2280690,105840,25570,Diego Romero,Finalizada
CMP-1005,2023-02-10,Viñedos del Valle,DESCONOCIDO,Belleza,Televisión,Lead Generation,1848189,6207986,336870,15030,,Álvaro Gil,Activa
CMP-1006,2025-04-19,Innovatech Solutions,Navarra,Educación,Google Ads,Fidelización,633458,389737,673120,26940,3140,Ana Fernández,Activa
CMP-1007,2025-02-26,Byte Studio,Islas Baleares,Alimentación,Email Marketing,Awareness,1759708,3313276,,279500,29570,Elena Castro,Finalizada
CMP-1008,2024-09-02,Electro Ríos,Comunidad de Madrid,Belleza,Email Marketing,Fidelización,696615,1482155,3341890,18970,2210,DESCONOCIDO,Cancelada
CMP-1009,2025-10-16,Verde Natural,Islas Baleares,Deporte,Marketing de Contenidos,Awareness,1414841,3712023,3126020,122840,21450,Elena Castro,Pausada
CMP-1010,2024-12-04,Bahía Sports,Región de Murcia,Turismo,Marketing de Contenidos,Fidelización,1039165,1370278,4403220,173370,41000,Marta Sánchez,Cancelada
CMP-1011,2025-03-27,Solaris Energía,Cantabria,Retail,Televisión,Fidelización,830134,844898,4386440,313940,5500,Ana Fernández,Activa
CMP-1012,2023-03-26,Solaris Energía,Canarias,Finanzas,Prensa,Fidelización,1399579,3591908,2917650,56150,9530,Álvaro Gil,Pausada
CMP-1013,2025-01-28,Sabores del Mediterráneo,Comunidad de Madrid,Automoción,Televisión,Lead Generation,2460935,3183372,788160,58640,6870,Lucía Herrera,Activa
CMP-1014,2025-06-16,Óptica Visión Plus,Canarias,Moda,Radio,Fidelización,,694165,1373700,85910,4800,DESCONOCIDO,Cancelada
CMP-1015,2023-09-09,TecnoWave,Castilla-La Mancha,Agricultura,SEM,Awareness,97450,287507,1074780,39850,8890,Diego Romero,Cancelada
CMP-1016,2025-02-05,Innovatech Solutions,Cataluña,Moda,Email Marketing,Conversión,1669858,7196599,2933800,213220,22640,Diego Romero,Terminada
CMP-1017,2024-03-17,Constructora Levante,Canarias,Belleza,Redes Sociales,Lead Generation,476907,1855862,659750,33430,2990,Ana Fernández,Finalizada
CMP-1018,2023-01-13,Lácteos del Sur,Andalucía,Tecnología,SEM,Awareness,443392,1712395,4292520,96070,6150,Marta Sánchez,Activa
CMP-1020,2024-09-17,Bebidas Norte,Islas Baleares,Alimentación,Televisión,Awareness,816043,2558661,2910300,85420,4560,Pablo Navarro,Activa
CMP-1021,2025-08-23,Ferretería Ibérica,Islas Baleares,DESCONOCIDO,Email Marketing,Awareness,,2594226,1359370,52490,4390,Miguel Álvarez,Cancelada
CMP-1022,2024-06-16,Bahía Sports,Galicia,Retail,Influencers,Conversión,90389,1411132,4229590,332010,39930,David López,Cancelada
CMP-1023,2024-01-09,Nutrisana,Cataluña,Construcción,Radio,Fidelización,218714,1286739,1059020,24320,4000,Carlos Ruiz,Cancelada
CMP-1024,2024-10-03,Distribuciones Marín,Cantabria,Educación,SEM,Lead Generation,43914,165744,2284570,42940,7480,Paula Serrano,Activa
CMP-1025,2025-10-13,AutoMotion,Asturias,Inmobiliario,Google Ads,Conversión,903476,2872465,990610,26680,5830,Diego Romero,Cancelada
CMP-1026,2023-03-01,TransLogic,Región de Murcia,Construcción,Influencers,Lead Generation,669743,2749528,281080,14250,2100,Paula Serrano,Pausada
CMP-1027,2024-08-11,Clínica Dental Sonrisa,Canarias,Moda,SEM,Fidelización,256095,168238,3121630,111500,15080,Paula Serrano,Cancelada
CMP-1028,2025-10-01,Dulcería Real,Islas Baleares,Tecnología,Prensa,Branding,939366,955265,4780410,338270,70260,Pablo Navarro,Activa
CMP-1029,2023-06-17,Kapital Seguros,Aragón,Hostelería,Marketing de Contenidos,Fidelización,1331464,1448143,3194950,233380,27640,Lucía Herrera,Cancelada
CMP-1030,2024-01-09,Xtreme Bikes,Comunidad de Madrid,Automoción,Televisión,Branding,1906163,1851797,2056110,161710,5680,Pablo Navarro,Pausada
CMP-1031,2023-12-08,Colchones Descanso,Cantabria,Inmobiliario,Redes Sociales,Fidelización,48164,180542,3873660,250310,41950,David López,Pausada
CMP-1032,2024-10-14,Yogures La Pradera,Asturias,Retail,Google Ads,Fidelización,1355383,524267,3789890,151030,28650,Álvaro Gil,Finalizada
CMP-1033,2025-12-23,Lácteos del Sur,Región de Murcia,Educación,Google Ads,Branding,886913,1172559,2241570,18310,440,David López,Cancelada
CMP-1034,2024-12-15,EcoHogar,DESCONOCIDO,Inmobiliario,SEO,Conversión,960204,1909499,4802300,182440,11320,DESCONOCIDO,Pausada
CMP-1035,2024-11-15,TransLogic,Castilla y León,Inmobiliario,Radio,Fidelización,244062,721948,1535390,59530,4110,Sara Molina,Activa
CMP-1036,2025-05-13,Yogures La Pradera,Asturias,Moda,Redes Sociales,Awareness,2279314,5197872,957680,37600,8090,Lucía Herrera,Cancelada
CMP-1037,2024-02-24,Modaline,DESCONOCIDO,DESCONOCIDO,SEM,Branding,106706,78999,3657020,144950,34450,Cristina Ortega,Cancelada
CMP-1038,2025-11-08,EcoHogar,Castilla-La Mancha,DESCONOCIDO,SEM,Lead Generation,40516,36439,2205420,45510,1920,David López,Activa
CMP-1039,2023-01-08,Colchones Descanso,DESCONOCIDO,Construcción,Prensa,Awareness,1997274,410886,2113320,51790,9910,Lucía Herrera,Pausada
CMP-1041,2024-02-20,Quimera Cosmética,DESCONOCIDO,Inmobiliario,Prensa,Fidelización,2101076,7873143,,240480,50250,Pablo Navarro,Finalizada
CMP-1042,2024-04-21,EcoHogar,Comunidad de Madrid,Alimentación,Influencers,Conversión,1023663,3578849,2361710,14270,1000,Sara Molina,Finalizada
CMP-1043,2023-12-15,Hotel Costa Azul,Andalucía,Inmobiliario,Redes Sociales,Awareness,197306,862924,4848520,119500,19980,Ana Fernández,Activa
CMP-1044,2024-07-08,Xtreme Bikes,Castilla y León,DESCONOCIDO,Prensa,Branding,1729878,6613731,1431640,17860,1100,DESCONOCIDO,Pausada
CMP-1045,2025-03-09,Agrocampo,Comunidad Valenciana,Turismo,SEO,Conversión,2381253,996024,3833290,230580,28570,Álvaro Gil,Pausada
CMP-1046,2023-11-02,Quimera Cosmética,Cantabria,Educación,Email Marketing,Branding,1324084,,2005060,42370,5250,Diego Romero,Cancelada
CMP-1047,2023-03-05,Sabores del Mediterráneo,Cantabria,DESCONOCIDO,Marketing de Contenidos,Awareness,1809175,1075246,1894480,37400,8970,David López,Activa
CMP-1048,2023-12-18,EcoHogar,Región de Murcia,DESCONOCIDO,Marketing de Contenidos,Branding,1546033,1044803,3950970,250490,41840,Sara Molina,Activa
CMP-1049,2023-08-18,Hotel Costa Azul,País Vasco,Construcción,Google Ads,Lead Generation,804209,3355648,4060230,105360,11350,Laura Gómez,Finalizada
CMP-1050,2025-03-24,Joyería Alba,Aragón,Tecnología,SEO,Fidelización,2144935,9027665,695720,13060,580,Paula Serrano,Pausada
CMP-1051,2023-02-16,Kapital Seguros,País Vasco,Moda,Influencers,Awareness,1859931,4042608,4422490,179480,9560,Pablo Navarro,Pausada
CMP-1052,2025-01-05,Bebidas Norte,Islas Baleares,Tecnología,Google Ads,Awareness,79784,349201,,17870,1650,Paula Serrano,Cancelada
CMP-1053,2025-04-27,Agrocampo,Navarra,Finanzas,Televisión,Lead Generation,2204489,,3691360,97500,15170,Elena Castro,Pausada
CMP-1054,2023-08-13,Verde Natural,La Rioja,Turismo,Marketing de Contenidos,Fidelización,,1634137,4308690,233960,57160,Diego Romero,Finalizada
CMP-1055,2024-07-07,Distribuciones Marín,Cataluña,Construcción,Email Marketing,Branding,,8687107,1465670,66720,8830,Marta Sánchez,Finalizada
CMP-1057,2023-07-04,Viñedos del Valle,Región de Murcia,Retail,Marketing de Contenidos,Branding,613396,470576,30310,150,20,Marta Sánchez,Cancelada
CMP-1058,2023-04-02,Dulcería Real,Aragón,Turismo,Prensa,Branding,1689670,7213705,3031030,180360,33830,Pablo Navarro,Activa
CMP-1060,2023-05-21,Byte Studio,Aragón,Hostelería,SEO,Awareness,243249,2661808,1366960,89350,15140,Javier Torres,Pausada
CMP-1061,2023-04-20,Joyería Alba,Comunidad Valenciana,Educación,Redes Sociales,Fidelización,1463372,476624,4530810,160080,18560,Marta Sánchez,Pausada
CMP-1062,2023-05-24,Solaris Energía,Aragón,Agricultura,Email Marketing,Lead Generation,390244,1576925,742870,5590,520,Cristina Ortega,Finalizada
CMP-1063,2023-07-13,Fintech Nova,Aragón,Alimentación,Prensa,Branding,874213,1930806,49150,1330,60,Lucía Herrera,Activa
CMP-1064,2025-05-23,Bahía Sports,Cataluña,Alimentación,Email Marketing,Fidelización,2210756,1228065,3159190,56760,1320,Miguel Álvarez,Finalizada
CMP-1065,2023-09-14,Rural Gourmet,Islas Baleares,Moda,Influencers,Conversión,1428140,6367879,3293050,121970,11480,Miguel Álvarez,Pausada
CMP-1066,2025-06-19,Quimera Cosmética,Castilla y León,Deporte,SEM,Lead Generation,1819007,7961265,1606490,86960,19520,Diego Romero,Pausada
CMP-1067,2023-11-01,Xtreme Bikes,Islas Baleares,Moda,Google Ads,Fidelización,1803563,6590054,1079560,83450,7020,Marta Sánchez,Finalizada
CMP-1068,2025-03-30,Yogures La Pradera,Castilla-La Mancha,Alimentación,Marketing de Contenidos,Lead Generation,992122,2040679,4247740,144660,13630,Elena Castro,Pausada
CMP-1069,2024-03-01,Farmacia Central,Cataluña,Moda,Google Ads,Awareness,,169124,427150,23350,3470,Ana Fernández,Pausada
CMP-1070,2025-02-13,Innovatech Solutions,Región de Murcia,Hostelería,Televisión,Fidelización,,3236376,1615810,96060,21210,Diego Romero,Cancelada
CMP-1071,2025-10-06,Innovatech Solutions,Andalucía,Construcción,Email Marketing,Lead Generation,2006554,6019333,466060,29110,990,Sara Molina,Pausada
CMP-1072,2024-07-21,Yogures La Pradera,Extremadura,Construcción,Redes Sociales,Lead Generation,218859,5277345,942270,55870,7640,Javier Torres,Activa
CMP-1073,2024-05-21,Panadería Trigo Dorado,Asturias,Retail,SEM,Fidelización,,2419234,1467580,16390,3020,David López,Cancelada
CMP-1074,2025-07-03,Ferretería Ibérica,Cataluña,Alimentación,Google Ads,Branding,2468887,2841862,,26590,1550,Pablo Navarro,Cancelada
CMP-1075,2023-08-03,AutoMotion,Comunidad Valenciana,Automoción,Marketing de Contenidos,Branding,1482441,3350118,3424570,159610,3340,Ana Fernández,Pausada
CMP-1076,2024-04-02,Panadería Trigo Dorado,País Vasco,Educación,Google Ads,Fidelización,2304736,6777036,408910,8360,960,Miguel Álvarez,Cancelada
CMP-1077,2025-05-23,Electro Ríos,Navarra,Alimentación,Marketing de Contenidos,Lead Generation,1905923,6295735,2458390,32930,3610,Paula Serrano,Cancelada
CMP-1078,2024-04-09,Hotel Costa Azul,Extremadura,Construcción,Google Ads,Branding,1213182,4312322,2812420,55810,5090,Miguel Álvarez,Cancelada
CMP-1079,2023-10-04,Yogures La Pradera,Asturias,Tecnología,Email Marketing,Branding,98065,99321,1351860,74600,5990,Cristina Ortega,Cancelada
CMP-1080,2024-12-31,Hotel Costa Azul,Región de Murcia,Agricultura,Influencers,Conversión,1008059,230147,2044130,132990,23100,Carlos Ruiz,Finalizada
CMP-1081,2025-12-06,Wellness Center,País Vasco,Turismo,SEO,Branding,2320804,281713,1913290,16220,3820,Ana Fernández,Activa
CMP-1082,2023-02-01,Kapital Seguros,Castilla y León,Retail,Email Marketing,Branding,2283929,7770107,3154320,207240,5780,Lucía Herrera,Cancelada
CMP-1083,2024-11-06,Joyería Alba,Andalucía,Alimentación,Redes Sociales,Awareness,1022614,3717804,1216560,67000,15710,Lucía Herrera,Cancelada
CMP-1084,2023-08-16,Bahía Sports,Andalucía,Agricultura,Radio,Lead Generation,813742,1087553,1771640,51500,9960,David López,Cancelada
CMP-1085,2023-04-04,Yogures La Pradera,Cantabria,Tecnología,SEO,Lead Generation,264187,481237,816410,27120,6380,Ana Fernández,Pausada
CMP-1086,2023-07-28,Innovatech Solutions,Galicia,Retail,Prensa,Lead Generation,1068672,2396838,746060,5780,140,Ana Fernández,Finalizada
CMP-1087,2025-06-24,EcoHogar,Andalucía,Deporte,SEM,Fidelización,262303,429078,1201790,,10550,Sara Molina,Pausada
CMP-1088,2025-07-12,Hotel Costa Azul,Navarra,Deporte,SEM,Branding,1931033,3778248,,97660,4430,Cristina Ortega,Finalizada
CMP-1089,2025-05-05,EcoHogar,Islas Baleares,Salud,Prensa,Lead Generation,2358836,2770765,2880660,223300,23710,Diego Romero,Activa
CMP-1090,2023-04-28,Zapatería Confort,Islas Baleares,Turismo,Redes Sociales,Fidelización,2297936,5740072,2067460,102020,6740,David López,Pausada
CMP-1091,2024-10-20,Electro Ríos,Cataluña,DESCONOCIDO,Radio,Fidelización,2137311,,1354370,85640,7310,Javier Torres,Activa
CMP-1092,2024-03-06,Verde Natural,Comunidad Valenciana,Tecnología,Redes Sociales,Conversión,618275,2214214,1366420,21910,1170,Carlos Ruiz,Cancelada
CMP-1093,2025-05-16,Panadería Trigo Dorado,Canarias,Tecnología,Marketing de Contenidos,Fidelización,1635097,3856216,3186100,44770,5730,Diego Romero,Finalizada
CMP-1094,2023-03-02,TransLogic,Extremadura,Inmobiliario,Prensa,Branding,2389278,795695,3069530,212520,11260,Pablo Navarro,Activa
CMP-1095,2023-06-14,Urbana Inmobiliaria,Galicia,Belleza,Redes Sociales,Branding,1172092,471843,106320,7880,1600,Marta Sánchez,Pausada
CMP-1096,2024-07-24,Innovatech Solutions,Extremadura,Salud,Prensa,Branding,954303,1183605,598130,41700,4820,Sara Molina,Activa
CMP-1097,2024-03-24,Farmacia Central,Castilla y León,Tecnología,Radio,Conversión,1826748,6821112,2888800,84860,15080,Elena Castro,Activa
CMP-1098,2023-09-14,Fintech Nova,País Vasco,Construcción,SEM,Awareness,883193,442112,4054620,191540,21640,Ana Fernández,Pausada
CMP-1099,2023-01-06,Verde Natural,La Rioja,Automoción,Televisión,Branding,1142556,345505,4509480,207250,17060,Carlos Ruiz,Finalizada
CMP-1100,2024-05-02,Clínica Dental Sonrisa,Castilla-La Mancha,Turismo,Prensa,Fidelización,481704,30182,1952220,123470,29220,Marta Sánchez,Finalizada
CMP-1101,2024-11-09,Grupo Peralta,Región de Murcia,Educación,SEO,Awareness,906652,42712,4249570,140520,23390,Cristina Ortega,Cancelada
CMP-1102,2024-02-01,Dulcería Real,Castilla y León,Salud,Email Marketing,Awareness,1270648,3339787,2942380,77560,15350,Marta Sánchez,Activa
CMP-1103,2024-07-07,Agrocampo,Cataluña,Belleza,Influencers,Fidelización,2499557,3169598,667300,,8950,Laura Gómez,Cancelada
CMP-1104,2023-05-15,Restaurante El Fogón,País Vasco,Inmobiliario,SEM,Branding,511258,1186483,1624990,79780,6110,Lucía Herrera,Cancelada
CMP-1105,2023-09-20,Urbana Inmobiliaria,La Rioja,Automoción,Email Marketing,Fidelización,208514,263173,2530060,83310,15270,DESCONOCIDO,Cancelada
CMP-1106,2025-12-27,Bahía Sports,Comunidad Valenciana,Tecnología,Google Ads,Awareness,,3985209,143670,760,110,Ana Fernández,Activa
CMP-1107,2025-08-02,AutoMotion,Comunidad Valenciana,Construcción,Prensa,Conversión,762791,2363126,263830,11550,1330,Lucía Herrera,Activa
CMP-1108,2025-02-21,Solaris Energía,Galicia,Agricultura,SEO,Conversión,770228,1986782,2587840,20980,2690,Sara Molina,Activa
CMP-1110,2024-10-15,Rural Gourmet,Islas Baleares,Construcción,Email Marketing,Awareness,1652986,,1905080,53120,3290,Cristina Ortega,Pausada
CMP-1111,2023-01-27,Urbana Inmobiliaria,País Vasco,Hostelería,Email Marketing,Conversión,446816,,3092960,191870,42470,Diego Romero,Activa
CMP-1112,2023-01-01,Sabores del Mediterráneo,Aragón,Deporte,Redes Sociales,Awareness,998159,3785215,2329600,18590,,Pablo Navarro,Activa
CMP-1113,2024-02-16,Farmacia Central,País Vasco,Tecnología,Email Marketing,Awareness,205681,,447510,21530,1480,Diego Romero,Activa
CMP-1114,2023-08-16,Zapatería Confort,Extremadura,Deporte,Redes Sociales,Conversión,376044,880163,200410,,440,Elena Castro,Activa
CMP-1115,2023-10-28,Fintech Nova,Región de Murcia,Inmobiliario,SEM,Awareness,1168312,1331312,2226190,26170,5450,Ana Fernández,Activa
CMP-1116,2025-03-06,Joyería Alba,La Rioja,Moda,Redes Sociales,Awareness,308434,1062628,2415500,,5450,Laura Gómez,Activa
CMP-1117,2024-01-22,AutoMotion,Cataluña,Agricultura,Email Marketing,Awareness,1288761,,458730,31050,3990,Ana Fernández,Cancelada
CMP-1118,2025-03-07,Clínica Dental Sonrisa,Cantabria,Inmobiliario,Redes Sociales,Fidelización,56318,985831,4099190,123560,7050,Sara Molina,Cancelada
CMP-1119,2023-01-07,Constructora Levante,Castilla y León,Construcción,Influencers,Awareness,510693,1083828,3706980,92550,15420,Marta Sánchez,Finalizada
CMP-1120,2023-04-13,TecnoWave,Extremadura,Educación,Google Ads,Fidelización,1462247,179209,2802760,30330,5190,DESCONOCIDO,Activa
CMP-1121,2025-04-28,Urbana Inmobiliaria,Asturias,Hostelería,SEO,Lead Generation,2111239,9172656,1847360,130950,9360,Lucía Herrera,Activa
CMP-1122,2023-12-08,Zapatería Confort,Región de Murcia,Turismo,Influencers,Branding,1871431,5051487,4924820,46710,5540,Sara Molina,Pausada
CMP-1123,2024-05-22,Sabores del Mediterráneo,Región de Murcia,Inmobiliario,Prensa,Conversión,1887189,3961775,1774260,128550,8310,Cristina Ortega,Cancelada
CMP-1124,2024-01-11,Wellness Center,La Rioja,Agricultura,Marketing de Contenidos,Awareness,1758091,7081923,635410,29290,1240,Lucía Herrera,Cancelada
CMP-1125,2025-03-04,Muebles Castillo,Galicia,Inmobiliario,Televisión,Conversión,560714,1957843,3550510,176930,36860,Álvaro Gil,Cancelada
CMP-1126,2024-09-11,Verde Natural,Comunidad Valenciana,Educación,Radio,Branding,185989,3017919,3348280,97760,1490,Carlos Ruiz,Cancelada
CMP-1127,2023-11-30,Verde Natural,Comunidad de Madrid,Inmobiliario,Email Marketing,Fidelización,1029695,1199510,4403440,42220,1120,Álvaro Gil,Activa
CMP-1128,2025-08-07,Sabores del Mediterráneo,Comunidad de Madrid,Inmobiliario,SEM,Conversión,1762021,7675817,4039200,82010,16650,Laura Gómez,Finalizada
CMP-1129,2023-02-09,Nutrisana,Islas Baleares,Inmobiliario,Televisión,Fidelización,1692938,2195914,1718550,47580,11770,David López,Finalizada
CMP-1130,2024-05-17,Innovatech Solutions,Comunidad Valenciana,Educación,Google Ads,Lead Generation,595361,2460236,3897830,,41390,DESCONOCIDO,Pausada
CMP-1131,2023-04-17,Fintech Nova,Castilla-La Mancha,Agricultura,Marketing de Contenidos,Conversión,1700946,2965952,,151010,32810,DESCONOCIDO,Cancelada
CMP-1132,2024-09-03,TecnoWave,Cataluña,Salud,Redes Sociales,Fidelización,303805,160554,3145880,246320,26830,Carlos Ruiz,Finalizada
CMP-1133,2025-12-14,Sabores del Mediterráneo,Comunidad de Madrid,Retail,Radio,Conversión,1384664,4202987,4044080,109990,8990,Javier Torres,Cancelada
CMP-1134,2023-08-19,Innovatech Solutions,Asturias,Deporte,Google Ads,Lead Generation,240267,49485,16440,600,90,Laura Gómez,Finalizada
CMP-1136,2023-10-20,Solaris Energía,Islas Baleares,Retail,Marketing de Contenidos,Branding,221433,76615,3918170,106340,17950,Javier Torres,Pausada
CMP-1137,2025-02-10,Colchones Descanso,Cantabria,Retail,Email Marketing,Awareness,1139346,4279675,4864330,281230,19680,Álvaro Gil,Activa
CMP-1138,2025-01-22,TransLogic,Castilla-La Mancha,Finanzas,Redes Sociales,Lead Generation,654489,2268705,3674550,165200,19080,Paula Serrano,Activa
CMP-1139,2025-03-30,Colchones Descanso,Galicia,Tecnología,SEO,Lead Generation,1140388,272933,2719600,88950,20930,DESCONOCIDO,Cancelada