CMP-0001;2024-03-27;Yogures La Pradera;Castilla-La Mancha;Hostelería;Redes Sociales;Conversión;1513006,00;4020404,00;3759000;202010;28440;Marta Sánchez;Activa
CMP-0002;2023-09-13;Óptica Visión Plus;Andalucía;Construcción;SEM;Fidelización;2121786,00;6016641,00;4236670;34980;4200;Carlos Ruiz;Pausada
CMP-0003;2025-01-17;Nutrisana;Islas Baleares;Educación;Google Ads;Conversión;2141188,00;8434635,00;1997950;51640;8390;DESCONOCIDO;Finalizada
CMP-0004;2024-10-06;Ferretería Ibérica;La Rioja;Moda;Radio;Conversión;588039,00;255692,00;1658880;NULL;1500;DESCONOCIDO;Cancelada
CMP-0006;2024-08-24;Bahía Sports;Cantabria;DESCONOCIDO;SEM;Fidelización;1710642,00;4371161,00;1403930;87940;8050;Cristina Ortega;Finalizada
CMP-0007;2023-02-09;Agrocampo;Castilla y León;Agricultura;Marketing de Contenidos;Branding;2384679,00;9954182,00;4820550;24300;2130;Elena Castro;Cancelada
CMP-0008;2024-02-16;Bebidas Norte;Asturias;Finanzas;Influencers;Lead Generation;429515,00;1080758,00;3185290;117010;7110;David López;Finalizada
CMP-0009;2024-11-07;Solaris Energía;Castilla y León;Turismo;Radio;Conversión;196063,00;57851,00;1205310;12110;210;Paula Serrano;Cancelada
CMP-0010;2023-04-21;Sabores del Mediterráneo;Región de Murcia;Automoción;Google Ads;Fidelización;492217,00;348051,00;2264940;71500;7760;Álvaro Gil;Activa
CMP-0011;2025-09-12;Solaris Energía;Asturias;Agricultura;Redes Sociales;Lead Generation;2423111,00;10154631,00;4454600;101240;10880;Pablo Navarro;Cancelada
CMP-0012;2024-10-04;Byte Studio;La Rioja;Construcción;Prensa;Conversión;490947,00;596178,00;311620;15090;2110;Álvaro Gil;Finalizada
CMP-0013;2024-10-09;Dulcería Real;Aragón;Salud;SEM;Lead Generation;1494408,00;4335879,00;2202940;119620;17420;Pablo Navarro;Activa
CMP-0014;2024-12-15;Colchones Descanso;Islas Baleares;Deporte;Prensa;Awareness;2490319,00;1513354,00;1122540;48200;2010;DESCONOCIDO;Pausada
CMP-0015;2023-11-15;AutoMotion;Aragón;Salud;SEM;Fidelización;2348546,00;2029197,00;NULL;43760;8230;Ana Fernández;Finalizada
CMP-0016;2023-06-04;Hotel Costa Azul;Comunidad Valenciana;Inmobiliario;Prensa;Conversión;420723,00;906956,00;3704720;137350;1690;Javier Torres;Activa
CMP-0017;2025-04-12;EcoHogar;Comunidad Valenciana;Salud;Email Marketing;Conversión;1711525,00;5307645,00;1859290;118080;26230;Miguel Álvarez;Cancelada
CMP-0018;2025-08-21;Grupo Peralta;Cantabria;Automoción;SEM;Conversión;681678,00;2458794,00;571730;19260;370;Sara Molina;Pausada
CMP-0019;2023-08-25;Óptica Visión Plus;País Vasco;Inmobiliario;SEM;Branding;1610875,00;3187357,00;4428210;200220;47130;Sara Molina;Cancelada
CMP-0020;2024-02-08;Colchones Descanso;Andalucía;Finanzas;Influencers;Fidelización;491395,00;239026,00;2291190;11740;2720;Ana Fernández;Pausada
CMP-0021;2023-12-23;Bebidas Norte;Región de Murcia;Moda;Prensa;Branding;335674,00;69346,00;4935210;165010;31270;Cristina Ortega;Finalizada
CMP-0022;2024-04-26;Clínica Dental Sonrisa;Castilla y León;Hostelería;SEO;Conversión;165395,00;2467533,00;3485500;182880;16540;Pablo Navarro;Cancelada
CMP-0023;2024-05-14;Sabores del Mediterráneo;Comunidad de Madrid;Deporte;Google Ads;Conversión;221762,00;6027087,00;3771200;215810;27760;Elena Castro;Activa
CMP-0024;2025-10-30;Zapatería Confort;DESCONOCIDO;Agricultura;Email Marketing;Lead Generation;2469973,00;NULL;4985940;307350;35710;Álvaro Gil;Cancelada
CMP-0025;2023-06-15;Grupo Peralta;Extremadura;Automoción;Prensa;Lead Generation;701002,00;438428,00;1503030;33940;3070;Sara Molina;Activa
CMP-0026;2025-05-08;Colchones Descanso;Castilla y León;Belleza;SEO;Awareness;963345,00;312859,00;1849220;50660;5240;Javier Torres;Finalizada
CMP-0027;2023-02-25;Rural Gourmet;Galicia;Belleza;Influencers;Awareness;2452191,00;6236705,00;4759910;164460;23920;Lucía Herrera;Activa
CMP-0028;2023-03-24;Agrocampo;Galicia;Deporte;Redes Sociales;Conversión;149172,00;641151,00;1180560;63460;12530;DESCONOCIDO;Pausada
CMP-0029;2023-12-02;Panadería Trigo Dorado;Comunidad de Madrid;Inmobiliario;Televisión;Conversión;436117,00;1243125,00;3926280;231160;45460;Cristina Ortega;Pausada
CMP-0030;2025-05-27;Electro Ríos;Andalucía;Construcción;Influencers;Branding;2017709,00;7352843,00;2972110;189310;17660;DESCONOCIDO;Finalizada
CMP-0031;2024-07-03;Farmacia Central;Castilla y León;Deporte;Google Ads;Conversión;NULL;5182955,00;2539910;101250;21070;Cristina Ortega;Pausada
CMP-0032;2024-07-19;Constructora Levante;Navarra;Salud;Google Ads;Lead Generation;1229124,00;2200458,00;1359510;41490;NULL;Pablo Navarro;Activa
CMP-0033;2024-12-05;Restaurante El Fogón;Aragón;Automoción;Radio;Awareness;1735632,00;2752826,00;NULL;99790;14250;Miguel Álvarez;Terminada
CMP-0036;2025-06-25;Electro Ríos;Extremadura;Turismo;Marketing de Contenidos;Fidelización;1498395,00;4341385,00;4071860;179940;21250;Cristina Ortega;Finalizada
CMP-0037;2024-08-13;Clínica Dental Sonrisa;Cantabria;Alimentación;SEO;Awareness;26636,00;58389,00;3118280;125490;2230;Cristina Ortega;Activa
CMP-0038;2024-08-14;Byte Studio;Cantabria;Educación;SEM;Lead Generation;2272860,00;8572889,00;379390;3590;710;Pablo Navarro;Cancelada
CMP-0040;2023-11-26;Xtreme Bikes;La Rioja;Turismo;Televisión;Fidelización;2423257,00;5510592,00;2145920;64370;10990;Lucía Herrera;Activa
CMP-0041;2025-06-24;Agrocampo;La Rioja;Alimentación;Redes Sociales;Fidelización;1165701,00;61509,00;NULL;87500;16760;Laura Gómez;Activa
CMP-0042;2025-09-15;Byte Studio;Cantabria;Construcción;Email Marketing;Lead Generation;1255971,00;415693,00;2672950;154770;16980;Miguel Álvarez;Pausada
CMP-0043;2024-09-03;Sabores del Mediterráneo;La Rioja;Deporte;Email Marketing;Lead Generation;862891,00;3113667,00;1405750;93540;7280;Elena Castro;Pausada
CMP-0044;2023-03-31;Distribuciones Marín;La Rioja;Educación;Televisión;Conversión;2452321,00;3195333,00;2012870;45320;8880;Elena Castro;Activa
CMP-0046;2024-08-11;Xtreme Bikes;Andalucía;Moda;Google Ads;Branding;218351,00;984274,00;363720;8220;1430;Javier Torres;Pausada
CMP-0047;2023-12-25;TransLogic;Asturias;Inmobiliario;SEO;Lead Generation;381013,00;964305,00;2972090;166830;8870;Pablo Navarro;Activa
CMP-0048;2024-09-04;Viñedos del Valle;Extremadura;Educación;SEM;Lead Generation;2254999,00;709415,00;833240;8780;2070;Sara Molina;Cancelada
CMP-0049;2025-03-21;Colchones Descanso;Cataluña;Agricultura;Marketing de Contenidos;Lead Generation;910219,00;1404162,00;3671230;99640;24380;Lucía Herrera;Pausada
CMP-0050;2023-10-08;Fintech Nova;Cataluña;Turismo;Radio;Branding;1598812,00;4648934,00;3558430;219440;42610;Ana Fernández;Finalizada
CMP-0051;2025-09-13;Zapatería Confort;Aragón;Hostelería;Google Ads;Conversión;1264451,00;1826645,00;NULL;21060;4370;Cristina Ortega;Pausada
CMP-0052;2024-06-20;Nutrisana;Islas Baleares;Belleza;Redes Sociales;Fidelización;NULL;710067,00;2818180;40210;3950;Álvaro Gil;Cancelada
CMP-0053;2024-04-25;Bahía Sports;Asturias;Belleza;Influencers;Fidelización;366647,00;1567159,00;1600740;127570;4830;Cristina Ortega;Cancelada
CMP-0054;2025-01-12;Innovatech Solutions;Islas Baleares;Retail;Televisión;Lead Generation;101136,00;187731,00;2329600;89340;5950;Cristina Ortega;Pausada
CMP-0055;2024-02-29;Grupo Peralta;Castilla y León;Automoción;Email Marketing;Fidelización;2472276,00;8913316,00;1080860;10960;2120;Lucía Herrera;Activa
CMP-0056;2025-12-13;Grupo Peralta;Navarra;Salud;Marketing de Contenidos;Branding;1480355,00;542225,00;1396290;12460;2340;Ana Fernández;Activa
CMP-0057;2023-06-15;Restaurante El Fogón;DESCONOCIDO;DESCONOCIDO;Marketing de Contenidos;Fidelización;1077159,00;811574,00;3740030;273870;7560;Ana Fernández;Activa
CMP-0058;2025-05-30;Bahía Sports;Castilla y León;DESCONOCIDO;Influencers;Lead Generation;2134926,00;6477045,00;4036570;187090;40730;Javier Torres;Pausada
CMP-0059;2023-07-17;Byte Studio;Islas Baleares;Construcción;Redes Sociales;Fidelización;1723316,00;3949711,00;483280;32560;1050;Álvaro Gil;Activa
CMP-0061;2023-01-13;Innovatech Solutions;Comunidad Valenciana;Moda;Google Ads;Branding;91804,00;132908,00;4002220;112750;NULL;DESCONOCIDO;Pausada
CMP-0062;2023-06-17;Colchones Descanso;Extremadura;Belleza;Marketing de Contenidos;Lead Generation;1498635,00;6009582,00;820680;13790;2180;Elena Castro;Pausada
CMP-0063;2023-04-23;Dulcería Real;Canarias;Salud;Email Marketing;Awareness;1226849,00;3805633,00;243110;5230;1280;Pablo Navarro;Cancelada
CMP-0064;2025-03-24;Agrocampo;Asturias;Educación;Televisión;Branding;1765105,00;4238197,00;4374170;241030;22890;Pablo Navarro;Activa
CMP-0065;2024-11-26;Grupo Peralta;Andalucía;Construcción;Google Ads;Conversión;1100478,00;2181025,00;417330;14470;1220;Miguel Álvarez;Finalizada
CMP-0066;2025-10-08;Hotel Costa Azul;Cantabria;Finanzas;Marketing de Contenidos;Fidelización;509234,00;1441171,00;3990710;247170;6940;Pablo Navarro;Pausada
CMP-0067;2025-01-25;Dulcería Real;Andalucía;DESCONOCIDO;Marketing de Contenidos;Fidelización;159307,00;387246,00;NULL;64690;1230;Paula Serrano;Terminada
CMP-0068;2023-06-22;Yogures La Pradera;País Vasco;Retail;SEO;Lead Generation;394135,00;220664,00;547640;36040;7600;Diego Romero;Pausada
CMP-0069;2024-11-16;Quimera Cosmética;Región de Murcia;Moda;SEM;Awareness;NULL;1779227,00;3139640;28020;4520;Paula Serrano;Activa
CMP-0070;2023-06-23;Byte Studio;Asturias;DESCONOCIDO;Influencers;Conversión;2293531,00;3676469,00;3444610;197670;20570;Miguel Álvarez;Activa
CMP-0071;2025-09-22;TransLogic;Comunidad Valenciana;Deporte;Google Ads;Fidelización;NULL;482403,00;1624340;30080;1840;Javier Torres;Cancelada
CMP-0072;2025-06-15;Byte Studio;Islas Baleares;Salud;Radio;Fidelización;422373,00;NULL;4047770;209890;47560;David López;Cancelada
CMP-0073;2025-02-21;Distribuciones Marín;Extremadura;Tecnología;SEO;Fidelización;932246,00;3988099,00;2314990;91730;7120;Javier Torres;Activa
CMP-0074;2024-03-30;Innovatech Solutions;Comunidad de Madrid;Construcción;Influencers;Conversión;1134312,00;2785963,00;4362070;164930;39110;David López;Pausada
CMP-0075;2025-08-18;Byte Studio;Comunidad de Madrid;Retail;SEM;Conversión;361247,00;543638,00;4355340;176100;36880;Miguel Álvarez;Pausada
CMP-0076;2023-05-09;Grupo Peralta;Comunidad de Madrid;Inmobiliario;SEO;Conversión;766855,00;383847,00;2206090;116740;18610;Javier Torres;Activa
CMP-0077;2023-02-11;Panadería Trigo Dorado;La Rioja;Retail;Televisión;Awareness;187845,00;471388,00;2664850;170490;22470;Carlos Ruiz;Activa
CMP-0078;2025-08-09;Muebles Castillo;País Vasco;Hostelería;Email Marketing;Branding;350856,00;624403,00;1779960;117500;6110;David López;Activa
CMP-0079;2024-01-27;Yogures La Pradera;Cataluña;Deporte;Influencers;Awareness;1007596,00;3752998,00;2486970;59680;11380;Paula Serrano;Cancelada
CMP-0081;2024-12-23;Electro Ríos;Extremadura;Turismo;Redes Sociales;Awareness;1799804,00;1799638,00;NULL;73150;1470;Marta Sánchez;Cancelada
CMP-0082;2023-03-08;TecnoWave;Cantabria;Automoción;Influencers;Lead Generation;33305,00;430028,00;3387510;110000;11200;Elena Castro;Pausada
CMP-0083;2023-08-30;Grupo Peralta;La Rioja;Salud;Google Ads;Lead Generation;240209,00;982061,00;980420;41590;4270;Carlos Ruiz;Pausada
CMP-0084;2023-12-23;Óptica Visión Plus;Navarra;Salud;Google Ads;Conversión;177966,00;4644891,00;1527330;109730;23510;Javier Torres;Finalizada
CMP-0085;2025-04-18;Nutrisana;Comunidad Valenciana;Finanzas;Google Ads;Conversión;183055,00;361034,00;3763790;221740;30190;Cristina Ortega;Finalizada
CMP-0086;2024-12-09;Bahía Sports;Canarias;Deporte;Google Ads;Conversión;1304893,00;2058238,00;854170;24940;4490;Carlos Ruiz;Finalizada
CMP-0088;2024-11-27;Viñedos del Valle;Aragón;Deporte;Influencers;Awareness;200973,00;110864,00;2309790;83540;10140;DESCONOCIDO;Finalizada
CMP-0089;2025-05-06;Urbana Inmobiliaria;DESCONOCIDO;Deporte;Influencers;Fidelización;634839,00;448583,00;1526540;115870;25190;Elena Castro;Cancelada
CMP-0090;2024-12-23;Verde Natural;Canarias;Belleza;Marketing de Contenidos;Lead Generation;243322,00;474871,00;2402200;186170;11470;Carlos Ruiz;Pausada
CMP-0091;2024-08-14;Restaurante El Fogón;Navarra;DESCONOCIDO;Prensa;Awareness;927525,00;1838765,00;2994910;141160;13690;Diego Romero;Cancelada
CMP-0092;2025-11-08;Panadería Trigo Dorado;Cataluña;Retail;Redes Sociales;Lead Generation;1991345,00;3433394,00;4927790;159760;7120;Paula Serrano;Pausada
CMP-0093;2025-11-09;Clínica Dental Sonrisa;Canarias;Belleza;Redes Sociales;Lead Generation;994527,00;2873489,00;4422660;121360;11010;Miguel Álvarez;Cancelada
CMP-0094;2023-04-16;Hotel Costa Azul;País Vasco;Construcción;Marketing de Contenidos;Lead Generation;2418335,00;8677462,00;4074320;197130;12730;Laura Gómez;Finalizada
CMP-0096;2024-06-25;Agrocampo;Canarias;Hostelería;SEM;Conversión;NULL;3183275,00;3784720;212150;43040;Pablo Navarro;Pausada
CMP-0098;2025-12-23;Rural Gourmet;Comunidad Valenciana;Agricultura;Email Marketing;Lead Generation;290882,00;992414,00;1259520;29200;4980;Pablo Navarro;Pausada
CMP-0099;2025-12-31;Lácteos del Sur;Cataluña;Agricultura;Email Marketing;Lead Generation;727830,00;399202,00;4035330;47250;6980;Paula Serrano;Cancelada
CMP-0100;2024-09-03;Constructora Levante;Región de Murcia;Automoción;SEM;Lead Generation;2342790,00;10169938,00;4860110;129810;2460;Pablo Navarro;Cancelada
CMP-0101;2024-01-17;Innovatech Solutions;Aragón;DESCONOCIDO;SEM;Fidelización;498172,00;385145,00;856930;51270;8480;DESCONOCIDO;Pausada
CMP-0103;2024-09-28;Viñedos del Valle;Canarias;Automoción;Marketing de Contenidos;Conversión;78088,00;NULL;2639650;195940;43700;Marta Sánchez;Pausada
CMP-0104;2024-03-23;Sabores del Mediterráneo;Andalucía;Construcción;Radio;Fidelización;1760813,00;7278755,00;3975690;180150;NULL;Laura Gómez;Finalizada
CMP-0105;2025-09-28;Byte Studio;Navarra;Belleza;Redes Sociales;Lead Generation;428052,00;1664626,00;2321510;31840;1880;Pablo Navarro;Activa
CMP-0106;2023-05-04;EcoHogar;La Rioja;Retail;SEM;Lead Generation;1454212,00;71288,00;1811320;104200;14570;Cristina Ortega;Cancelada
CMP-0107;2023-06-14;Panadería Trigo Dorado;Comunidad Valenciana;Automoción;Google Ads;Fidelización;2482284,00;4732262,00;4564310;336770;33870;Ana Fernández;Cancelada
CMP-0108;2023-08-20;Agrocampo;Comunidad de Madrid;Alimentación;Marketing de Contenidos;Branding;960606,00;1214772,00;2420000;74920;5700;Miguel Álvarez;Finalizada
CMP-0109;2024-10-15;Ferretería Ibérica;Aragón;Salud;SEM;Conversión;367536,00;1643853,00;1232680;81580;15130;Sara Molina;Finalizada
CMP-0110;2025-12-10;TransLogic;DESCONOCIDO;Moda;Email Marketing;Awareness;139851,00;694938,00;1810720;136920;23430;Pablo Navarro;Finalizada
CMP-0111;2024-06-06;Ferretería Ibérica;Andalucía;Agricultura;Radio;Awareness;1414717,00;6174818,00;2926780;130970;13510;David López;Activa
CMP-0112;2024-11-12;Distribuciones Marín;Comunidad de Madrid;DESCONOCIDO;Google Ads;Lead Generation;2015534,00;5578699,00;3525330;165380;20680;Miguel Álvarez;Pausada
CMP-0113;2025-10-15;Joyería Alba;La Rioja;Hostelería;Influencers;Conversión;964041,00;2449947,00;1888550;53120;5110;Diego Romero;Activa
CMP-0114;2024-05-18;Dulcería Real;DESCONOCIDO;Turismo;Radio;Lead Generation;180563,00;2780323,00;1033600;30730;3100;Javier Torres;Cancelada
CMP-0115;2023-06-02;Constructora Levante;Cataluña;Hostelería;Redes Sociales;Branding;229391,00;NULL;3369920;258780;35120;Javier Torres;Cancelada
CMP-0116;2024-07-16;Xtreme Bikes;Canarias;Retail;Prensa;Lead Generation;59015,00;149620,00;2161590;12720;1740;Carlos Ruiz;Finalizada
CMP-0118;2023-03-29;TransLogic;La Rioja;Turismo;Redes Sociales;Awareness;1619370,00;273890,00;4503180;351410;78970;Laura Gómez;Activa
CMP-0119;2023-11-29;Dulcería Real;Asturias;Finanzas;Prensa;Awareness;377595,00;1414811,00;4308890;150260;4270;Lucía Herrera;Pausada
CMP-0120;2025-03-23;Ferretería Ibérica;Comunidad de Madrid;Hostelería;Radio;Lead Generation;262261,00;334384,00;403550;12320;2390;Sara Molina;Cancelada
CMP-0122;2024-10-26;Bebidas Norte;Canarias;Moda;Televisión;Fidelización;1395755,00;2810751,00;142680;1670;230;Marta Sánchez;Pausada
CMP-0123;2025-09-18;Kapital Seguros;Islas Baleares;Educación;Radio;Fidelización;NULL;625947,00;881640;33150;3680;Laura Gómez;Cancelada
CMP-0124;2023-10-06;Muebles Castillo;Galicia;Belleza;Influencers;Conversión;1111753,00;2344229,00;4322690;300260;NULL;Ana Fernández;Finalizada
CMP-0125;2023-02-25;Restaurante El Fogón;Galicia;Belleza;SEM;Branding;925239,00;3899588,00;1052520;52010;7330;Pablo Navarro;Pausada
CMP-0126;2025-03-31;Byte Studio;Extremadura;Construcción;Redes Sociales;Awareness;1793786,00;6482962,00;392790;15190;2330;Diego Romero;Finalizada
CMP-0127;2025-03-29;Óptica Visión Plus;Extremadura;Alimentación;Redes Sociales;Fidelización;432519,00;1242734,00;2957890;232990;40210;David López;Finalizada
CMP-0128;2023-10-18;Wellness Center;Aragón;Belleza;SEO;Fidelización;279282,00;571717,00;455120;6230;1460;Pablo Navarro;Activa
CMP-0129;2023-11-24;AutoMotion;País Vasco;Finanzas;Televisión;Fidelización;1699306,00;1682801,00;3887290;90540;4690;Laura Gómez;Activa
CMP-0130;2025-09-29;Agrocampo;Asturias;Inmobiliario;Televisión;Awareness;48366,00;NULL;2403880;32560;5560;Marta Sánchez;Pausada
CMP-0131;2024-01-10;Farmacia Central;Comunidad Valenciana;Inmobiliario;Email Marketing;Fidelización;1483618,00;4633135,00;1646990;22790;1890;Paula Serrano;Finalizada
CMP-0132;2025-09-19;Constructora Levante;Asturias;Construcción;Prensa;Lead Generation;800158,00;175571,00;286070;20000;4760;Miguel Álvarez;Activa
CMP-0133;2025-10-11;Fintech Nova;Islas Baleares;Hostelería;Radio;Fidelización;744383,00;1082617,00;2823610;75240;14850;Lucía Herrera;Activa
CMP-0134;2024-12-19;Nutrisana;Extremadura;DESCONOCIDO;Marketing de Contenidos;Conversión;1108893,00;4961877,00;4071540;268280;16190;Lucía Herrera;Pausada
CMP-0135;2025-11-19;Electro Ríos;Región de Murcia;DESCONOCIDO;Televisión;Awareness;NULL;2250314,00;3696260;99600;14680;Álvaro Gil;Pausada
CMP-0136;2025-04-28;Grupo Peralta;Castilla-La Mancha;Educación;Influencers;Lead Generation;1908454,00;NULL;2571170;40270;6510;Laura Gómez;Activa
CMP-0137;2024-03-22;Viñedos del Valle;La Rioja;DESCONOCIDO;Influencers;Awareness;1594405,00;5147718,00;4462000;43500;NULL;Diego Romero;Activa
CMP-0138;2025-05-26;Viñedos del Valle;Comunidad Valenciana;DESCONOCIDO;Email Marketing;Awareness;60378,00;253806,00;833280;31740;320;Carlos Ruiz;Finalizada
CMP-0139;2023-09-29;Fintech Nova;Cantabria;Retail;Redes Sociales;Branding;1084493,00;740748,00;504030;2560;310;Carlos Ruiz;Activa
CMP-0140;2023-10-20;Kapital Seguros;Comunidad de Madrid;Tecnología;Radio;Awareness;NULL;127776,00;3953710;279080;45760;Marta Sánchez;Cancelada
CMP-0141;2024-12-20;EcoHogar;Comunidad Valenciana;Alimentación;SEO;Fidelización;234986,00;169649,00;3949980;56230;10410;Miguel Álvarez;Pausada
CMP-0142;2024-05-05;EcoHogar;Región de Murcia;Inmobiliario;Google Ads;Branding;1304018,00;3181797,00;3925850;134970;NULL;Álvaro Gil;Finalizada
CMP-0143;2025-03-26;Modaline;Navarra;Hostelería;Televisión;Branding;6139,00;35829,00;1379600;29220;6760;Carlos Ruiz;Finalizada
CMP-0144;2023-05-16;Byte Studio;Extremadura;Educación;SEO;Branding;1350248,00;NULL;3330520;207290;34400;Laura Gómez;Finalizada
CMP-0145;2024-06-14;Solaris Energía;Región de Murcia;Deporte;SEM;Branding;426305,00;1834249,00;2747050;NULL;24940;Ana Fernández;Activa
CMP-0146;2023-07-30;Panadería Trigo Dorado;Región de Murcia;Retail;Redes Sociales;Branding;157489,00;NULL;879930;28660;2040;Marta Sánchez;Cancelada
CMP-0147;2025-02-02;Fintech Nova;Cataluña;Tecnología;SEO;Fidelización;818069,00;1675633,00;3781380;109640;22830;Pablo Navarro;Pausada
CMP-0148;2024-09-14;Lácteos del Sur;Castilla y León;Belleza;Influencers;Fidelización;234236,00;519614,00;NULL;38880;5640;Miguel Álvarez;Terminada
CMP-0149;2024-11-17;Verde Natural;Asturias;Deporte;SEM;Branding;597834,00;1049186,00;4406780;251220;3090;Marta Sánchez;Finalizada
CMP-0150;2023-07-15;Zapatería Confort;Asturias;Alimentación;Marketing de Contenidos;Fidelización;1044381,00;4241678,00;2408640;188090;5710;Ana Fernández;Cancelada
CMP-0152;2023-03-24;Bahía Sports;Aragón;Tecnología;Google Ads;Awareness;244244,00;901726,00;1599960;107160;18990;Ana Fernández;Activa
CMP-0153;2023-10-14;Urbana Inmobiliaria;Cataluña;Deporte;SEO;Conversión;1398765,00;3651487,00;501630;19890;4030;Cristina Ortega;Pausada
CMP-0154;2023-07-08;Modaline;Región de Murcia;Retail;Email Marketing;Fidelización;74064,00;42274,00;NULL;253170;51700;Cristina Ortega;Terminada
CMP-0155;2025-09-08;Byte Studio;Castilla-La Mancha;Moda;Email Marketing;Lead Generation;105931,00;307257,00;1293620;69260;8980;Elena Castro;Activa
CMP-0156;2025-03-06;Óptica Visión Plus;Comunidad de Madrid;Retail;SEM;Branding;1209617,00;4332881,00;1808720;132850;17340;Diego Romero;Activa
CMP-0157;2024-03-25;Innovatech Solutions;DESCONOCIDO;Automoción;Email Marketing;Conversión;134355,00;4867945,00;3869310;35570;8860;Miguel Álvarez;Activa
CMP-0158;2025-10-05;Óptica Visión Plus;País Vasco;Belleza;Redes Sociales;Fidelización;2369946,00;NULL;2957310;225130;47450;Diego Romero;Finalizada
CMP-0159;2025-12-13;Lácteos del Sur;DESCONOCIDO;Finanzas;Televisión;Awareness;167699,00;154349,00;3699630;273000;53460;Marta Sánchez;Cancelada
CMP-0160;2024-12-31;Lácteos del Sur;País Vasco;Moda;SEM;Awareness;452023,00;1974762,00;NULL;261150;41070;Miguel Álvarez;Activa
CMP-0161;2023-06-09;Farmacia Central;Aragón;Tecnología;Google Ads;Awareness;56782,00;1519095,00;4915940;207520;18560;David López;Activa
CMP-0162;2025-02-14;Ferretería Ibérica;Asturias;Alimentación;Radio;Fidelización;977124,00;3299606,00;877090;62570;8030;Carlos Ruiz;Activa
CMP-0163;2023-07-10;Modaline;La Rioja;Educación;Redes Sociales;Fidelización;867684,00;3496169,00;848600;50830;7180;David López;Pausada
CMP-0164;2023-11-11;Joyería Alba;Comunidad de Madrid;Deporte;Marketing de Contenidos;Lead Generation;757554,00;532444,00;2064930;98870;20910;Marta Sánchez;Cancelada
CMP-0165;2025-03-04;Bahía Sports;Asturias;Automoción;Email Marketing;Lead Generation;784716,00;1545391,00;2569270;185280;13630;Ana Fernández;Activa
CMP-0166;2024-04-10;AutoMotion;Navarra;Moda;Prensa;Lead Generation;232554,00;405556,00;2843750;102510;19630;Ana Fernández;Activa
CMP-0167;2025-07-08;Zapatería Confort;País Vasco;Salud;SEO;Conversión;2005117,00;6307389,00;3257010;52300;12430;Cristina Ortega;Finalizada
CMP-0168;2025-03-24;Hotel Costa Azul;Castilla-La Mancha;Construcción;Radio;Branding;812979,00;2726596,00;NULL;42480;4380;Sara Molina;Activa
CMP-0169;2025-04-21;Colchones Descanso;La Rioja;Inmobiliario;Marketing de Contenidos;Lead Generation;1953271,00;7032033,00;4553060;205670;19030;Marta Sánchez;Cancelada
CMP-0170;2024-07-04;TecnoWave;Aragón;Deporte;SEM;Awareness;NULL;3997873,00;3625280;82720;15630;Miguel Álvarez;Terminada
CMP-0173;2023-02-26;Óptica Visión Plus;País Vasco;Deporte;Marketing de Contenidos;Conversión;425514,00;1726253,00;3931710;264660;8380;Cristina Ortega;Activa
CMP-0174;2024-05-31;Solaris Energía;Canarias;Educación;SEM;Lead Generation;1195761,00;1023236,00;913070;45730;550;Pablo Navarro;Cancelada
CMP-0175;2024-08-01;Dulcería Real;Región de Murcia;Turismo;Influencers;Awareness;273734,00;670199,00;3477650;269470;56970;Paula Serrano;Finalizada
CMP-0176;2024-08-28;Electro Ríos;Extremadura;Moda;Televisión;Fidelización;1022164,00;1678659,00;738630;43650;7300;Miguel Álvarez;Cancelada
CMP-0177;2024-08-24;Óptica Visión Plus;Comunidad Valenciana;Educación;Prensa;Conversión;1278141,00;4921815,00;4412360;239680;34500;Cristina Ortega;Pausada
CMP-0178;2023-08-30;Sabores del Mediterráneo;Andalucía;Belleza;SEO;Fidelización;1974464,00;3339869,00;1371080;67070;8130;DESCONOCIDO;Terminada
CMP-0179;2023-12-29;Byte Studio;DESCONOCIDO;Retail;Radio;Awareness;804631,00;2659955,00;4088890;45220;4060;Diego Romero;Activa
CMP-0180;2025-02-03;TransLogic;Navarra;DESCONOCIDO;Redes Sociales;Conversión;1020416,00;4443276,00;2014680;10770;1480;Ana Fernández;Pausada
CMP-0181;2025-12-09;Clínica Dental Sonrisa;Comunidad Valenciana;Automoción;SEO;Conversión;181912,00;89504,00;4977670;133460;24640;Sara Molina;Finalizada
CMP-0182;2024-06-07;Dulcería Real;Cataluña;Inmobiliario;Redes Sociales;Branding;1271491,00;1039165,00;3733260;200810;3800;Elena Castro;Finalizada
CMP-0183;2023-10-08;Solaris Energía;Región de Murcia;Alimentación;SEM;Branding;766769,00;2360875,00;3478310;153120;24410;Lucía Herrera;Terminada
CMP-0184;2024-11-08;Joyería Alba;Comunidad de Madrid;Agricultura;Google Ads;Lead Generation;NULL;1087002,00;4777890;98310;22990;Elena Castro;Pausada
CMP-0185;2023-12-24;Fintech Nova;Cataluña;Retail;Email Marketing;Conversión;1152743,00;5077397,00;1389770;55340;1870;Diego Romero;Pausada
CMP-0186;2025-09-06;Muebles Castillo;País Vasco;Alimentación;Email Marketing;Branding;473516,00;939108,00;2398570;60890;6240;Paula Serrano;Cancelada
CMP-0187;2023-09-25;Constructora Levante;La Rioja;Alimentación;Televisión;Awareness;1536081,00;5487634,00;3210270;22980;4000;Álvaro Gil;Finalizada
CMP-0188;2024-05-24;Muebles Castillo;Asturias;Tecnología;Prensa;Fidelización;1307367,00;4171305,00;3246350;39420;6650;Pablo Navarro;Activa
CMP-0189;2025-02-14;Lácteos del Sur;Castilla y León;Alimentación;Radio;Lead Generation;617412,00;2700936,00;268980;11570;1640;Álvaro Gil;Cancelada
CMP-0190;2024-09-15;Verde Natural;Galicia;Finanzas;Radio;Awareness;274555,00;557847,00;2925970;135120;NULL;David López;Cancelada
CMP-0191;2024-12-28;Panadería Trigo Dorado;Navarra;Automoción;Google Ads;Lead Generation;1795465,00;1398484,00;3986020;216910;2280;Miguel Álvarez;Terminada
CMP-0192;2023-04-06;EcoHogar;Región de Murcia;Belleza;Radio;Fidelización;1153474,00;4131704,00;3763030;114180;21890;Elena Castro;Cancelada
CMP-0193;2023-12-22;Dulcería Real;Comunidad Valenciana;Inmobiliario;Marketing de Contenidos;Awareness;1217671,00;2965027,00;4834540;354190;62350;Diego Romero;Pausada
CMP-0194;2025-11-15;Restaurante El Fogón;Aragón;Educación;Prensa;Conversión;2409712,00;10545056,00;2379210;NULL;6710;Ana Fernández;Finalizada
CMP-0195;2025-09-10;Constructora Levante;Extremadura;Finanzas;Prensa;Awareness;1269656,00;4083354,00;1695200;98790;19020;Laura Gómez;Finalizada
CMP-0196;2023-05-08;Distribuciones Marín;Canarias;Salud;Prensa;Branding;682106,00;NULL;1507690;84810;3820;Miguel Álvarez;Cancelada
CMP-0197;2025-02-20;Grupo Peralta;Aragón;DESCONOCIDO;Redes Sociales;Conversión;1287087,00;4693622,00;3654710;97110;16450;Álvaro Gil;Pausada
CMP-0198;2025-07-08;Dulcería Real;Andalucía;Tecnología;Email Marketing;Fidelización;1375606,00;3898777,00;4074240;241880;13650;Marta Sánchez;Activa
CMP-0199;2024-09-08;Byte Studio;Islas Baleares;Construcción;SEO;Conversión;119053,00;500051,00;NULL;27620;6450;Marta Sánchez;Activa
CMP-0200;2023-01-19;Muebles Castillo;Islas Baleares;Agricultura;Marketing de Contenidos;Conversión;841045,00;1289332,00;4987350;306460;42080;Javier Torres;Activa
CMP-0201;2025-07-01;Joyería Alba;Canarias;Agricultura;SEO;Awareness;8127,00;200806,00;4044600;133960;27150;Marta Sánchez;Activa
CMP-0202;2024-02-26;EcoHogar;Extremadura;Finanzas;Google Ads;Conversión;1682431,00;5971024,00;4539830;256070;53910;Laura Gómez;Pausada
CMP-0203;2025-04-08;Bebidas Norte;Comunidad de Madrid;Construcción;Redes Sociales;Fidelización;194696,00;730266,00;4781190;116650;12020;Carlos Ruiz;Pausada
CMP-0204;2023-03-05;Kapital Seguros;Castilla y León;Tecnología;Televisión;Fidelización;1524283,00;2259556,00;4863520;NULL;19280;Paula Serrano;Pausada
CMP-0205;2025-03-18;Solaris Energía;Andalucía;Turismo;SEO;Awareness;139274,00;3664707,00;651100;5290;780;Álvaro Gil;Finalizada
CMP-0206;2025-08-02;Hotel Costa Azul;Andalucía;Turismo;Google Ads;Fidelización;501929,00;53290,00;4197520;199570;4600;David López;Terminada
CMP-0207;2024-10-09;Muebles Castillo;Comunidad de Madrid;Educación;Televisión;Conversión;1548529,00;2452618,00;3067730;NULL;7360;Pablo Navarro;Pausada
CMP-0208;2023-10-14;Xtreme Bikes;Castilla-La Mancha;Educación;Google Ads;Branding;1388146,00;1441221,00;3185470;35510;NULL;Diego Romero;Activa
CMP-0209;2024-04-02;Agrocampo;Canarias;Tecnología;Radio;Fidelización;2237085,00;5741801,00;3433360;216780;21200;Cristina Ortega;Finalizada
CMP-0210;2023-10-27;Rural Gourmet;Castilla-La Mancha;Automoción;SEO;Branding;1126627,00;1185673,00;4978980;236180;51800;Sara Molina;Activa
CMP-0211;2024-06-23;Lácteos del Sur;País Vasco;Moda;Televisión;Branding;275998,00;1205409,00;3326710;223630;47040;Elena Castro;Pausada
CMP-0212;2023-12-06;Xtreme Bikes;Navarra;Finanzas;SEM;Conversión;198579,00;7995033,00;39590;1680;70;Diego Romero;Finalizada
CMP-0213;2025-04-21;Bahía Sports;Cataluña;Tecnología;Marketing de Contenidos;Fidelización;1214161,00;2805952,00;1109690;NULL;9040;Marta Sánchez;Finalizada
CMP-0214;2024-08-03;Restaurante El Fogón;Cantabria;Inmobiliario;Radio;Lead Generation;1506407,00;4017798,00;102620;7270;1340;Diego Romero;Finalizada
CMP-0215;2023-05-21;Yogures La Pradera;Asturias;Tecnología;Google Ads;Conversión;676011,00;2258948,00;1801580;133630;20460;Paula Serrano;Activa
CMP-0216;2025-06-02;Rural Gourmet;La Rioja;Hostelería;Televisión;Fidelización;2256922,00;5789008,00;11290;810;150;Paula Serrano;Cancelada
CMP-0217;2025-11-30;Hotel Costa Azul;Galicia;Educación;Influencers;Lead Generation;488772,00;1602402,00;4143840;22930;3100;Cristina Ortega;Cancelada
CMP-0218;2025-09-15;Colchones Descanso;La Rioja;Turismo;SEM;Fidelización;926797,00;1350672,00;3573330;124380;7320;Álvaro Gil;Cancelada
CMP-0219;2023-04-17;Clínica Dental Sonrisa;Comunidad de Madrid;Deporte;Email Marketing;Lead Generation;268691,00;654274,00;NULL;125360;17810;Carlos Ruiz;Activa
CMP-0221;2025-03-20;Solaris Energía;Galicia;Construcción;Redes Sociales;Branding;2439602,00;1621701,00;1451700;92140;8730;Elena Castro;Pausada
CMP-0222;2023-12-25;Fintech Nova;Castilla-La Mancha;Agricultura;Prensa;Fidelización;1523781,00;1702072,00;4879370;172220;NULL;Lucía Herrera;Cancelada
CMP-0223;2024-03-27;Viñedos del Valle;Castilla y León;Hostelería;Influencers;Lead Generation;2243379,00;8795162,00;2531910;34730;910;Laura Gómez;Pausada
CMP-0224;2025-09-02;Nutrisana;Galicia;Agricultura;Marketing de Contenidos;Awareness;1009348,00;3477113,00;1798020;19240;4490;Paula Serrano;Finalizada
CMP-0225;2023-08-07;Hotel Costa Azul;Andalucía;Finanzas;Radio;Fidelización;532811,00;613596,00;1314120;88990;8490;Javier Torres;Pausada
CMP-0227;2025-01-10;Lácteos del Sur;Castilla-La Mancha;Tecnología;Prensa;Awareness;1729242,00;604619,00;1109940;37130;1260;Diego Romero;Cancelada
CMP-0228;2024-01-04;EcoHogar;Castilla y León;Deporte;Google Ads;Conversión;105935,00;3664527,00;1919060;132550;10220;David López;Finalizada
CMP-0229;2024-10-08;Constructora Levante;Canarias;Turismo;Prensa;Fidelización;1065371,00;921313,00;4688300;322100;43180;Álvaro Gil;Activa
CMP-0230;2025-04-23;Hotel Costa Azul;Galicia;Inmobiliario;Marketing de Contenidos;Fidelización;915186,00;2428419,00;4890540;321550;29770;Pablo Navarro;Activa
CMP-0232;2025-04-27;Urbana Inmobiliaria;Comunidad de Madrid;Finanzas;SEM;Branding;1956816,00;8302444,00;3926120;192450;46520;Paula Serrano;Cancelada
CMP-0234;2025-06-30;Lácteos del Sur;País Vasco;Inmobiliario;Marketing de Contenidos;Lead Generation;2163318,00;4893885,00;4571010;208180;15690;Diego Romero;Pausada
CMP-0235;2024-06-16;Óptica Visión Plus;Comunidad de Madrid;Automoción;SEM;Lead Generation;1214496,00;1522904,00;474520;18090;1760;Pablo Navarro;Activa
CMP-0236;2025-06-14;Joyería Alba;País Vasco;Educación;Televisión;Conversión;1500569,00;5471709,00;2879210;95080;10340;David López;Pausada
CMP-0237;2024-01-09;Joyería Alba;Región de Murcia;Inmobiliario;Radio;Awareness;1628173,00;4126061,00;1414400;50870;10920;Javier Torres;Activa
CMP-0238;2023-01-31;Joyería Alba;Aragón;Moda;SEM;Lead Generation;687604,00;2271722,00;3817130;21430;670;Lucía Herrera;Terminada
CMP-0239;2023-01-26;Modaline;Castilla y León;Moda;Radio;Conversión;1367116,00;NULL;4701040;320210;66000;Pablo Navarro;Finalizada
CMP-0240;2024-06-02;Lácteos del Sur;Canarias;Salud;Influencers;Branding;413356,00;1388296,00;3909500;NULL;39750;Cristina Ortega;Pausada
CMP-0241;2025-08-31;Dulcería Real;DESCONOCIDO;Salud;Email Marketing;Lead Generation;316731,00;1144794,00;51810;4020;600;DESCONOCIDO;Activa
CMP-0242;2024-12-12;Byte Studio;Galicia;Retail;Televisión;Awareness;1759294,00;637596,00;664690;27640;2370;Pablo Navarro;Cancelada
CMP-0243;2023-11-25;Distribuciones Marín;Región de Murcia;Construcción;Influencers;Lead Generation;142542,00;3682154,00;1702010;102000;7750;Sara Molina;Pausada
CMP-0244;2024-01-24;Farmacia Central;La Rioja;Hostelería;Prensa;Conversión;612191,00;2037503,00;3456330;267990;55350;Cristina Ortega;Activa
CMP-0245;2025-03-06;Constructora Levante;Navarra;Inmobiliario;Marketing de Contenidos;Awareness;NULL;2511429,00;2549730;49390;870;Miguel Álvarez;Finalizada
CMP-0246;2025-05-01;Nutrisana;Cataluña;Deporte;Marketing de Contenidos;Awareness;1180787,00;3522819,00;1897290;88890;20900;Álvaro Gil;Activa
CMP-0247;2024-01-02;Agrocampo;Región de Murcia;Inmobiliario;Influencers;Lead Generation;975621,00;1084014,00;3448920;81590;13060;DESCONOCIDO;Cancelada
CMP-0248;2024-10-07;Yogures La Pradera;Aragón;Deporte;Influencers;Lead Generation;857032,00;826471,00;3150280;120420;11380;Miguel Álvarez;Finalizada
CMP-0249;2024-08-05;Panadería Trigo Dorado;Navarra;Tecnología;SEM;Branding;NULL;5241469,00;2086890;10460;190;Lucía Herrera;Pausada
CMP-0251;2023-07-15;Lácteos del Sur;Canarias;Retail;Marketing de Contenidos;Lead Generation;1986402,00;2038427,00;4334070;313900;56080;Lucía Herrera;Cancelada
CMP-0252;2023-01-24;Sabores del Mediterráneo;Asturias;Retail;SEM;Fidelización;232701,00;1876199,00;4044060;NULL;14830;Miguel Álvarez;Cancelada
CMP-0253;2025-03-18;Urbana Inmobiliaria;Aragón;Alimentación;Radio;Fidelización;1887044,00;5125344,00;477290;10330;820;Sara Molina;Finalizada
CMP-0254;2025-12-09;Wellness Center;Andalucía;Turismo;Televisión;Branding;1407055,00;3305196,00;3424660;163860;23700;Javier Torres;Pausada
CMP-0255;2023-04-02;Clínica Dental Sonrisa;Galicia;Finanzas;Influencers;Conversión;2469377,00;7131877,00;4213960;160820;7230;Carlos Ruiz;Finalizada
CMP-0256;2024-11-10;Joyería Alba;Galicia;Salud;Prensa;Fidelización;54059,00;173742,00;588410;16400;2010;Marta Sánchez;Cancelada
CMP-0257;2024-07-09;Dulcería Real;Comunidad de Madrid;Turismo;Influencers;Branding;226698,00;5695915,00;1344320;23890;1860;Elena Castro;Pausada
CMP-0258;2023-02-14;Xtreme Bikes;Navarra;Turismo;Influencers;Lead Generation;2169596,00;5494621,00;982360;19560;4730;Javier Torres;Pausada
CMP-0259;2025-03-03;Grupo Peralta;Castilla-La Mancha;Salud;Email Marketing;Awareness;2490066,00;10981363,00;1451390;95630;15310;Carlos Ruiz;Finalizada
CMP-0260;2023-10-11;TransLogic;Galicia;Deporte;Email Marketing;Awareness;2426932,00;10001117,00;1731400;66980;NULL;Paula Serrano;Finalizada
CMP-0261;2024-01-13;Colchones Descanso;Comunidad Valenciana;Hostelería;Influencers;Lead Generation;2294438,00;3747928,00;2927060;131630;NULL;Miguel Álvarez;Pausada
CMP-0262;2024-06-30;Byte Studio;Castilla y León;Inmobiliario;SEO;Conversión;1952188,00;1461096,00;973600;6780;1670;Miguel Álvarez;Cancelada
CMP-0263;2023-03-08;Panadería Trigo Dorado;Comunidad de Madrid;DESCONOCIDO;SEO;Conversión;476262,00;917916,00;2489320;38120;2140;Paula Serrano;Cancelada
CMP-0264;2025-02-18;Lácteos del Sur;Asturias;Inmobiliario;Marketing de Contenidos;Fidelización;2169602,00;8738864,00;2246620;79450;1590;Laura Gómez;Activa
CMP-0265;2023-04-11;Grupo Peralta;País Vasco;DESCONOCIDO;SEM;Fidelización;1306383,00;2562558,00;3859400;30650;3150;Pablo Navarro;Activa
CMP-0266;2024-02-18;Agrocampo;Región de Murcia;Belleza;Influencers;Branding;355561,00;72426,00;2368940;16270;1930;Elena Castro;Cancelada
CMP-0267;2023-11-29;TecnoWave;Cataluña;Moda;SEM;Awareness;1925286,00;7954245,00;2969800;208910;45340;Ana Fernández;Finalizada
CMP-0268;2023-01-12;Solaris Energía;La Rioja;Salud;SEO;Fidelización;156395,00;NULL;2409600;101970;13220;Diego Romero;Pausada
CMP-0269;2024-12-15;Farmacia Central;Cataluña;Finanzas;Marketing de Contenidos;Fidelización;1579016,00;5912641,00;1093610;9480;430;Marta Sánchez;Finalizada
CMP-0270;2025-02-15;Dulcería Real;Andalucía;Turismo;Radio;Conversión;913268,00;411453,00;4034210;110720;NULL;Javier Torres;Finalizada
CMP-0271;2024-08-11;AutoMotion;DESCONOCIDO;Construcción;Marketing de Contenidos;Fidelización;143699,00;6341825,00;2778200;219580;27680;Miguel Álvarez;Finalizada
CMP-0272;2023-08-30;Fintech Nova;Galicia;Retail;SEO;Awareness;1777296,00;7842998,00;13280;180;20;Ana Fernández;Activa
CMP-0273;2024-11-23;Muebles Castillo;La Rioja;Hostelería;Redes Sociales;Lead Generation;1002202,00;2695393,00;157650;10620;600;Álvaro Gil;Cancelada
CMP-0274;2023-02-08;Ferretería Ibérica;Aragón;Hostelería;Influencers;Branding;NULL;3256293,00;3805900;212610;30450;Sara Molina;Cancelada
CMP-0275;2023-03-06;Constructora Levante;Andalucía;Belleza;SEO;Awareness;1496076,00;5881514,00;3945230;110940;23940;David López;Pausada
CMP-0276;2025-10-21;TecnoWave;DESCONOCIDO;Agricultura;Radio;Fidelización;194892,00;8060901,00;2331650;100140;20200;Álvaro Gil;Finalizada
CMP-0277;2023-06-28;Viñedos del Valle;Cataluña;Alimentación;Prensa;Awareness;981219,00;3858352,00;612310;3250;750;Cristina Ortega;Finalizada
CMP-0278;2025-11-18;Urbana Inmobiliaria;Islas Baleares;Tecnología;SEM;Fidelización;1684388,00;2434189,00;830730;21200;280;Elena Castro;Cancelada
CMP-0279;2025-07-02;Ferretería Ibérica;Canarias;DESCONOCIDO;SEO;Fidelización;282699,00;148688,00;2240900;77070;13800;Lucía Herrera;Cancelada
CMP-0280;2023-10-22;Kapital Seguros;Castilla-La Mancha;Agricultura;Influencers;Lead Generation;1717505,00;5638409,00;2445010;98510;NULL;Javier Torres;Cancelada
CMP-0282;2025-06-10;Quimera Cosmética;Aragón;Construcción;SEO;Conversión;NULL;215926,00;3643870;179720;35620;Paula Serrano;Activa
CMP-0283;2023-05-23;Viñedos del Valle;Asturias;Automoción;Radio;Branding;826938,00;587247,00;2339210;42600;10190;Cristina Ortega;Finalizada
CMP-0284;2024-09-15;Quimera Cosmética;Islas Baleares;Inmobiliario;Redes Sociales;Fidelización;1546619,00;3368646,00;1083250;60780;5220;Paula Serrano;Pausada
CMP-0285;2024-10-13;Bahía Sports;Asturias;Moda;Televisión;Conversión;2155895,00;8485289,00;1238340;46280;7010;Sara Molina;Cancelada
CMP-0286;2023-02-02;Byte Studio;La Rioja;Finanzas;Televisión;Conversión;735408,00;2916253,00;663230;9990;270;Sara Molina;Cancelada
CMP-0287;2024-04-07;Farmacia Central;Comunidad de Madrid;Deporte;SEO;Fidelización;465897,00;1136576,00;2899330;192820;19730;Laura Gómez;Activa
CMP-0288;2025-08-10;Nutrisana;Navarra;Agricultura;Marketing de Contenidos;Branding;372377,00;NULL;4510470;355310;69970;Carlos Ruiz;Pausada
CMP-0289;2025-08-18;Farmacia Central;Aragón;Moda;Influencers;Awareness;15088,00;262968,00;4086720;23730;2820;Paula Serrano;Pausada
CMP-0291;2024-04-28;Dulcería Real;DESCONOCIDO;Deporte;Redes Sociales;Conversión;1852639,00;5684737,00;NULL;127470;9260;Álvaro Gil;Cancelada
CMP-0292;2024-12-07;Grupo Peralta;Canarias;Belleza;Prensa;Conversión;1658455,00;5554491,00;882040;18350;3410;DESCONOCIDO;Cancelada
CMP-0293;2023-03-26;Solaris Energía;Islas Baleares;Moda;Marketing de Contenidos;Awareness;736205,00;268619,00;2007800;112200;27020;Carlos Ruiz;Cancelada
CMP-0294;2024-01-04;Grupo Peralta;Región de Murcia;Automoción;SEO;Awareness;1841097,00;5104703,00;1026970;45180;7800;Diego Romero;Finalizada
CMP-0295;2024-01-14;Bahía Sports;País Vasco;Turismo;SEM;Lead Generation;1776026,00;1427754,00;4495210;226340;22680;Pablo Navarro;Cancelada
CMP-0297;2023-05-30;EcoHogar;Castilla-La Mancha;Hostelería;Radio;Branding;1542636,00;115119,00;2320150;136080;4730;Paula Serrano;Finalizada
CMP-0298;2025-04-07;Restaurante El Fogón;Castilla y León;Retail;Televisión;Lead Generation;NULL;3561626,00;4932840;309900;38660;Javier Torres;Activa
CMP-0299;2024-08-16;Nutrisana;DESCONOCIDO;Construcción;Redes Sociales;Conversión;NULL;3596933,00;1787900;19720;2370;Carlos Ruiz;Activa
CMP-0300;2024-05-03;Urbana Inmobiliaria;Andalucía;Hostelería;Prensa;Awareness;NULL;1636679,00;1017360;7020;1740;Lucía Herrera;Activa
CMP-0301;2023-11-02;TecnoWave;Castilla y León;Agricultura;Google Ads;Lead Generation;NULL;1219558,00;3433050;188980;22670;Paula Serrano;Finalizada
CMP-0302;2023-08-06;Kapital Seguros;Castilla y León;Alimentación;SEO;Lead Generation;2055433,00;1456536,00;3209580;57130;8670;Miguel Álvarez;Finalizada
CMP-0303;2023-12-11;TecnoWave;País Vasco;Belleza;SEO;Fidelización;1490851,00;2548037,00;638050;16290;3120;Sara Molina;Cancelada
CMP-0304;2024-08-04;Nutrisana;La Rioja;Educación;Email Marketing;Conversión;35747,00;37661,00;472350;27390;4170;Pablo Navarro;Activa
CMP-0305;2023-01-10;Xtreme Bikes;Galicia;Alimentación;Prensa;Branding;1537884,00;1029904,00;4338150;276310;25830;Elena Castro;Finalizada
CMP-0306;2023-03-30;Bahía Sports;Islas Baleares;Turismo;Influencers;Fidelización;199560,00;6342064,00;4783800;194130;10150;Miguel Álvarez;Finalizada
CMP-0307;2024-10-29;Xtreme Bikes;Aragón;Salud;Google Ads;Conversión;1296961,00;775077,00;1238640;73210;11140;Sara Molina;Cancelada
CMP-0308;2025-02-03;Ferretería Ibérica;Galicia;Finanzas;Influencers;Awareness;2228412,00;2025077,00;4869800;246930;13020;Miguel Álvarez;Activa
CMP-0310;2023-11-02;Grupo Peralta;Navarra;Retail;Televisión;Lead Generation;634622,00;1347839,00;1171050;84180;12790;Carlos Ruiz;Activa
CMP-0311;2023-02-02;Sabores del Mediterráneo;Canarias;Tecnología;Radio;Fidelización;2375836,00;2037019,00;1555790;35670;8900;Lucía Herrera;Finalizada
CMP-0312;2024-11-12;Panadería Trigo Dorado;Canarias;Moda;SEM;Fidelización;NULL;5127155,00;12140;840;20;Carlos Ruiz;Activa
CMP-0313;2025-01-20;Panadería Trigo Dorado;Andalucía;Construcción;SEO;Conversión;2222185,00;1702326,00;1921740;76680;1510;Carlos Ruiz;Finalizada
CMP-0314;2023-05-10;Fintech Nova;Canarias;Belleza;Marketing de Contenidos;Awareness;81475,00;3317107,00;2645130;148170;11330;Lucía Herrera;Finalizada
CMP-0315;2023-08-12;Viñedos del Valle;Región de Murcia;Belleza;Email Marketing;Conversión;NULL;459065,00;942480;25090;6010;Ana Fernández;Terminada
CMP-0316;2024-04-20;Urbana Inmobiliaria;Aragón;Moda;Marketing de Contenidos;Awareness;1849519,00;72173,00;996220;9680;2120;DESCONOCIDO;Cancelada
CMP-0317;2024-04-09;Viñedos del Valle;Región de Murcia;Hostelería;Redes Sociales;Lead Generation;774124,00;661263,00;4143450;115960;NULL;DESCONOCIDO;Finalizada
CMP-0318;2025-01-27;Byte Studio;Cataluña;Finanzas;Influencers;Awareness;419912,00;332173,00;1665030;80070;9270;Marta Sánchez;Activa
CMP-0319;2025-11-05;Byte Studio;Canarias;Belleza;SEM;Fidelización;2370517,00;9948603,00;823160;4380;820;DESCONOCIDO;Cancelada
CMP-0320;2024-03-27;TecnoWave;Andalucía;Automoción;Redes Sociales;Conversión;36577,00;956134,00;1620230;11110;1750;Paula Serrano;Activa
CMP-0321;2025-11-13;Urbana Inmobiliaria;Islas Baleares;DESCONOCIDO;Televisión;Awareness;1699117,00;7343617,00;2688240;92960;11870;Álvaro Gil;Cancelada
CMP-0322;2025-04-28;Sabores del Mediterráneo;DESCONOCIDO;DESCONOCIDO;SEO;Awareness;201314,00;3044397,00;4229040;252050;56820;DESCONOCIDO;Cancelada
CMP-0323;2023-10-08;Nutrisana;Asturias;Turismo;Prensa;Lead Generation;36415,00;108625,00;1438030;51890;7440;Álvaro Gil;Cancelada
CMP-0324;2025-08-25;Fintech Nova;Canarias;Moda;Email Marketing;Lead Generation;86563,00;26858,00;1382180;38020;6220;Laura Gómez;Activa
CMP-0325;2023-09-02;Panadería Trigo Dorado;Comunidad de Madrid;Tecnología;Marketing de Contenidos;Branding;1461043,00;3908894,00;4557630;110940;19370;Marta Sánchez;Pausada
CMP-0326;2024-01-11;Ferretería Ibérica;País Vasco;Construcción;Influencers;Awareness;738843,00;1865114,00;4913990;52880;2980;Ana Fernández;Pausada
CMP-0327;2025-02-02;AutoMotion;Castilla y León;Deporte;SEO;Fidelización;1345362,00;2390498,00;758490;4520;600;Elena Castro;Activa
CMP-0328;2023-10-12;Bahía Sports;Navarra;Hostelería;Influencers;Conversión;2050735,00;8568629,00;2519050;78380;13780;Álvaro Gil;Finalizada
CMP-0329;2023-08-17;Kapital Seguros;La Rioja;Hostelería;Televisión;Branding;330854,00;280206,00;417110;15370;2960;Carlos Ruiz;Pausada
CMP-0330;2024-02-14;Solaris Energía;Islas Baleares;Deporte;SEM;Fidelización;1891285,00;6782067,00;NULL;242090;36560;Diego Romero;Activa
CMP-0331;2023-01-09;Solaris Energía;Galicia;Agricultura;Prensa;Lead Generation;133152,00;440255,00;1482740;26510;5060;DESCONOCIDO;Pausada
CMP-0332;2023-09-11;Quimera Cosmética;Navarra;Tecnología;Radio;Awareness;NULL;2636344,00;2141880;28830;7100;Laura Gómez;Cancelada
CMP-0333;2025-04-14;Joyería Alba;DESCONOCIDO;Salud;Google Ads;Lead Generation;1153226,00;3911665,00;3607100;282120;32880;Laura Gómez;Activa
CMP-0334;2023-12-12;Nutrisana;Galicia;Automoción;SEO;Fidelización;31566,00;618128,00;3648990;179860;6180;Sara Molina;Pausada
CMP-0335;2024-07-25;Restaurante El Fogón;Cantabria;Alimentación;Google Ads;Conversión;903121,00;NULL;4986460;176180;22240;Carlos Ruiz;Cancelada
CMP-0336;2023-07-17;Verde Natural;Navarra;Hostelería;Radio;Lead Generation;243074,00;4635563,00;3565980;105270;8700;Pablo Navarro;Activa
CMP-0337;2025-02-09;TecnoWave;Cataluña;Retail;Email Marketing;Fidelización;2476965,00;9899260,00;629600;21260;1810;Marta Sánchez;Cancelada
CMP-0338;2025-08-20;Xtreme Bikes;País Vasco;Construcción;Redes Sociales;Fidelización;1914748,00;5149125,00;2576910;140450;24500;Ana Fernández;Activa
CMP-0339;2023-07-19;Óptica Visión Plus;Islas Baleares;Finanzas;SEO;Conversión;2027693,00;5581552,00;4016820;288610;26520;Carlos Ruiz;Pausada
CMP-0340;2025-05-15;Bahía Sports;Extremadura;Turismo;Redes Sociales;Fidelización;857234,00;328141,00;1714790;13380;NULL;Diego Romero;Finalizada
CMP-0342;2023-06-07;Innovatech Solutions;Canarias;Construcción;SEM;Lead Generation;186829,00;684725,00;2496770;92460;8630;Sara Molina;Cancelada
CMP-0343;2025-10-19;Bebidas Norte;Cantabria;Turismo;Prensa;Fidelización;467890,00;176925,00;3692480;161420;8840;Miguel Álvarez;Pausada
CMP-0344;2025-04-20;Viñedos del Valle;Andalucía;Finanzas;SEO;Lead Generation;386404,00;NULL;3597980;224560;47730;Marta Sánchez;Cancelada
CMP-0345;2025-09-21;Grupo Peralta;Comunidad de Madrid;Finanzas;Prensa;Conversión;301625,00;333612,00;1292580;83730;7070;Miguel Álvarez;Activa
CMP-0346;2025-03-23;Modaline;Comunidad Valenciana;DESCONOCIDO;Prensa;Branding;2253426,00;4528099,00;1910440;NULL;23540;Paula Serrano;Activa
CMP-0347;2025-05-16;Lácteos del Sur;Región de Murcia;Belleza;Televisión;Branding;836629,00;2304219,00;2049460;134110;25280;Elena Castro;Pausada
CMP-0348;2023-03-13;Byte Studio;Cataluña;Educación;SEO;Awareness;920235,00;304213,00;4311320;121200;19980;Miguel Álvarez;Activa
CMP-0349;2024-06-07;Grupo Peralta;Castilla y León;Turismo;SEO;Conversión;2146965,00;4147031,00;4774910;367930;85580;Paula Serrano;Activa
CMP-0350;2023-07-25;Xtreme Bikes;Castilla-La Mancha;Construcción;Google Ads;Lead Generation;1188306,00;2417534,00;4415110;132250;14720;Cristina Ortega;Finalizada
CMP-0351;2023-09-24;Kapital Seguros;Extremadura;Hostelería;Influencers;Lead Generation;79803,00;515028,00;832440;19740;3570;Ana Fernández;Pausada
CMP-0352;2024-04-04;Joyería Alba;Comunidad de Madrid;Finanzas;Marketing de Contenidos;Conversión;512686,00;1046333,00;958620;33080;3320;David López;Activa
CMP-0353;2023-01-29;Electro Ríos;Extremadura;Hostelería;Radio;Lead Generation;665191,00;448377,00;1933960;NULL;5010;David López;Pausada
CMP-0354;2024-08-02;Joyería Alba;Galicia;Moda;Email Marketing;Lead Generation;1871179,00;3564051,00;2266290;156880;24160;Ana Fernández;Terminada
CMP-0355;2024-03-10;Nutrisana;Extremadura;Educación;Marketing de Contenidos;Awareness;45594,00;39186,00;1699730;132710;13980;Laura Gómez;Pausada
CMP-0356;2023-01-11;Electro Ríos;Asturias;Turismo;Televisión;Conversión;2349518,00;10249259,00;3141450;182880;37370;Diego Romero;Cancelada
CMP-0357;2024-06-17;Muebles Castillo;Cataluña;Tecnología;Radio;Awareness;NULL;1876531,00;1668650;97230;11070;Ana Fernández;Pausada
CMP-0358;2023-11-06;Zapatería Confort;Cantabria;Retail;SEO;Conversión;796266,00;3224257,00;1659350;100000;12790;Pablo Navarro;Cancelada
CMP-0359;2025-09-20;Bahía Sports;Región de Murcia;Deporte;Email Marketing;Branding;2488100,00;10435755,00;NULL;8340;2060;Marta Sánchez;Finalizada
CMP-0361;2025-07-16;Viñedos del Valle;Comunidad Valenciana;Hostelería;SEM;Awareness;1578325,00;225880,00;3454840;18770;NULL;Elena Castro;Cancelada
CMP-0363;2025-05-16;Yogures La Pradera;Extremadura;Hostelería;Influencers;Fidelización;515681,00;NULL;2039700;83080;12050;Javier Torres;Finalizada
CMP-0364;2025-09-05;Zapatería Confort;Comunidad Valenciana;Turismo;SEO;Fidelización;1581308,00;3959037,00;1529120;61340;1770;Laura Gómez;Cancelada
CMP-0365;2023-06-17;AutoMotion;Cataluña;Alimentación;Televisión;Awareness;1172348,00;3898411,00;4266540;NULL;7280;Lucía Herrera;Pausada
CMP-0367;2025-03-19;Kapital Seguros;Comunidad Valenciana;DESCONOCIDO;Redes Sociales;Conversión;1553878,00;6822258,00;1896250;107700;25970;Cristina Ortega;Terminada
CMP-0368;2025-06-30;Byte Studio;Comunidad de Madrid;Inmobiliario;SEO;Conversión;1195493,00;468192,00;875870;63650;11920;Sara Molina;Cancelada
CMP-0369;2023-03-17;Sabores del Mediterráneo;La Rioja;DESCONOCIDO;Marketing de Contenidos;Fidelización;2124568,00;7214457,00;3128910;187200;46750;David López;Cancelada
CMP-0370;2023-08-28;Colchones Descanso;Islas Baleares;Retail;Email Marketing;Awareness;803308,00;45527,00;4686240;251280;56130;Pablo Navarro;Pausada
CMP-0371;2025-03-10;Electro Ríos;Islas Baleares;Hostelería;Email Marketing;Fidelización;2136565,00;7058861,00;2461110;36510;2930;Marta Sánchez;Cancelada
CMP-0372;2023-04-07;AutoMotion;Islas Baleares;Tecnología;Prensa;Branding;1987836,00;8469831,00;2593540;72030;4340;David López;Pausada
CMP-0373;2023-11-06;Muebles Castillo;Región de Murcia;Agricultura;Radio;Lead Generation;1966517,00;694450,00;4042510;286320;21240;Carlos Ruiz;Activa
CMP-0374;2023-11-18;TecnoWave;Cantabria;Hostelería;Prensa;Lead Generation;1278118,00;1280156,00;623970;43870;10030;Cristina Ortega;Activa
CMP-0375;2024-11-30;Urbana Inmobiliaria;País Vasco;Alimentación;SEM;Awareness;2424699,00;8560936,00;39530;920;180;Cristina Ortega;Cancelada
CMP-0376;2025-11-23;Fintech Nova;Navarra;Alimentación;Google Ads;Conversión;362226,00;761057,00;4818060;171990;20650;Laura Gómez;Activa
CMP-0377;2024-09-15;Zapatería Confort;Aragón;Agricultura;Influencers;Branding;2432200,00;5012964,00;4649050;260650;37230;Marta Sánchez;Finalizada
CMP-0378;2025-04-08;Farmacia Central;Canarias;Alimentación;Redes Sociales;Lead Generation;1975087,00;6001412,00;3661750;113120;23170;Marta Sánchez;Finalizada
CMP-0379;2024-06-13;Zapatería Confort;Canarias;DESCONOCIDO;Televisión;Branding;864958,00;2568821,00;127790;900;180;Elena Castro;Activa
CMP-0380;2025-12-28;Solaris Energía;Islas Baleares;Finanzas;Email Marketing;Lead Generation;1143805,00;5065217,00;4227550;257590;38530;Javier Torres;Pausada
CMP-0381;2025-05-20;Viñedos del Valle;Galicia;Belleza;Google Ads;Fidelización;26301,00;865011,00;4348390;156120;5010;Diego Romero;Cancelada
CMP-0382;2025-07-26;Xtreme Bikes;Navarra;Deporte;Prensa;Branding;1834658,00;3763019,00;858760;13590;550;Marta Sánchez;Activa
CMP-0383;2025-01-30;Sabores del Mediterráneo;Islas Baleares;Retail;Email Marketing;Conversión;293634,00;543887,00;1523280;12210;570;Paula Serrano;Terminada
CMP-0384;2024-09-26;Solaris Energía;Aragón;Hostelería;Televisión;Fidelización;323373,00;570535,00;4568540;38150;4780;Pablo Navarro;Pausada
CMP-0385;2024-11-25;Nutrisana;Cantabria;Educación;SEM;Branding;2003533,00;619274,00;2152630;73280;16560;Lucía Herrera;Activa
CMP-0386;2025-12-04;Nutrisana;La Rioja;Construcción;Redes Sociales;Conversión;497218,00;1441215,00;3029380;187270;NULL;David López;Cancelada
CMP-0387;2023-02-17;Nutrisana;País Vasco;Moda;Redes Sociales;Awareness;2021164,00;5757872,00;2111570;103810;13280;Carlos Ruiz;Finalizada
CMP-0388;2024-01-07;Byte Studio;Cataluña;Turismo;Televisión;Lead Generation;780850,00;1569947,00;892040;8400;2020;Álvaro Gil;Finalizada
CMP-0390;2023-10-19;Rural Gourmet;Castilla y León;Construcción;Televisión;Fidelización;775440,00;1557342,00;444920;30460;3960;Diego Romero;Activa
CMP-0391;2024-03-11;Innovatech Solutions;Navarra;Turismo;Redes Sociales;Fidelización;1502712,00;5749148,00;1998090;159730;NULL;Marta Sánchez;Cancelada
CMP-0392;2024-06-19;EcoHogar;Cantabria;Turismo;SEO;Awareness;1533904,00;6628233,00;1673820;119330;28260;Diego Romero;Finalizada
CMP-0393;2025-09-28;Solaris Energía;Andalucía;Hostelería;Google Ads;Lead Generation;1529791,00;486432,00;55210;3060;330;Álvaro Gil;Cancelada
CMP-0394;2024-01-31;Constructora Levante;Castilla y León;Educación;Redes Sociales;Awareness;2101082,00;7794705,00;49200;700;60;Cristina Ortega;Finalizada
CMP-0395;2024-02-06;Panadería Trigo Dorado;Asturias;Alimentación;SEM;Fidelización;111254,00;263663,00;3696230;214460;12900;Miguel Álvarez;Finalizada
CMP-0396;2024-07-15;Modaline;Comunidad de Madrid;Educación;Prensa;Fidelización;336029,00;1418367,00;4490170;99220;13440;Sara Molina;Activa
CMP-0397;2025-10-11;Lácteos del Sur;Cataluña;Agricultura;SEO;Branding;1092719,00;4894777,00;1441730;20360;2730;Sara Molina;Activa
CMP-0398;2024-11-05;Fintech Nova;Región de Murcia;Hostelería;Redes Sociales;Awareness;2445677,00;5087118,00;395280;29160;1660;Pablo Navarro;Activa
CMP-0399;2023-07-15;Zapatería Confort;Región de Murcia;Agricultura;Redes Sociales;Conversión;1989396,00;8480596,00;4072160;203590;23460;Laura Gómez;Activa
CMP-0400;2024-04-22;Bebidas Norte;Comunidad de Madrid;Hostelería;Televisión;Fidelización;149464,00;578381,00;2110970;25720;4890;Pablo Navarro;Activa
CMP-0401;2024-06-08;Modaline;La Rioja;Educación;Marketing de Contenidos;Lead Generation;1490359,00;5709973,00;4746500;227780;37120;Laura Gómez;Cancelada
CMP-0402;2023-10-26;Yogures La Pradera;Canarias;Inmobiliario;Influencers;Awareness;2400159,00;8324638,00;NULL;79820;11160;Diego Romero;Finalizada
CMP-0404;2024-03-25;Sabores del Mediterráneo;Castilla y León;DESCONOCIDO;SEO;Lead Generation;834975,00;618183,00;4598310;295160;5940;Miguel Álvarez;Cancelada
CMP-0405;2023-03-03;EcoHogar;Comunidad Valenciana;Finanzas;Marketing de Contenidos;Awareness;1012775,00;381771,00;40260;1290;30;David López;Pausada
CMP-0406;2024-06-20;Constructora Levante;Comunidad Valenciana;Automoción;SEO;Awareness;862747,00;2268094,00;941070;18530;960;Javier Torres;Cancelada
CMP-0407;2025-02-13;Modaline;Aragón;DESCONOCIDO;Televisión;Conversión;313863,00;1257786,00;690740;44630;2490;Diego Romero;Finalizada
CMP-0408;2023-06-16;Innovatech Solutions;Andalucía;Tecnología;Prensa;Lead Generation;2184672,00;8468468,00;3067270;219110;13190;Elena Castro;Finalizada
CMP-0409;2023-03-16;Zapatería Confort;Galicia;Belleza;SEO;Lead Generation;1742384,00;575985,00;2599130;105340;15740;Sara Molina;Pausada
CMP-0410;2024-04-16;Hotel Costa Azul;Cantabria;Construcción;Marketing de Contenidos;Awareness;1385369,00;1197218,00;445540;12080;1620;DESCONOCIDO;Pausada
CMP-0411;2023-06-18;Quimera Cosmética;Navarra;Construcción;Prensa;Branding;81301,00;175211,00;1397630;74630;7170;Carlos Ruiz;Pausada
CMP-0412;2024-07-16;Distribuciones Marín;Comunidad Valenciana;Hostelería;Prensa;Awareness;1694266,00;2287427,00;3912050;258850;45050;Álvaro Gil;Cancelada
CMP-0413;2023-11-02;Dulcería Real;Castilla y León;Educación;SEO;Lead Generation;1899359,00;664664,00;3434320;149210;28740;Elena Castro;Cancelada
CMP-0414;2025-05-05;Muebles Castillo;Cantabria;Deporte;Prensa;Branding;1983949,00;3203908,00;989850;36780;8680;Miguel Álvarez;Pausada
CMP-0415;2024-09-05;Muebles Castillo;Comunidad de Madrid;Retail;Email Marketing;Conversión;579217,00;NULL;3950920;139280;27420;Diego Romero;Cancelada
CMP-0416;2024-11-04;Quimera Cosmética;Cantabria;Finanzas;SEM;Branding;526427,00;1021622,00;2807260;95390;11820;Miguel Álvarez;Terminada
CMP-0417;2025-11-27;Joyería Alba;Aragón;Deporte;Televisión;Conversión;530613,00;NULL;2754340;28220;670;Carlos Ruiz;Finalizada
CMP-0418;2024-09-27;Kapital Seguros;Navarra;Educación;Radio;Awareness;1091858,00;3581972,00;NULL;42170;6240;Pablo Navarro;Finalizada
CMP-0419;2025-07-23;Colchones Descanso;Canarias;Moda;Marketing de Contenidos;Conversión;2200514,00;4913438,00;3025590;23990;760;Diego Romero;Finalizada
CMP-0420;2024-08-20;AutoMotion;Extremadura;Hostelería;Prensa;Branding;996007,00;4254829,00;1261690;90100;4310;Lucía Herrera;Finalizada
CMP-0421;2025-03-28;Viñedos del Valle;Cataluña;Retail;SEM;Branding;8626,00;257334,00;3547200;217190;22030;Pablo Navarro;Finalizada
CMP-0422;2023-07-25;Urbana Inmobiliaria;Región de Murcia;Tecnología;Google Ads;Branding;367834,00;137783,00;4417210;75540;15950;David López;Finalizada
CMP-0423;2025-06-28;Zapatería Confort;Comunidad de Madrid;Hostelería;SEO;Conversión;160971,00;5326408,00;4707910;59830;10510;Carlos Ruiz;Activa
CMP-0424;2023-12-09;Modaline;Navarra;Alimentación;Influencers;Awareness;567008,00;2271208,00;4183170;283000;47930;David López;Cancelada
CMP-0425;2024-10-09;Bahía Sports;DESCONOCIDO;Belleza;SEO;Branding;596372,00;444129,00;1700370;30640;3260;Laura Gómez;Pausada
CMP-0426;2023-12-18;Electro Ríos;Región de Murcia;Finanzas;Televisión;Conversión;1258949,00;5614903,00;NULL;169130;41890;Paula Serrano;Cancelada
CMP-0427;2024-04-21;Modaline;Comunidad de Madrid;Hostelería;Google Ads;Conversión;851061,00;2430494,00;3072270;118790;NULL;Javier Torres;Cancelada
CMP-0428;2024-11-04;EcoHogar;Aragón;Finanzas;Redes Sociales;Lead Generation;1612256,00;2095721,00;3807700;189830;44990;Laura Gómez;Pausada
CMP-0429;2024-03-31;Grupo Peralta;La Rioja;Alimentación;SEO;Branding;530427,00;279594,00;4816270;264290;18390;Carlos Ruiz;Finalizada
CMP-0432;2025-08-19;Viñedos del Valle;Galicia;Retail;Redes Sociales;Awareness;72240,00;1922304,00;2526000;26250;1120;Sara Molina;Cancelada
CMP-0433;2023-09-12;Kapital Seguros;País Vasco;Salud;Televisión;Awareness;1609801,00;4460594,00;2148220;153320;38050;Miguel Álvarez;Cancelada
CMP-0434;2023-02-27;TransLogic;Comunidad Valenciana;Finanzas;Email Marketing;Awareness;1844447,00;2430764,00;185910;13770;1330;Cristina Ortega;Activa
CMP-0435;2025-05-16;Quimera Cosmética;Extremadura;Turismo;SEM;Fidelización;1006214,00;2779036,00;4728810;52140;11900;Ana Fernández;Activa
CMP-0436;2024-09-22;Óptica Visión Plus;País Vasco;Deporte;Radio;Branding;2039285,00;2915952,00;1103510;82480;8700;Ana Fernández;Pausada
CMP-0437;2024-03-11;Constructora Levante;Cataluña;Educación;Email Marketing;Conversión;1766037,00;1998600,00;959120;40950;1490;Sara Molina;Activa
CMP-0438;2024-04-25;Clínica Dental Sonrisa;Región de Murcia;DESCONOCIDO;Redes Sociales;Branding;NULL;143826,00;658690;16960;1560;Elena Castro;Cancelada
CMP-0439;2024-10-07;Wellness Center;Asturias;Moda;Marketing de Contenidos;Branding;1897141,00;5384770,00;1769490;58050;12980;Laura Gómez;Finalizada
CMP-0440;2025-08-31;Zapatería Confort;Galicia;Retail;Influencers;Branding;713079,00;2308174,00;4278210;101130;11970;Miguel Álvarez;Cancelada
CMP-0441;2025-09-02;Restaurante El Fogón;Región de Murcia;Turismo;Marketing de Contenidos;Conversión;1853227,00;6735801,00;1831270;67920;15860;Paula Serrano;Activa
CMP-0442;2023-08-25;Kapital Seguros;Castilla y León;Salud;SEO;Conversión;2084238,00;9346723,00;4591390;183700;41350;Carlos Ruiz;Activa
CMP-0443;2023-09-10;Quimera Cosmética;La Rioja;Alimentación;Influencers;Conversión;1920446,00;2353659,00;1355710;74480;17750;Diego Romero;Cancelada
CMP-0444;2023-06-29;Bebidas Norte;Aragón;Educación;Marketing de Contenidos;Conversión;2416295,00;5159373,00;1228510;26740;1000;Javier Torres;Cancelada
CMP-0445;2025-05-17;Colchones Descanso;Islas Baleares;Agricultura;Email Marketing;Fidelización;1847556,00;2965984,00;3098610;139960;29850;Laura Gómez;Finalizada
CMP-0446;2023-03-12;Joyería Alba;DESCONOCIDO;Construcción;Google Ads;Conversión;2096297,00;502964,00;2394620;38450;2990;Sara Molina;Finalizada
CMP-0447;2024-01-02;EcoHogar;Asturias;Turismo;Email Marketing;Branding;2123213,00;8969764,00;1185020;68170;1540;Javier Torres;Pausada
CMP-0448;2024-10-24;Joyería Alba;Cataluña;Deporte;SEM;Lead Generation;1747013,00;1955584,00;4494220;207180;6910;Pablo Navarro;Finalizada
CMP-0449;2023-10-30;Solaris Energía;Extremadura;Finanzas;Email Marketing;Branding;91832,00;NULL;539500;30140;7450;Elena Castro;Finalizada
CMP-0450;2023-12-20;Restaurante El Fogón;Asturias;Hostelería;Google Ads;Lead Generation;627602,00;501436,00;2084560;86810;15200;Javier Torres;Activa
CMP-0451;2023-07-13;Yogures La Pradera;País Vasco;Moda;Radio;Lead Generation;577839,00;1597593,00;3007230;123180;21740;Javier Torres;Finalizada
CMP-0452;2023-09-12;Restaurante El Fogón;Galicia;Finanzas;Google Ads;Branding;1399029,00;3571652,00;4263240;190800;4830;Marta Sánchez;Activa
CMP-0453;2025-05-16;TecnoWave;Comunidad de Madrid;Construcción;SEM;Fidelización;229834,00;18934,00;1570400;50670;7120;Paula Serrano;Finalizada
CMP-0454;2023-10-02;TecnoWave;Aragón;Inmobiliario;Influencers;Awareness;608009,00;662675,00;1576330;109090;6720;Carlos Ruiz;Finalizada
CMP-0455;2024-07-05;Hotel Costa Azul;Galicia;Educación;Influencers;Fidelización;1697784,00;7213608,00;756010;34160;920;Sara Molina;Cancelada
CMP-0456;2025-04-13;Quimera Cosmética;Andalucía;Automoción;Influencers;Awareness;84256,00;238878,00;411450;10390;1420;Ana Fernández;Finalizada
CMP-0457;2023-07-15;Bahía Sports;Canarias;Construcción;SEM;Fidelización;455814,00;1531068,00;1612200;79250;16130;DESCONOCIDO;Cancelada
CMP-0458;2023-09-16;Wellness Center;Castilla-La Mancha;Retail;Influencers;Conversión;1488929,00;2066717,00;3605060;156880;NULL;Pablo Navarro;Cancelada
CMP-0459;2024-04-13;Yogures La Pradera;Andalucía;Turismo;Televisión;Branding;731313,00;3145369,00;2734410;206790;45810;Carlos Ruiz;Pausada
CMP-0460;2025-11-07;Bebidas Norte;La Rioja;Belleza;Prensa;Fidelización;2325381,00;8592415,00;61070;4710;520;Paula Serrano;Cancelada
CMP-0461;2025-12-17;Agrocampo;País Vasco;Alimentación;Influencers;Conversión;1879177,00;2491319,00;3879390;211760;48890;Sara Molina;Activa
CMP-0462;2024-08-24;Grupo Peralta;DESCONOCIDO;Deporte;Redes Sociales;Fidelización;2082681,00;8066773,00;4502370;NULL;5090;Pablo Navarro;Activa
CMP-0463;2025-11-19;Constructora Levante;Navarra;Retail;Email Marketing;Awareness;1017129,00;343004,00;2263650;94850;2870;Ana Fernández;Pausada
CMP-0464;2025-06-07;AutoMotion;Galicia;DESCONOCIDO;SEO;Awareness;2473636,00;7560358,00;2308490;39560;3750;Miguel Álvarez;Finalizada
CMP-0465;2024-10-27;Innovatech Solutions;Asturias;Construcción;Televisión;Branding;314605,00;740607,00;2603200;169170;30690;David López;Cancelada
CMP-0466;2025-05-28;Electro Ríos;Comunidad Valenciana;Tecnología;SEO;Awareness;184883,00;3927247,00;1522630;39840;1180;Miguel Álvarez;Finalizada
CMP-0467;2024-04-14;Yogures La Pradera;Asturias;Retail;SEM;Conversión;1535529,00;1677427,00;4486990;221380;35920;Diego Romero;Cancelada
CMP-0468;2023-05-06;Sabores del Mediterráneo;Cataluña;Turismo;Google Ads;Awareness;1321929,00;4283932,00;1218340;26350;2950;Paula Serrano;Activa
CMP-0469;2024-05-31;Lácteos del Sur;Aragón;Turismo;Google Ads;Fidelización;545704,00;1245648,00;4768060;240730;27300;Lucía Herrera;Pausada
CMP-0470;2023-09-04;Grupo Peralta;Galicia;Salud;Radio;Branding;1632616,00;192998,00;2018520;23290;NULL;Pablo Navarro;Finalizada
CMP-0471;2024-12-12;Sabores del Mediterráneo;Región de Murcia;Alimentación;Radio;Lead Generation;1385229,00;1884752,00;4603400;285180;NULL;Lucía Herrera;Finalizada
CMP-0472;2023-06-03;Distribuciones Marín;Navarra;Moda;Prensa;Lead Generation;1856974,00;3657262,00;3594760;161530;21520;Marta Sánchez;Activa
CMP-0473;2024-08-29;Yogures La Pradera;Región de Murcia;Construcción;SEO;Awareness;1149494,00;3761796,00;2757890;67320;14440;DESCONOCIDO;Activa
CMP-0474;2025-01-25;Grupo Peralta;Castilla-La Mancha;Educación;Email Marketing;Lead Generation;2474050,00;292404,00;614140;3130;290;Laura Gómez;Pausada
CMP-0475;2023-08-06;Fintech Nova;Castilla-La Mancha;Deporte;Marketing de Contenidos;Fidelización;1831582,00;2701029,00;1347110;104890;14570;Diego Romero;Cancelada
CMP-0476;2023-07-11;Byte Studio;Cantabria;Tecnología;Email Marketing;Conversión;1126219,00;3789963,00;2279900;74430;16850;Marta Sánchez;Finalizada
CMP-0477;2025-04-04;Restaurante El Fogón;Navarra;Tecnología;Redes Sociales;Lead Generation;172467,00;187810,00;757470;NULL;540;Laura Gómez;Activa
CMP-0478;2023-08-06;Innovatech Solutions;Aragón;Deporte;Google Ads;Fidelización;373736,00;1096921,00;75760;4880;50;Pablo Navarro;Pausada
CMP-0479;2025-04-30;Agrocampo;Comunidad de Madrid;DESCONOCIDO;Influencers;Awareness;325227,00;1224377,00;544040;24940;860;Sara Molina;Activa
CMP-0480;2025-01-08;Fintech Nova;Comunidad Valenciana;Automoción;Marketing de Contenidos;Conversión;272306,00;1174882,00;1878320;20130;1810;Cristina Ortega;Pausada
CMP-0481;2023-06-06;Óptica Visión Plus;Comunidad Valenciana;Tecnología;Influencers;Conversión;2190997,00;315195,00;2622510;143260;33500;Lucía Herrera;Activa
CMP-0482;2024-10-15;Innovatech Solutions;La Rioja;Educación;Televisión;Awareness;378776,00;627565,00;673650;12550;1280;Paula Serrano;Cancelada
CMP-0483;2025-05-13;Agrocampo;Castilla y León;DESCONOCIDO;Google Ads;Conversión;1343751,00;340828,00;4311520;95960;2880;Elena Castro;Activa
CMP-0486;2023-08-16;Wellness Center;Cataluña;Inmobiliario;Email Marketing;Fidelización;1040576,00;1786477,00;4101770;218880;2880;Paula Serrano;Pausada
CMP-0487;2023-07-08;Colchones Descanso;Comunidad Valenciana;Moda;Marketing de Contenidos;Branding;NULL;4147124,00;2226250;166650;12530;Diego Romero;Cancelada
CMP-0490;2025-10-25;Rural Gourmet;Comunidad Valenciana;Alimentación;Google Ads;Conversión;1762589,00;1249667,00;2140350;154610;NULL;Cristina Ortega;Pausada
CMP-0491;2023-03-23;Urbana Inmobiliaria;Asturias;Salud;SEO;Fidelización;1967673,00;3392046,00;1894090;98030;23090;Pablo Navarro;Pausada
CMP-0492;2024-10-04;Bebidas Norte;Canarias;Tecnología;Google Ads;Awareness;2171484,00;7923764,00;4698080;54200;1760;Lucía Herrera;Pausada
CMP-0494;2023-04-27;Yogures La Pradera;Castilla y León;Educación;Prensa;Branding;1136229,00;4528005,00;3583550;29380;NULL;Sara Molina;Cancelada
CMP-0495;2023-06-25;Nutrisana;Región de Murcia;Agricultura;Televisión;Conversión;885366,00;2007702,00;NULL;203790;24770;Javier Torres;Cancelada
CMP-0496;2024-03-13;Bahía Sports;Cataluña;Inmobiliario;Televisión;Lead Generation;NULL;327328,00;821530;62550;2800;David López;Cancelada
CMP-0497;2024-09-02;Innovatech Solutions;Extremadura;Construcción;SEO;Awareness;645137,00;670713,00;748110;7620;810;Paula Serrano;Pausada
CMP-0498;2023-11-26;Clínica Dental Sonrisa;DESCONOCIDO;Inmobiliario;Televisión;Fidelización;512541,00;2181454,00;2530100;102880;18030;Cristina Ortega;Pausada
CMP-0499;2025-04-12;Solaris Energía;Comunidad de Madrid;Deporte;Email Marketing;Lead Generation;393256,00;875533,00;778250;33040;NULL;Laura Gómez;Cancelada
CMP-0500;2023-01-30;Agrocampo;Cantabria;Moda;Televisión;Lead Generation;1940473,00;5479822,00;1138180;35400;8440;Carlos Ruiz;Pausada
CMP-0501;2025-06-14;Constructora Levante;Región de Murcia;Hostelería;Google Ads;Fidelización;1390829,00;1367407,00;2290240;76990;16380;Diego Romero;Cancelada
CMP-0502;2025-07-20;Yogures La Pradera;Región de Murcia;Alimentación;Influencers;Lead Generation;1461459,00;638759,00;1524930;105030;6390;Miguel Álvarez;Pausada
CMP-0503;2025-04-29;Fintech Nova;Islas Baleares;Construcción;Marketing de Contenidos;Awareness;1278751,00;NULL;3458380;85890;18140;Sara Molina;Finalizada
CMP-0504;2025-03-10;Restaurante El Fogón;Asturias;Agricultura;Influencers;Fidelización;2074804,00;7605387,00;3034610;112830;26560;Elena Castro;Cancelada
CMP-0505;2025-06-14;Hotel Costa Azul;Comunidad Valenciana;DESCONOCIDO;Google Ads;Branding;2096598,00;2029556,00;1695320;34380;1110;Cristina Ortega;Finalizada
CMP-0506;2023-02-17;Quimera Cosmética;Región de Murcia;Alimentación;Google Ads;Conversión;1930571,00;NULL;1446600;16230;720;Javier Torres;Activa
CMP-0507;2024-10-04;Sabores del Mediterráneo;Cantabria;Hostelería;Email Marketing;Conversión;202468,00;876426,00;405090;8410;930;Cristina Ortega;Activa
CMP-0508;2024-06-05;Óptica Visión Plus;Comunidad de Madrid;Construcción;Email Marketing;Conversión;1220099,00;3512447,00;2870140;15430;2080;David López;Activa
CMP-0509;2024-08-25;Rural Gourmet;Extremadura;Construcción;Televisión;Awareness;683625,00;1587797,00;487180;15170;2150;Paula Serrano;Activa
CMP-0510;2025-05-17;Dulcería Real;Castilla-La Mancha;Deporte;Influencers;Fidelización;792731,00;288175,00;3790670;157640;34970;Javier Torres;Cancelada
CMP-0511;2025-12-22;Clínica Dental Sonrisa;Comunidad de Madrid;Moda;Email Marketing;Awareness;2225835,00;9624531,00;1331780;65270;5240;Javier Torres;Activa
CMP-0512;2023-05-16;Solaris Energía;Galicia;Construcción;SEO;Branding;NULL;2153330,00;2980170;192640;43470;Lucía Herrera;Cancelada
CMP-0513;2023-04-06;TransLogic;Región de Murcia;Inmobiliario;Influencers;Fidelización;808103,00;1328933,00;1038490;9060;1160;Lucía Herrera;Cancelada
CMP-0514;2023-03-22;Joyería Alba;Comunidad de Madrid;Deporte;Televisión;Awareness;345024,00;NULL;199020;14360;3300;Carlos Ruiz;Activa
CMP-0515;2023-07-30;Viñedos del Valle;Cataluña;Deporte;Redes Sociales;Lead Generation;1243475,00;3721233,00;4778490;67400;NULL;Miguel Álvarez;Activa
CMP-0516;2024-06-24;Ferretería Ibérica;Asturias;Turismo;Email Marketing;Conversión;664025,00;2388342,00;585920;5030;410;Javier Torres;Cancelada
CMP-0517;2024-07-28;Urbana Inmobiliaria;La Rioja;Salud;Google Ads;Branding;1677223,00;4178646,00;1266030;61200;10320;David López;Cancelada
CMP-0518;2023-08-03;Ferretería Ibérica;Navarra;Construcción;Influencers;Awareness;546939,00;1704314,00;2459450;163270;8990;Álvaro Gil;Finalizada
CMP-0519;2023-05-21;Quimera Cosmética;País Vasco;Finanzas;SEM;Fidelización;243816,00;9618558,00;2697030;54550;5780;Miguel Álvarez;Cancelada
CMP-0520;2023-06-22;Constructora Levante;Galicia;Tecnología;Televisión;Fidelización;681557,00;1567724,00;2788360;108600;8000;Cristina Ortega;Terminada
CMP-0521;2023-04-13;Constructora Levante;Región de Murcia;Agricultura;Redes Sociales;Conversión;1493242,00;3769187,00;2592970;113820;4120;David López;Cancelada
CMP-0522;2024-02-26;Restaurante El Fogón;Galicia;DESCONOCIDO;SEM;Fidelización;994356,00;1216625,00;4325490;306950;22830;DESCONOCIDO;Finalizada
CMP-0523;2025-05-26;Clínica Dental Sonrisa;País Vasco;Turismo;Google Ads;Fidelización;484614,00;1976959,00;748610;57760;9810;David López;Activa
CMP-0524;2023-07-24;Joyería Alba;Aragón;Belleza;Radio;Awareness;2091690,00;5242048,00;882150;54360;10650;Pablo Navarro;Pausada
CMP-0525;2025-09-18;Kapital Seguros;Navarra;Educación;Redes Sociales;Conversión;178119,00;7202712,00;4065740;222780;48480;Pablo Navarro;Cancelada
CMP-0526;2024-07-14;Panadería Trigo Dorado;Castilla y León;Agricultura;Prensa;Conversión;531643,00;358833,00;4831840;NULL;60440;DESCONOCIDO;Pausada
CMP-0527;2025-06-06;Kapital Seguros;DESCONOCIDO;Belleza;Email Marketing;Lead Generation;NULL;1346809,00;3684640;113280;17780;Ana Fernández;Pausada
CMP-0528;2023-09-10;Xtreme Bikes;Canarias;DESCONOCIDO;Televisión;Branding;734885,00;2689016,00;86740;3380;210;Elena Castro;Finalizada
CMP-0529;2024-03-24;Innovatech Solutions;DESCONOCIDO;Moda;Televisión;Branding;373758,00;1262862,00;2270190;110990;3260;Marta Sánchez;Pausada
CMP-0530;2024-09-08;Dulcería Real;Canarias;Inmobiliario;Radio;Fidelización;365157,00;1286877,00;1315820;19960;2850;Miguel Álvarez;Pausada
CMP-0531;2023-02-24;Viñedos del Valle;Andalucía;Hostelería;Email Marketing;Fidelización;898401,00;2029956,00;2155930;85360;19540;Javier Torres;Pausada
CMP-0532;2025-11-26;Ferretería Ibérica;Cataluña;Alimentación;Redes Sociales;Awareness;1893231,00;3690227,00;2117570;117000;NULL;Diego Romero;Activa
CMP-0533;2025-10-11;Yogures La Pradera;Comunidad Valenciana;Educación;Redes Sociales;Fidelización;1853621,00;96886,00;1080120;47220;6840;Diego Romero;Terminada
CMP-0534;2025-09-17;Verde Natural;DESCONOCIDO;Deporte;Marketing de Contenidos;Lead Generation;2085162,00;4512346,00;296780;22090;1810;Sara Molina;Finalizada
CMP-0535;2024-08-15;Grupo Peralta;La Rioja;Automoción;SEM;Lead Generation;443523,00;1514627,00;2871180;57490;7200;Pablo Navarro;Activa
CMP-0536;2025-06-29;Colchones Descanso;Islas Baleares;Belleza;Radio;Awareness;985785,00;2699336,00;183690;9800;2190;Elena Castro;Pausada
CMP-0537;2024-11-25;Zapatería Confort;Comunidad Valenciana;Turismo;Televisión;Lead Generation;988748,00;557274,00;3443900;56320;9420;Cristina Ortega;Pausada
CMP-0538;2025-04-06;Rural Gourmet;La Rioja;Automoción;SEO;Conversión;1750466,00;4854355,00;3049670;94860;15000;Miguel Álvarez;Cancelada
CMP-0539;2025-02-05;Modaline;Comunidad de Madrid;Automoción;Google Ads;Lead Generation;173578,00;234683,00;201170;NULL;370;Elena Castro;Cancelada
CMP-0540;2024-01-29;Joyería Alba;Comunidad de Madrid;Finanzas;Google Ads;Branding;579231,00;1979259,00;2280740;150610;30730;Javier Torres;Cancelada
CMP-0541;2023-10-10;Distribuciones Marín;Extremadura;Finanzas;Televisión;Fidelización;2084359,00;5618503,00;2488720;105920;10120;David López;Activa
CMP-0542;2023-06-03;Hotel Costa Azul;Castilla y León;DESCONOCIDO;Prensa;Fidelización;988257,00;1782027,00;4579110;322180;78070;Miguel Álvarez;Pausada
CMP-0543;2023-10-13;Verde Natural;Aragón;Agricultura;Redes Sociales;Fidelización;100041,00;207075,00;1056250;31780;6150;Laura Gómez;Cancelada
CMP-0544;2024-07-08;Electro Ríos;Región de Murcia;Salud;Influencers;Lead Generation;1853438,00;7790606,00;4658150;215930;51210;Paula Serrano;Activa
CMP-0545;2023-04-17;Agrocampo;Región de Murcia;Agricultura;Influencers;Awareness;1528184,00;2893511,00;NULL;216570;30880;Laura Gómez;Activa
CMP-0546;2023-04-27;Agrocampo;Castilla y León;Turismo;Email Marketing;Fidelización;1428761,00;637505,00;83110;5850;400;Ana Fernández;Pausada
CMP-0547;2024-05-15;Fintech Nova;Extremadura;Educación;Marketing de Contenidos;Lead Generation;1119984,00;1759965,00;1928780;122500;9820;Marta Sánchez;Pausada
CMP-0548;2024-04-26;Bebidas Norte;Cantabria;Alimentación;Redes Sociales;Awareness;542709,00;101163,00;NULL;274660;5110;Álvaro Gil;Cancelada
CMP-0549;2024-01-13;Xtreme Bikes;Cataluña;Finanzas;SEM;Branding;NULL;127272,00;2332940;19430;1150;Diego Romero;Pausada
CMP-0550;2025-05-25;Dulcería Real;Comunidad Valenciana;Hostelería;Google Ads;Awareness;557029,00;231083,00;3810210;256010;29230;Pablo Navarro;Pausada
CMP-0551;2024-07-28;Clínica Dental Sonrisa;Castilla-La Mancha;Alimentación;SEO;Fidelización;2401556,00;5434232,00;4852880;110970;NULL;Javier Torres;Activa
CMP-0554;2024-04-25;Hotel Costa Azul;Andalucía;Construcción;Radio;Branding;59973,00;230819,00;4458340;140430;25610;Javier Torres;Activa
CMP-0555;2025-02-06;Joyería Alba;Canarias;Inmobiliario;Redes Sociales;Awareness;374837,00;626529,00;4137250;132480;32320;Laura Gómez;Pausada
CMP-0556;2024-03-16;Yogures La Pradera;Cataluña;Finanzas;Email Marketing;Lead Generation;1795105,00;6133124,00;4112620;199920;18500;Carlos Ruiz;Cancelada
CMP-0557;2025-12-10;Agrocampo;Aragón;Salud;Influencers;Conversión;NULL;7094314,00;2771960;179800;27990;Carlos Ruiz;Cancelada
CMP-0558;2024-04-16;Panadería Trigo Dorado;Extremadura;Salud;Marketing de Contenidos;Conversión;217631,00;577575,00;NULL;29860;4980;Paula Serrano;Finalizada
CMP-0559;2025-10-09;Joyería Alba;Galicia;Agricultura;Email Marketing;Lead Generation;867098,00;689732,00;2146730;78520;19310;DESCONOCIDO;Cancelada
CMP-0560;2023-05-30;AutoMotion;Asturias;Agricultura;Televisión;Fidelización;333467,00;147765,00;2266880;15400;770;Paula Serrano;Activa
CMP-0561;2025-07-10;TecnoWave;Extremadura;Turismo;Radio;Conversión;202906,00;845517,00;4985310;NULL;20840;Diego Romero;Activa
CMP-0562;2025-11-07;Dulcería Real;Castilla-La Mancha;Hostelería;Google Ads;Awareness;149076,00;466669,00;2382780;79710;9180;Elena Castro;Cancelada
CMP-0563;2024-03-07;Joyería Alba;Castilla-La Mancha;Inmobiliario;Marketing de Contenidos;Awareness;820544,00;1344075,00;940410;71950;1440;Carlos Ruiz;Finalizada
CMP-0564;2024-07-24;Joyería Alba;Galicia;Construcción;Prensa;Conversión;2349228,00;3264492,00;3183070;195790;45400;Paula Serrano;Activa
CMP-0565;2023-09-16;Panadería Trigo Dorado;Región de Murcia;Agricultura;Google Ads;Lead Generation;52379,00;2229033,00;2999550;110940;12950;Ana Fernández;Pausada
CMP-0566;2024-07-19;Nutrisana;Navarra;Finanzas;Google Ads;Awareness;1865808,00;2302884,00;394800;11650;1530;Carlos Ruiz;Pausada
CMP-0567;2023-01-17;Distribuciones Marín;Asturias;Deporte;SEO;Conversión;2106749,00;6481935,00;4606010;239310;56900;Álvaro Gil;Finalizada
CMP-0568;2024-03-03;Zapatería Confort;Cataluña;Moda;SEM;Fidelización;2145749,00;7397841,00;21760;810;100;Elena Castro;Pausada
CMP-0569;2025-01-01;Fintech Nova;Canarias;Moda;Radio;Awareness;2190097,00;6801343,00;2575170;166750;17360;Marta Sánchez;Activa
CMP-0570;2024-04-25;Rural Gourmet;Aragón;DESCONOCIDO;Influencers;Lead Generation;1938731,00;4520544,00;4224050;294840;45480;Sara Molina;Cancelada
CMP-0571;2023-12-08;Fintech Nova;Región de Murcia;Inmobiliario;Marketing de Contenidos;Awareness;862807,00;3225003,00;1622480;62580;3940;Miguel Álvarez;Pausada
CMP-0572;2024-02-11;Óptica Visión Plus;Asturias;Deporte;SEO;Awareness;1921768,00;5039175,00;3438720;29880;1800;Javier Torres;Finalizada
CMP-0573;2025-09-20;TecnoWave;Canarias;Turismo;Redes Sociales;Branding;2116795,00;7348478,00;2765660;35090;3700;Sara Molina;Pausada
CMP-0574;2023-01-31;Nutrisana;Comunidad Valenciana;Hostelería;Televisión;Awareness;209787,00;507462,00;3693300;229640;25180;Miguel Álvarez;Terminada
CMP-0575;2025-12-28;Quimera Cosmética;Asturias;Retail;Radio;Lead Generation;742272,00;NULL;2135340;100520;12660;Miguel Álvarez;Activa
CMP-0576;2023-06-21;Urbana Inmobiliaria;País Vasco;Salud;Radio;Fidelización;937158,00;2497754,00;3375220;95500;4250;Elena Castro;Terminada
CMP-0577;2025-04-12;Hotel Costa Azul;Galicia;Hostelería;Prensa;Lead Generation;1041409,00;3551358,00;4379250;71360;6210;Cristina Ortega;Cancelada
CMP-0578;2023-06-08;Yogures La Pradera;Comunidad de Madrid;Alimentación;Email Marketing;Conversión;1395922,00;4755455,00;3848390;42740;1500;Laura Gómez;Cancelada
CMP-0579;2024-08-25;Rural Gourmet;Castilla-La Mancha;Construcción;Influencers;Fidelización;1877504,00;487730,00;NULL;11950;450;Ana Fernández;Pausada
CMP-0580;2023-10-05;Zapatería Confort;La Rioja;Retail;Influencers;Lead Generation;1519204,00;3468133,00;1109240;83430;19390;Laura Gómez;Activa
CMP-0581;2024-04-07;Muebles Castillo;Comunidad de Madrid;Turismo;SEM;Lead Generation;254892,00;74553,00;3121650;52230;4910;Diego Romero;Finalizada
CMP-0582;2025-12-05;AutoMotion;Aragón;Inmobiliario;Marketing de Contenidos;Fidelización;1832032,00;2703968,00;1383550;65400;2640;Pablo Navarro;Finalizada
CMP-0583;2024-10-24;Nutrisana;Cataluña;Tecnología;Prensa;Lead Generation;2325277,00;6703028,00;756470;13130;2880;Ana Fernández;Cancelada
CMP-0584;2025-12-22;Quimera Cosmética;Galicia;Tecnología;SEM;Conversión;1939321,00;6334263,00;1866170;52960;7160;Pablo Navarro;Activa
CMP-0586;2024-06-03;Zapatería Confort;Comunidad de Madrid;Retail;SEM;Lead Generation;503324,00;1390177,00;1727030;20820;2050;Miguel Álvarez;Activa
CMP-0587;2023-08-01;Wellness Center;Comunidad de Madrid;Educación;Email Marketing;Conversión;2493134,00;7368229,00;2575580;46440;8820;Sara Molina;Cancelada
CMP-0588;2023-02-04;Ferretería Ibérica;Aragón;Agricultura;Email Marketing;Fidelización;799307,00;3119807,00;1459780;114960;6500;Cristina Ortega;Activa
CMP-0589;2025-11-01;Byte Studio;Comunidad de Madrid;Automoción;Google Ads;Fidelización;1827814,00;1192957,00;2329680;19420;3030;Marta Sánchez;Activa
CMP-0590;2024-09-22;Solaris Energía;Galicia;Educación;Email Marketing;Awareness;559464,00;104789,00;431110;30510;7210;Marta Sánchez;Cancelada
CMP-0591;2025-06-19;Fintech Nova;País Vasco;Retail;Marketing de Contenidos;Lead Generation;2091483,00;3023777,00;1049510;19180;1540;DESCONOCIDO;Pausada
CMP-0592;2023-07-05;EcoHogar;Galicia;Turismo;SEO;Lead Generation;868609,00;3793789,00;2897030;194790;39080;Elena Castro;Finalizada
CMP-0593;2025-01-04;Panadería Trigo Dorado;País Vasco;Moda;Radio;Awareness;1418148,00;4346454,00;4730270;35660;6350;Marta Sánchez;Cancelada
CMP-0594;2025-06-09;Agrocampo;La Rioja;Finanzas;Televisión;Fidelización;481679,00;188505,00;4247650;217670;33180;Sara Molina;Finalizada
CMP-0595;2023-10-13;Electro Ríos;Aragón;Hostelería;Redes Sociales;Awareness;NULL;1028261,00;1045510;79830;11680;Javier Torres;Activa
CMP-0596;2025-06-13;Distribuciones Marín;Castilla y León;DESCONOCIDO;Prensa;Awareness;2209728,00;3459077,00;426390;8030;1730;Carlos Ruiz;Finalizada
CMP-0597;2024-10-13;Quimera Cosmética;Comunidad Valenciana;Agricultura;SEM;Lead Generation;2081741,00;679926,00;4005610;295490;30440;Javier Torres;Activa
CMP-0598;2025-03-26;Constructora Levante;Castilla y León;Tecnología;Radio;Conversión;1924253,00;3560555,00;1786790;76130;790;Carlos Ruiz;Cancelada
CMP-0599;2025-05-13;Byte Studio;Asturias;Finanzas;Prensa;Branding;726711,00;1398646,00;4310840;176950;12850;Cristina Ortega;Activa
CMP-0600;2025-04-02;Colchones Descanso;Comunidad Valenciana;DESCONOCIDO;Televisión;Branding;1277287,00;4064908,00;65750;2720;650;Javier Torres;Pausada
CMP-0601;2023-06-13;Bahía Sports;Aragón;Agricultura;Marketing de Contenidos;Awareness;1968027,00;8696878,00;2792700;173060;37870;Miguel Álvarez;Cancelada
CMP-0602;2025-01-26;Joyería Alba;Aragón;Finanzas;SEM;Branding;118814,00;468741,00;2418030;78660;17570;Laura Gómez;Activa
CMP-0603;2023-07-13;Óptica Visión Plus;Comunidad Valenciana;DESCONOCIDO;SEM;Awareness;1835123,00;4645298,00;2082300;49240;1480;David López;Cancelada
CMP-0604;2023-07-27;TecnoWave;Andalucía;Automoción;SEM;Lead Generation;20981,00;391451,00;774390;39260;7210;Miguel Álvarez;Activa
CMP-0605;2025-11-18;TransLogic;Castilla y León;Educación;Redes Sociales;Conversión;2413597,00;8769342,00;2998130;73670;6090;Miguel Álvarez;Activa
CMP-0606;2023-09-23;Constructora Levante;Cantabria;Inmobiliario;Influencers;Branding;1701956,00;2459758,00;2139810;43940;8680;Diego Romero;Cancelada
CMP-0607;2023-01-26;Dulcería Real;Aragón;Automoción;Radio;Conversión;1063497,00;2977759,00;2843790;97190;NULL;David López;Cancelada
CMP-0608;2024-12-08;Hotel Costa Azul;Navarra;Automoción;SEM;Awareness;1019287,00;313424,00;3000320;232760;37590;Pablo Navarro;Finalizada
CMP-0609;2025-10-02;Colchones Descanso;Comunidad Valenciana;Alimentación;Televisión;Fidelización;1090196,00;4886769,00;127720;7830;610;Sara Molina;Finalizada
CMP-0610;2024-10-12;Lácteos del Sur;Asturias;Salud;Televisión;Awareness;1930839,00;5690487,00;3487500;248850;59830;Paula Serrano;Activa
CMP-0611;2025-05-06;Muebles Castillo;Galicia;Finanzas;Redes Sociales;Conversión;1912079,00;NULL;3587730;262060;26730;Carlos Ruiz;Activa
CMP-0614;2024-06-16;Sabores del Mediterráneo;DESCONOCIDO;Inmobiliario;Prensa;Branding;2170316,00;9725718,00;4525240;153390;NULL;Álvaro Gil;Pausada
CMP-0615;2023-08-01;Restaurante El Fogón;Castilla-La Mancha;Hostelería;Marketing de Contenidos;Branding;1797229,00;4400606,00;NULL;129620;25790;Marta Sánchez;Finalizada
CMP-0616;2024-08-27;Modaline;Aragón;Hostelería;Radio;Awareness;115644,00;3790982,00;3950280;92250;6670;Lucía Herrera;Activa
CMP-0617;2024-09-16;Colchones Descanso;Región de Murcia;Finanzas;SEM;Conversión;919556,00;1400591,00;4958430;290990;42550;Marta Sánchez;Pausada
CMP-0618;2025-01-15;Fintech Nova;Navarra;Moda;Radio;Fidelización;89452,00;106357,00;1593360;25690;330;Diego Romero;Pausada
CMP-0619;2025-09-18;Quimera Cosmética;Andalucía;Automoción;SEO;Awareness;2166214,00;5064678,00;891680;62690;7870;Diego Romero;Terminada
CMP-0621;2024-05-16;Ferretería Ibérica;Cantabria;Tecnología;Redes Sociales;Awareness;1127649,00;2815046,00;1287890;31170;NULL;David López;Finalizada
CMP-0622;2023-04-15;Ferretería Ibérica;Andalucía;Salud;Radio;Branding;535175,00;708866,00;3998390;194300;23590;David López;Activa
CMP-0623;2025-07-23;Bahía Sports;Extremadura;Inmobiliario;SEM;Lead Generation;1805554,00;3898364,00;3374210;66160;13450;Pablo Navarro;Pausada
CMP-0624;2025-06-20;Hotel Costa Azul;País Vasco;DESCONOCIDO;Redes Sociales;Lead Generation;2170807,00;2921673,00;1448300;80870;10570;DESCONOCIDO;Cancelada
CMP-0625;2024-04-19;Muebles Castillo;Navarra;DESCONOCIDO;Influencers;Fidelización;160195,00;4104321,00;962640;18790;670;DESCONOCIDO;Finalizada
CMP-0626;2025-08-28;Clínica Dental Sonrisa;Extremadura;Hostelería;SEM;Conversión;2133846,00;6108172,00;828820;24380;3260;Álvaro Gil;Pausada
CMP-0627;2025-03-16;Muebles Castillo;Comunidad de Madrid;Moda;Redes Sociales;Awareness;182224,00;6893117,00;1658320;64220;7190;Pablo Navarro;Finalizada
CMP-0628;2024-02-13;Joyería Alba;Navarra;Belleza;SEM;Branding;2084728,00;832748,00;2246320;144480;12730;DESCONOCIDO;Activa
CMP-0629;2025-02-07;Quimera Cosmética;Cataluña;Finanzas;Influencers;Awareness;1725746,00;NULL;2558490;60730;14990;Ana Fernández;Activa
CMP-0630;2023-06-30;Sabores del Mediterráneo;Aragón;Inmobiliario;Prensa;Awareness;2064291,00;8196459,00;3097290;84900;4920;Miguel Álvarez;Activa
CMP-0631;2024-01-13;Lácteos del Sur;Castilla y León;Belleza;Influencers;Awareness;2393856,00;4350030,00;4056180;155910;34650;Ana Fernández;Activa
CMP-0632;2025-11-15;Sabores del Mediterráneo;Extremadura;Retail;Prensa;Awareness;1079781,00;3979503,00;4189320;36030;4920;Diego Romero;Activa
CMP-0633;2025-08-17;Bebidas Norte;Galicia;Hostelería;Google Ads;Lead Generation;1955859,00;4954978,00;4191910;NULL;39090;Paula Serrano;Pausada
CMP-0634;2025-06-04;Modaline;Canarias;Retail;Marketing de Contenidos;Lead Generation;470551,00;NULL;2385510;106340;18730;DESCONOCIDO;Pausada
CMP-0635;2023-11-09;Agrocampo;Cataluña;Hostelería;Email Marketing;Fidelización;1155228,00;NULL;4041630;269230;62480;David López;Finalizada
CMP-0637;2025-09-28;Yogures La Pradera;Islas Baleares;Automoción;Televisión;Fidelización;2284942,00;7638509,00;643070;11070;660;Laura Gómez;Cancelada
CMP-0638;2024-09-07;AutoMotion;Asturias;Agricultura;Radio;Branding;899609,00;3843196,00;4390850;43460;10300;Javier Torres;Finalizada
CMP-0639;2024-03-05;Rural Gourmet;País Vasco;Agricultura;Prensa;Conversión;NULL;1161099,00;2468170;153450;3780;Marta Sánchez;Finalizada
CMP-0640;2023-02-22;Kapital Seguros;La Rioja;Retail;Email Marketing;Lead Generation;1021063,00;1906706,00;4416490;109920;NULL;DESCONOCIDO;Activa
CMP-0641;2025-06-20;Nutrisana;Comunidad de Madrid;Agricultura;SEM;Conversión;106131,00;61404,00;2498980;99540;10910;Diego Romero;Cancelada
CMP-0642;2023-06-18;Colchones Descanso;Asturias;DESCONOCIDO;Marketing de Contenidos;Branding;506792,00;618847,00;685560;44840;1980;Javier Torres;Pausada
CMP-0643;2023-03-12;Rural Gourmet;Cataluña;DESCONOCIDO;SEO;Conversión;833301,00;NULL;766370;37130;8690;Álvaro Gil;Pausada
CMP-0644;2025-04-10;Solaris Energía;DESCONOCIDO;Belleza;Marketing de Contenidos;Awareness;1438775,00;3355437,00;1808030;34490;7540;Ana Fernández;Pausada
CMP-0645;2025-07-23;Muebles Castillo;Aragón;Hostelería;Prensa;Awareness;2491781,00;2697456,00;1792730;117460;14910;Cristina Ortega;Activa
CMP-0646;2025-06-12;Bahía Sports;Andalucía;Deporte;Prensa;Conversión;318289,00;1048228,00;667170;47030;3930;Elena Castro;Finalizada
CMP-0647;2025-12-22;Distribuciones Marín;Islas Baleares;Tecnología;Influencers;Conversión;1838863,00;328519,00;3155630;200360;29070;Cristina Ortega;Finalizada
CMP-0648;2024-08-30;Farmacia Central;Navarra;Moda;Radio;Lead Generation;1071559,00;1231461,00;261440;20110;4780;DESCONOCIDO;Pausada
CMP-0649;2023-10-22;EcoHogar;País Vasco;Hostelería;SEO;Lead Generation;2309169,00;6639075,00;355300;3350;360;Sara Molina;Pausada
CMP-0650;2023-11-07;Modaline;Comunidad Valenciana;DESCONOCIDO;Influencers;Branding;581237,00;2491188,00;741310;53330;2110;Lucía Herrera;Cancelada
CMP-0651;2024-11-30;Kapital Seguros;Asturias;Deporte;SEM;Branding;2059156,00;5298805,00;3203340;125170;3360;Miguel Álvarez;Pausada
CMP-0652;2025-01-12;Fintech Nova;La Rioja;DESCONOCIDO;Televisión;Branding;1316641,00;884791,00;3841520;193030;29680;Ana Fernández;Pausada
CMP-0653;2025-09-21;Sabores del Mediterráneo;La Rioja;Salud;Marketing de Contenidos;Lead Generation;1674107,00;2268827,00;1874930;21050;720;Lucía Herrera;Cancelada
CMP-0654;2023-07-21;Electro Ríos;Región de Murcia;Salud;Influencers;Fidelización;1307038,00;5471288,00;2010850;16400;580;Sara Molina;Cancelada
CMP-0656;2024-06-22;Óptica Visión Plus;País Vasco;Salud;Prensa;Fidelización;2434477,00;3273263,00;2343360;149450;13130;Lucía Herrera;Activa
CMP-0657;2023-07-05;Agrocampo;La Rioja;Automoción;Influencers;Lead Generation;1854851,00;7071044,00;1198120;34430;2870;DESCONOCIDO;Pausada
CMP-0658;2023-06-05;Yogures La Pradera;Andalucía;Educación;Marketing de Contenidos;Lead Generation;1756566,00;4661993,00;3972650;186690;9830;Javier Torres;Cancelada
CMP-0659;2023-06-18;AutoMotion;Castilla-La Mancha;Retail;Radio;Conversión;2115624,00;7177013,00;4600190;329180;26510;David López;Finalizada
CMP-0660;2024-01-29;Grupo Peralta;Extremadura;Finanzas;Marketing de Contenidos;Lead Generation;2412184,00;9411453,00;2538740;172240;18850;Javier Torres;Pausada
CMP-0661;2023-10-03;Panadería Trigo Dorado;Castilla y León;Hostelería;Prensa;Fidelización;2252131,00;9537939,00;1683530;76640;2180;Carlos Ruiz;Pausada
CMP-0662;2025-06-15;Bebidas Norte;Extremadura;Alimentación;Email Marketing;Branding;2056272,00;255111,00;1416030;68060;1540;Javier Torres;Activa
CMP-0663;2025-10-02;Modaline;Comunidad Valenciana;Salud;Radio;Awareness;2387741,00;3485098,00;1326260;100860;18620;Javier Torres;Cancelada
CMP-0664;2023-04-19;Byte Studio;Islas Baleares;Hostelería;Google Ads;Fidelización;1920425,00;8482037,00;3081900;88090;1020;Diego Romero;Terminada
CMP-0665;2025-03-04;Bahía Sports;La Rioja;Tecnología;Influencers;Conversión;842839,00;586176,00;2120790;101900;24220;Miguel Álvarez;Activa
CMP-0666;2023-07-12;Distribuciones Marín;Comunidad de Madrid;Retail;Prensa;Branding;582068,00;2584191,00;3323780;36950;4370;Elena Castro;Pausada
CMP-0668;2023-09-04;Constructora Levante;Canarias;Alimentación;Influencers;Conversión;1278175,00;4755218,00;2338630;17010;320;DESCONOCIDO;Pausada
CMP-0669;2023-05-15;Viñedos del Valle;Islas Baleares;DESCONOCIDO;Televisión;Lead Generation;2322944,00;6043180,00;NULL;130390;30840;Miguel Álvarez;Activa
CMP-0670;2024-02-16;Lácteos del Sur;Comunidad Valenciana;Turismo;Televisión;Branding;228143,00;6079067,00;3686580;165500;17310;Diego Romero;Pausada
CMP-0671;2023-12-22;Ferretería Ibérica;Cataluña;Construcción;Redes Sociales;Lead Generation;NULL;630764,00;4968850;58080;13010;Laura Gómez;Cancelada
CMP-0673;2024-11-08;EcoHogar;Castilla y León;Automoción;Televisión;Fidelización;2252795,00;1776532,00;1527750;8180;550;Cristina Ortega;Pausada
CMP-0674;2025-05-01;EcoHogar;Castilla-La Mancha;Deporte;SEO;Lead Generation;2351877,00;7159143,00;4795600;122020;21430;Miguel Álvarez;Cancelada
CMP-0675;2025-09-27;Rural Gourmet;País Vasco;Educación;SEM;Lead Generation;1664148,00;2057708,00;3347840;45450;2180;Álvaro Gil;Activa
CMP-0677;2023-12-26;Lácteos del Sur;Galicia;Agricultura;Redes Sociales;Awareness;12852,00;46227,00;805640;NULL;5860;Cristina Ortega;Cancelada
CMP-0678;2023-11-26;Verde Natural;Aragón;Retail;Google Ads;Lead Generation;2180917,00;1289812,00;1293570;64830;5120;Miguel Álvarez;Pausada
CMP-0679;2023-04-30;TecnoWave;Región de Murcia;Hostelería;Redes Sociales;Branding;375846,00;276596,00;1230060;6690;70;Ana Fernández;Finalizada
CMP-0681;2025-04-03;Byte Studio;Islas Baleares;Moda;Televisión;Lead Generation;125536,00;25403,00;4617710;210620;13580;Javier Torres;Finalizada
CMP-0682;2025-08-06;Colchones Descanso;Extremadura;Automoción;SEM;Conversión;NULL;1994944,00;3461760;220890;21470;Elena Castro;Cancelada
CMP-0683;2025-11-25;Ferretería Ibérica;Cantabria;Retail;SEO;Lead Generation;514536,00;884111,00;4670760;78250;7990;Miguel Álvarez;Cancelada
CMP-0684;2023-09-25;Colchones Descanso;La Rioja;Automoción;Marketing de Contenidos;Fidelización;NULL;221525,00;2161340;62100;4280;Carlos Ruiz;Activa
CMP-0685;2023-11-05;Ferretería Ibérica;Andalucía;Automoción;Marketing de Contenidos;Awareness;842141,00;NULL;4889070;355110;20850;Pablo Navarro;Pausada
CMP-0686;2025-12-26;AutoMotion;Castilla y León;Alimentación;Email Marketing;Lead Generation;2009793,00;1951935,00;4621670;75800;8310;Paula Serrano;Finalizada
CMP-0687;2025-07-05;Dulcería Real;Islas Baleares;Alimentación;Influencers;Branding;1726541,00;6449316,00;4885810;186000;27390;Marta Sánchez;Finalizada
CMP-0688;2025-10-10;Lácteos del Sur;Extremadura;Tecnología;Influencers;Awareness;745027,00;2704212,00;4128930;46360;7170;Elena Castro;Pausada
CMP-0689;2024-11-22;Clínica Dental Sonrisa;Cantabria;Finanzas;Google Ads;Conversión;148987,00;194127,00;NULL;39880;9930;Laura Gómez;Cancelada
CMP-0690;2025-02-07;Distribuciones Marín;Navarra;Deporte;Televisión;Conversión;2263246,00;4291275,00;193650;11060;820;Elena Castro;Activa
CMP-0691;2023-09-21;Nutrisana;Castilla y León;Alimentación;Email Marketing;Awareness;2017578,00;8344773,00;4521630;195150;7260;David López;Activa
CMP-0692;2025-08-01;Muebles Castillo;Aragón;Hostelería;Google Ads;Branding;2177996,00;6301672,00;824160;40140;9700;Carlos Ruiz;Activa
CMP-0693;2025-09-01;Fintech Nova;País Vasco;Belleza;SEM;Fidelización;541343,00;1792556,00;2033470;59030;8080;Laura Gómez;Pausada
CMP-0694;2023-06-05;Byte Studio;Aragón;Hostelería;SEO;Conversión;2197878,00;5971246,00;997710;57360;10240;Ana Fernández;Pausada
CMP-0695;2024-05-30;EcoHogar;País Vasco;DESCONOCIDO;Redes Sociales;Branding;1077778,00;4055429,00;3860840;NULL;1030;Lucía Herrera;Activa
CMP-0696;2025-01-03;Electro Ríos;La Rioja;Automoción;Radio;Awareness;1701925,00;981485,00;1380920;82210;7110;Miguel Álvarez;Activa
CMP-0697;2025-04-05;Sabores del Mediterráneo;Cantabria;Belleza;Email Marketing;Conversión;1173063,00;2626358,00;4846510;313660;74290;Laura Gómez;Cancelada
CMP-0698;2023-11-06;Byte Studio;País Vasco;Salud;Google Ads;Conversión;1010557,00;362376,00;4154080;275430;62600;Pablo Navarro;Pausada
CMP-0699;2023-11-24;Fintech Nova;Islas Baleares;Alimentación;Influencers;Lead Generation;491066,00;1398883,00;2621910;98220;23310;Elena Castro;Cancelada
CMP-0700;2025-05-28;Xtreme Bikes;Comunidad Valenciana;Educación;Influencers;Conversión;5216,00;NULL;836530;25420;2140;Carlos Ruiz;Finalizada
CMP-0701;2024-07-28;Fintech Nova;Aragón;Educación;SEO;Conversión;2277162,00;9315248,00;3328310;245230;59690;Diego Romero;Finalizada
CMP-0702;2025-02-25;Grupo Peralta;Andalucía;Construcción;Radio;Lead Generation;1231698,00;2799601,00;106690;3040;670;Miguel Álvarez;Finalizada
CMP-0703;2023-01-07;Innovatech Solutions;La Rioja;Construcción;Email Marketing;Awareness;1785531,00;3263748,00;4082690;38480;2660;Javier Torres;Finalizada
CMP-0704;2025-10-29;Electro Ríos;Asturias;Moda;Redes Sociales;Conversión;1520602,00;2344163,00;322520;19400;1100;Cristina Ortega;Cancelada
CMP-0705;2023-08-09;Byte Studio;Castilla-La Mancha;Salud;Marketing de Contenidos;Lead Generation;1127779,00;2147834,00;828010;41010;7870;Javier Torres;Pausada
CMP-0706;2025-06-08;Bebidas Norte;Asturias;DESCONOCIDO;Influencers;Fidelización;1203212,00;107731,00;4366050;257760;36600;DESCONOCIDO;Activa
CMP-0707;2024-04-26;Rural Gourmet;La Rioja;Moda;Prensa;Branding;1251758,00;5248852,00;738530;12080;NULL;Marta Sánchez;Finalizada
CMP-0708;2024-04-06;Hotel Costa Azul;Cataluña;Salud;SEO;Conversión;583942,00;313787,00;3588620;168040;3790;Javier Torres;Cancelada
CMP-0709;2023-05-20;Verde Natural;Cataluña;Salud;SEO;Fidelización;1285412,00;NULL;128270;7080;1250;Javier Torres;Cancelada
CMP-0710;2025-02-05;EcoHogar;País Vasco;Deporte;SEO;Fidelización;397595,00;131552,00;3295840;200440;15540;Carlos Ruiz;Cancelada
CMP-0711;2023-03-27;Electro Ríos;Región de Murcia;Deporte;SEO;Conversión;NULL;755459,00;4042100;143190;7780;Ana Fernández;Pausada
CMP-0712;2024-05-31;Panadería Trigo Dorado;Comunidad de Madrid;Deporte;Email Marketing;Awareness;1170174,00;3534963,00;1209860;57480;12770;Sara Molina;Cancelada
CMP-0713;2024-05-23;Electro Ríos;Región de Murcia;Deporte;Redes Sociales;Branding;1889569,00;7874665,00;2522500;118710;9310;Sara Molina;Activa
CMP-0714;2023-02-15;Distribuciones Marín;Cataluña;Agricultura;Google Ads;Lead Generation;2427932,00;8293221,00;1959650;20980;2310;Lucía Herrera;Activa
CMP-0715;2024-07-13;Wellness Center;La Rioja;Alimentación;Email Marketing;Conversión;452962,00;350078,00;3805080;86030;18810;Laura Gómez;Cancelada
CMP-0716;2024-07-29;Sabores del Mediterráneo;La Rioja;Salud;SEM;Branding;454057,00;161522,00;4710000;39100;980;Miguel Álvarez;Activa
CMP-0717;2023-04-07;TransLogic;Andalucía;Inmobiliario;Influencers;Lead Generation;1406182,00;4573434,00;4157170;92970;19860;Javier Torres;Finalizada
CMP-0718;2023-10-30;Sabores del Mediterráneo;DESCONOCIDO;Automoción;Televisión;Conversión;451428,00;897201,00;2455960;NULL;37550;Pablo Navarro;Finalizada
CMP-0719;2023-11-23;Muebles Castillo;Comunidad Valenciana;Hostelería;SEO;Lead Generation;1275755,00;4989208,00;3282120;52110;4790;Carlos Ruiz;Activa
CMP-0720;2024-11-16;Hotel Costa Azul;Aragón;Educación;Influencers;Fidelización;2337573,00;7226549,00;868510;52520;9140;David López;Activa
CMP-0721;2025-10-30;Viñedos del Valle;La Rioja;Tecnología;Google Ads;Awareness;NULL;1305558,00;3954560;75630;760;Álvaro Gil;Finalizada
CMP-0722;2025-07-15;Joyería Alba;Islas Baleares;Retail;Marketing de Contenidos;Awareness;320267,00;345888,00;4073830;228280;5950;Ana Fernández;Cancelada
CMP-0723;2024-06-07;Farmacia Central;Asturias;Hostelería;Prensa;Branding;1491474,00;4701563,00;170240;7230;680;Cristina Ortega;Activa
CMP-0724;2023-07-12;Nutrisana;Aragón;Salud;Marketing de Contenidos;Lead Generation;1197682,00;3094435,00;439970;10290;2150;Lucía Herrera;Cancelada
CMP-0725;2025-11-02;AutoMotion;DESCONOCIDO;Turismo;Marketing de Contenidos;Lead Generation;45529,00;38209,00;NULL;251950;4220;Miguel Álvarez;Cancelada
CMP-0726;2025-05-23;Constructora Levante;Comunidad Valenciana;Alimentación;SEO;Lead Generation;2257609,00;3459189,00;858250;6850;1050;Lucía Herrera;Finalizada
CMP-0727;2024-04-13;TecnoWave;Región de Murcia;Tecnología;Marketing de Contenidos;Fidelización;769646,00;NULL;4543050;255440;54390;Laura Gómez;Pausada
CMP-0728;2023-05-18;Agrocampo;Castilla y León;Agricultura;Email Marketing;Branding;283694,00;649479,00;1467250;55340;9870;Pablo Navarro;Pausada
CMP-0729;2023-03-23;Wellness Center;Comunidad Valenciana;Educación;Televisión;Fidelización;185711,00;671901,00;977600;47560;1790;Diego Romero;Finalizada
CMP-0730;2023-12-20;Wellness Center;Andalucía;Tecnología;Email Marketing;Fidelización;2007039,00;2192492,00;2494100;101930;6250;Carlos Ruiz;Cancelada
CMP-0731;2024-10-18;Panadería Trigo Dorado;Comunidad de Madrid;Agricultura;Influencers;Lead Generation;2345269,00;8859248,00;2135660;20230;2290;David López;Cancelada
CMP-0732;2023-03-05;Clínica Dental Sonrisa;DESCONOCIDO;Educación;Email Marketing;Branding;618525,00;1539685,00;2611410;164470;18720;Paula Serrano;Pausada
CMP-0733;2023-10-09;Kapital Seguros;Andalucía;Educación;Radio;Awareness;214134,00;4868615,00;2562410;87010;19060;Carlos Ruiz;Pausada
CMP-0734;2024-01-27;Joyería Alba;Canarias;Salud;Influencers;Fidelización;1494196,00;1878111,00;4864200;354770;80790;Cristina Ortega;Finalizada
CMP-0735;2025-08-05;Joyería Alba;País Vasco;Alimentación;SEM;Conversión;491116,00;1562296,00;3741180;171000;14880;Álvaro Gil;Cancelada
CMP-0736;2024-11-30;Panadería Trigo Dorado;Andalucía;Turismo;Google Ads;Fidelización;629172,00;146864,00;1424450;106740;12820;Paula Serrano;Pausada
CMP-0737;2025-09-29;Yogures La Pradera;La Rioja;Moda;Televisión;Conversión;1427285,00;1622249,00;272350;21410;3440;Laura Gómez;Activa
CMP-0738;2023-05-03;Innovatech Solutions;Aragón;Inmobiliario;SEM;Awareness;336007,00;236126,00;3900580;220390;13040;Diego Romero;Pausada
CMP-0740;2025-03-02;Constructora Levante;Castilla y León;Alimentación;Google Ads;Lead Generation;2295711,00;3383366,00;21610;490;40;Álvaro Gil;Pausada
CMP-0741;2023-02-12;EcoHogar;Asturias;Deporte;Radio;Fidelización;220688,00;521791,00;4144710;292760;26970;Miguel Álvarez;Cancelada
CMP-0742;2024-04-17;EcoHogar;La Rioja;Retail;Marketing de Contenidos;Conversión;560462,00;999705,00;1442290;34120;2720;Miguel Álvarez;Pausada
CMP-0743;2025-06-14;Panadería Trigo Dorado;Castilla y León;Turismo;Influencers;Awareness;964808,00;2278897,00;3801780;145980;16310;Álvaro Gil;Finalizada
CMP-0744;2023-04-13;Quimera Cosmética;Navarra;Agricultura;SEM;Lead Generation;924138,00;3229847,00;476710;NULL;1330;Sara Molina;Finalizada
CMP-0745;2023-12-27;Zapatería Confort;La Rioja;Moda;Email Marketing;Conversión;185612,00;735321,00;3260530;29050;4850;Diego Romero;Activa
CMP-0746;2025-12-28;Agrocampo;Aragón;Deporte;Email Marketing;Awareness;32786,00;735277,00;NULL;130480;6900;Elena Castro;Finalizada
CMP-0747;2024-05-18;Rural Gourmet;Castilla y León;Tecnología;Marketing de Contenidos;Branding;619975,00;1771684,00;1930130;92720;7140;Elena Castro;Cancelada
CMP-0748;2025-11-30;Bebidas Norte;Asturias;Hostelería;SEM;Fidelización;1362843,00;2720744,00;2757770;110300;18230;Marta Sánchez;Pausada
CMP-0749;2024-10-06;Kapital Seguros;Comunidad de Madrid;Hostelería;Email Marketing;Lead Generation;306530,00;1256005,00;2010780;66740;6650;Miguel Álvarez;Cancelada
CMP-0750;2025-08-13;Grupo Peralta;Comunidad Valenciana;Agricultura;Google Ads;Awareness;372942,00;1522392,00;4742800;179870;22810;Cristina Ortega;Pausada
CMP-0751;2025-09-08;Óptica Visión Plus;Aragón;Salud;SEM;Fidelización;2056314,00;5380856,00;217460;16320;3560;Ana Fernández;Pausada
CMP-0752;2024-08-06;Verde Natural;Navarra;DESCONOCIDO;Google Ads;Lead Generation;1131929,00;1927643,00;3218490;127200;20250;Cristina Ortega;Activa
CMP-0753;2024-07-01;Byte Studio;DESCONOCIDO;Alimentación;Marketing de Contenidos;Lead Generation;233371,00;4404376,00;3468530;203150;37690;Laura Gómez;Finalizada
CMP-0754;2024-03-07;Sabores del Mediterráneo;Andalucía;Tecnología;Redes Sociales;Branding;2002690,00;8029384,00;2243240;103250;7350;Carlos Ruiz;Pausada
CMP-0755;2024-11-08;Farmacia Central;Aragón;Construcción;Email Marketing;Fidelización;1825246,00;340023,00;2463520;188890;13580;Paula Serrano;Cancelada
CMP-0756;2025-04-08;Wellness Center;Canarias;Hostelería;SEM;Branding;695028,00;2952304,00;1580840;67050;12320;David López;Finalizada
CMP-0757;2023-06-16;Agrocampo;Andalucía;Hostelería;Influencers;Branding;1274492,00;2591181,00;2101360;76580;6850;DESCONOCIDO;Pausada
CMP-0758;2025-04-10;Grupo Peralta;Aragón;Inmobiliario;Televisión;Branding;122657,00;5508224,00;4869530;374320;56600;Pablo Navarro;Finalizada
CMP-0759;2025-01-01;Solaris Energía;Andalucía;Retail;Email Marketing;Awareness;1188596,00;519744,00;1532890;120750;11830;Diego Romero;Activa
CMP-0760;2024-08-19;Distribuciones Marín;Navarra;Alimentación;Marketing de Contenidos;Awareness;1978066,00;8046052,00;4326130;343970;12310;Álvaro Gil;Activa
CMP-0761;2025-07-15;Joyería Alba;Navarra;Turismo;SEM;Lead Generation;99444,00;385749,00;3491560;60090;7410;Lucía Herrera;Pausada
CMP-0762;2023-08-30;EcoHogar;Comunidad Valenciana;Tecnología;Email Marketing;Branding;61689,00;570394,00;818790;6350;150;Miguel Álvarez;Pausada
CMP-0763;2023-05-16;EcoHogar;Castilla-La Mancha;DESCONOCIDO;Email Marketing;Lead Generation;2241062,00;6848603,00;1914500;32040;1790;Lucía Herrera;Finalizada
CMP-0764;2023-01-16;TransLogic;Castilla-La Mancha;Moda;Google Ads;Conversión;1652844,00;7146688,00;3945090;187360;33340;DESCONOCIDO;Finalizada
CMP-0765;2025-02-02;Sabores del Mediterráneo;Región de Murcia;Construcción;SEO;Conversión;115354,00;39076,00;1896250;110650;22350;Álvaro Gil;Cancelada
CMP-0766;2023-03-22;Zapatería Confort;Canarias;Construcción;Radio;Branding;2484205,00;7135501,00;3214810;63490;12360;Lucía Herrera;Cancelada
CMP-0767;2024-04-01;Viñedos del Valle;Canarias;Agricultura;Redes Sociales;Fidelización;2286981,00;6533433,00;1215810;90250;NULL;David López;Cancelada
CMP-0768;2025-05-03;Solaris Energía;Canarias;Hostelería;Marketing de Contenidos;Branding;1086427,00;4700184,00;4211840;274800;38040;Ana Fernández;Cancelada
CMP-0769;2023-06-13;Bebidas Norte;Castilla y León;Belleza;Redes Sociales;Conversión;1819789,00;1900577,00;3444860;68960;12020;Sara Molina;Finalizada
CMP-0770;2023-09-06;Kapital Seguros;Castilla y León;Alimentación;SEM;Conversión;2494755,00;7994546,00;3355310;34030;8360;Carlos Ruiz;Cancelada
CMP-0771;2023-07-08;Yogures La Pradera;Asturias;Hostelería;SEO;Fidelización;322802,00;1002492,00;1464090;93570;8930;Diego Romero;Activa
CMP-0772;2024-12-20;Clínica Dental Sonrisa;Asturias;Hostelería;Televisión;Lead Generation;381616,00;371475,00;4279080;242680;13730;Cristina Ortega;Activa
CMP-0773;2025-03-04;Fintech Nova;DESCONOCIDO;Finanzas;Influencers;Lead Generation;2089588,00;8822124,00;4098450;172450;33620;Javier Torres;Activa
CMP-0774;2024-11-28;Bebidas Norte;Cataluña;Hostelería;Influencers;Conversión;NULL;5357001,00;2487130;104640;26060;Ana Fernández;Pausada
CMP-0775;2023-06-02;Rural Gourmet;Canarias;Automoción;Email Marketing;Branding;1745849,00;650488,00;NULL;21030;4490;Álvaro Gil;Pausada
CMP-0776;2024-04-19;Muebles Castillo;Canarias;Deporte;Prensa;Fidelización;809413,00;663438,00;3027050;63330;12790;Paula Serrano;Pausada
CMP-0777;2025-05-10;Bebidas Norte;Aragón;Turismo;Redes Sociales;Fidelización;1651591,00;1192168,00;NULL;130290;2570;DESCONOCIDO;Finalizada
CMP-0779;2024-12-06;Ferretería Ibérica;Extremadura;Agricultura;Marketing de Contenidos;Awareness;1085713,00;3122167,00;2041550;39670;5420;Paula Serrano;Cancelada
CMP-0780;2024-01-13;Solaris Energía;Región de Murcia;Salud;Email Marketing;Branding;2444983,00;4898007,00;1007250;61450;10800;DESCONOCIDO;Pausada
CMP-0781;2025-04-26;Bahía Sports;Galicia;Belleza;Email Marketing;Conversión;1444945,00;4389429,00;3765380;50100;8870;Álvaro Gil;Cancelada
CMP-0782;2025-03-08;Zapatería Confort;Extremadura;Belleza;Radio;Awareness;170718,00;3691486,00;1061690;73600;3310;Sara Molina;Activa
CMP-0783;2023-12-29;Zapatería Confort;Comunidad de Madrid;Alimentación;Marketing de Contenidos;Lead Generation;736901,00;150055,00;4625580;122760;9570;Pablo Navarro;Cancelada
CMP-0784;2024-04-25;Quimera Cosmética;Asturias;Salud;Prensa;Fidelización;688706,00;1596056,00;2302050;167720;2360;DESCONOCIDO;Pausada
CMP-0785;2023-08-08;Zapatería Confort;DESCONOCIDO;Turismo;SEO;Fidelización;2002664,00;6878935,00;111420;1080;250;Paula Serrano;Activa
CMP-0786;2024-02-01;Lácteos del Sur;Canarias;Educación;Televisión;Fidelización;1925863,00;6803464,00;2205570;104970;1080;Diego Romero;Cancelada
CMP-0787;2024-05-08;Farmacia Central;La Rioja;Salud;Televisión;Branding;506746,00;673219,00;245140;16990;1620;David López;Cancelada
CMP-0788;2025-06-22;Sabores del Mediterráneo;Castilla y León;Educación;SEO;Conversión;1346752,00;4581899,00;542990;30440;7430;Laura Gómez;Pausada
CMP-0789;2023-09-01;Dulcería Real;DESCONOCIDO;Hostelería;Marketing de Contenidos;Fidelización;2226708,00;9020464,00;495110;15130;1010;Pablo Navarro;Activa
CMP-0790;2025-10-28;Xtreme Bikes;Castilla-La Mancha;Retail;Televisión;Awareness;2046322,00;2473401,00;2164060;154860;5260;DESCONOCIDO;Activa
CMP-0791;2024-03-04;Distribuciones Marín;Canarias;Belleza;Redes Sociales;Conversión;446729,00;428506,00;3871490;32480;1720;Miguel Álvarez;Pausada
CMP-0792;2023-12-17;TransLogic;País Vasco;Finanzas;Televisión;Conversión;401745,00;227277,00;4729650;NULL;8060;Sara Molina;Pausada
CMP-0793;2024-11-06;Zapatería Confort;Galicia;Belleza;Televisión;Awareness;1790031,00;7181748,00;NULL;212590;49680;Paula Serrano;Activa
CMP-0794;2023-09-17;Quimera Cosmética;Región de Murcia;Moda;Marketing de Contenidos;Conversión;1935944,00;4360612,00;482230;34040;1280;Paula Serrano;Activa
CMP-0796;2023-06-14;Nutrisana;Aragón;Belleza;Email Marketing;Awareness;1304529,00;3814871,00;379520;13910;2250;Laura Gómez;Activa
CMP-0797;2023-06-19;Verde Natural;La Rioja;Hostelería;Google Ads;Branding;227412,00;225747,00;3896250;255580;38490;Miguel Álvarez;Cancelada
CMP-0798;2023-06-24;Bahía Sports;Comunidad Valenciana;Inmobiliario;Prensa;Lead Generation;199083,00;NULL;1524710;93670;6790;Lucía Herrera;Pausada
CMP-0799;2025-08-15;Yogures La Pradera;Cataluña;Retail;SEM;Conversión;1561704,00;747012,00;1994380;80100;10550;Carlos Ruiz;Finalizada
CMP-0800;2023-04-11;Grupo Peralta;Asturias;Educación;Redes Sociales;Branding;1044172,00;3811583,00;2687690;59360;5170;Sara Molina;Cancelada
CMP-0801;2025-12-12;Farmacia Central;Andalucía;Retail;SEM;Branding;900591,00;4047897,00;4054420;210140;34180;Elena Castro;Activa
CMP-0802;2024-05-24;Hotel Costa Azul;Asturias;Educación;SEO;Fidelización;2406137,00;7227711,00;2875350;218910;28370;Cristina Ortega;Pausada
CMP-0803;2023-11-21;Clínica Dental Sonrisa;Extremadura;Hostelería;Email Marketing;Awareness;1313874,00;3954474,00;3501890;209380;22570;Sara Molina;Pausada
CMP-0804;2025-03-09;Nutrisana;Islas Baleares;Deporte;Redes Sociales;Awareness;1165674,00;549349,00;2050680;55100;13530;Ana Fernández;Activa
CMP-0805;2025-12-22;Wellness Center;Comunidad de Madrid;Educación;Google Ads;Awareness;NULL;1937071,00;1471890;102630;13660;Pablo Navarro;Pausada
CMP-0806;2024-03-18;TecnoWave;Islas Baleares;DESCONOCIDO;Marketing de Contenidos;Awareness;738447,00;220363,00;4476990;120220;7100;Miguel Álvarez;Activa
CMP-0807;2024-02-11;Electro Ríos;Andalucía;Finanzas;SEO;Lead Generation;1147765,00;2592905,00;4611370;NULL;41540;Javier Torres;Cancelada
CMP-0808;2025-10-14;TecnoWave;Aragón;Moda;Google Ads;Fidelización;1813935,00;NULL;4818640;295150;56880;DESCONOCIDO;Activa
CMP-0809;2023-01-27;Muebles Castillo;Asturias;Automoción;Radio;Lead Generation;195101,00;1503178,00;675600;45810;6210;Diego Romero;Cancelada
CMP-0810;2023-10-02;Solaris Energía;Canarias;Inmobiliario;Google Ads;Fidelización;2208058,00;6969751,00;2058950;67100;13420;Ana Fernández;Cancelada
CMP-0811;2023-11-19;Muebles Castillo;Navarra;Tecnología;Google Ads;Awareness;2098402,00;NULL;3971340;316790;17970;Ana Fernández;Pausada
CMP-0812;2023-02-13;Rural Gourmet;Cataluña;Construcción;Google Ads;Lead Generation;1308807,00;263128,00;3922190;32210;3150;Laura Gómez;Activa
CMP-0813;2023-02-25;EcoHogar;Cantabria;Alimentación;Influencers;Conversión;916079,00;1805488,00;3189660;37090;8120;David López;Activa
CMP-0814;2025-05-19;Yogures La Pradera;Comunidad Valenciana;Construcción;SEM;Awareness;1384723,00;295252,00;575280;23810;5080;David López;Cancelada
CMP-0815;2025-12-18;Distribuciones Marín;Cataluña;Salud;SEO;Awareness;869671,00;1128127,00;4528730;249220;35400;Carlos Ruiz;Activa
CMP-0816;2024-08-08;Ferretería Ibérica;Comunidad de Madrid;Belleza;SEM;Fidelización;1278351,00;5716019,00;3050290;177110;35910;Diego Romero;Cancelada
CMP-0817;2025-07-23;Joyería Alba;Región de Murcia;Turismo;Email Marketing;Fidelización;207910,00;6227626,00;3986930;199430;36920;Diego Romero;Activa
CMP-0818;2024-01-25;Kapital Seguros;Castilla y León;Turismo;Email Marketing;Lead Generation;1432314,00;519594,00;4497280;88070;4580;Laura Gómez;Cancelada
CMP-0819;2025-06-24;Byte Studio;Galicia;Turismo;Prensa;Conversión;1007025,00;799991,00;4009460;145650;32620;DESCONOCIDO;Finalizada
CMP-0820;2024-08-06;Zapatería Confort;Extremadura;Agricultura;Google Ads;Fidelización;363537,00;1478751,00;3973920;25080;5170;Álvaro Gil;Pausada
CMP-0821;2025-02-13;Agrocampo;Galicia;Retail;Prensa;Lead Generation;1697854,00;3605243,00;1399800;16810;2380;Álvaro Gil;Finalizada
CMP-0823;2025-03-03;Electro Ríos;Andalucía;Alimentación;SEO;Fidelización;988869,00;3973258,00;333230;26610;1010;Elena Castro;Activa
CMP-0824;2025-12-04;Modaline;Cantabria;Finanzas;Televisión;Branding;NULL;3542945,00;2380740;84710;4440;Laura Gómez;Pausada
CMP-0825;2025-04-23;Restaurante El Fogón;DESCONOCIDO;Hostelería;Google Ads;Lead Generation;422534,00;1394415,00;2359180;168460;31030;Paula Serrano;Finalizada
CMP-0826;2025-12-28;Electro Ríos;Galicia;Salud;SEO;Lead Generation;185649,00;662119,00;124190;NULL;580;Paula Serrano;Terminada
CMP-0828;2024-10-23;Agrocampo;Canarias;Construcción;Redes Sociales;Branding;755886,00;1066793,00;262860;15620;NULL;David López;Cancelada
CMP-0829;2025-11-17;Wellness Center;País Vasco;Alimentación;Redes Sociales;Branding;1344771,00;5643026,00;4750030;188760;37710;Álvaro Gil;Pausada
CMP-0830;2025-10-03;Zapatería Confort;Cantabria;Salud;Televisión;Conversión;2327852,00;4803393,00;3006650;138180;25740;Paula Serrano;Pausada
CMP-0831;2025-10-06;Sabores del Mediterráneo;Extremadura;Moda;Google Ads;Lead Generation;92309,00;11644,00;3938580;152510;28560;Paula Serrano;Finalizada
CMP-0832;2023-12-17;Solaris Energía;Islas Baleares;Alimentación;Televisión;Awareness;925414,00;286375,00;2839400;44780;7520;Pablo Navarro;Cancelada
CMP-0833;2023-10-12;Colchones Descanso;Asturias;Belleza;Marketing de Contenidos;Branding;392844,00;238072,00;3419690;214600;11110;David López;Pausada
CMP-0834;2024-11-08;Agrocampo;Castilla y León;Finanzas;Prensa;Lead Generation;NULL;9349624,00;670180;48190;910;Miguel Álvarez;Finalizada
CMP-0835;2025-11-05;Farmacia Central;Cataluña;Educación;Radio;Branding;129027,00;NULL;3398560;38400;3570;Pablo Navarro;Terminada
CMP-0836;2025-08-02;Innovatech Solutions;La Rioja;Moda;Prensa;Conversión;963512,00;604667,00;3224250;31470;5050;Sara Molina;Finalizada
CMP-0837;2025-12-25;Rural Gourmet;Asturias;Finanzas;Email Marketing;Conversión;813888,00;2215874,00;2594490;206420;3950;Paula Serrano;Pausada
CMP-0838;2023-09-13;Quimera Cosmética;País Vasco;Hostelería;Influencers;Awareness;964729,00;2799706,00;3599580;141270;2710;Elena Castro;Finalizada
CMP-0839;2024-07-05;Constructora Levante;Castilla y León;Deporte;SEO;Fidelización;1602987,00;4748987,00;702810;39540;7410;Javier Torres;Pausada
CMP-0840;2024-12-04;Constructora Levante;DESCONOCIDO;Moda;Marketing de Contenidos;Conversión;NULL;2306968,00;4892200;201790;46280;Elena Castro;Activa
CMP-0841;2025-11-28;AutoMotion;La Rioja;Hostelería;SEM;Awareness;1408635,00;2737148,00;1922860;NULL;2190;Cristina Ortega;Activa
CMP-0842;2024-11-14;Bahía Sports;Castilla-La Mancha;Hostelería;Redes Sociales;Conversión;NULL;643812,00;869100;7400;1000;Ana Fernández;Pausada
CMP-0843;2025-05-09;Distribuciones Marín;Navarra;DESCONOCIDO;SEO;Lead Generation;285911,00;961095,00;1924470;99020;6080;Laura Gómez;Finalizada
CMP-0844;2025-07-24;AutoMotion;Región de Murcia;Construcción;Radio;Fidelización;723027,00;2554447,00;461840;3520;330;Laura Gómez;Pausada
CMP-0845;2025-05-26;Restaurante El Fogón;Aragón;Deporte;Marketing de Contenidos;Fidelización;423718,00;370655,00;1739830;81430;18650;Álvaro Gil;Pausada
CMP-0846;2025-05-14;Yogures La Pradera;Canarias;Tecnología;Prensa;Conversión;856468,00;2921727,00;3514130;91260;14750;Carlos Ruiz;Cancelada
CMP-0847;2024-09-20;Muebles Castillo;Castilla y León;Inmobiliario;SEO;Branding;82981,00;349915,00;37800;2690;50;Paula Serrano;Pausada
CMP-0848;2025-05-21;Lácteos del Sur;País Vasco;Finanzas;Google Ads;Fidelización;191722,00;NULL;1787210;73340;9910;Miguel Álvarez;Terminada
CMP-0849;2023-12-10;Joyería Alba;Galicia;Alimentación;Prensa;Conversión;1615001,00;1499948,00;38370;560;110;DESCONOCIDO;Finalizada
CMP-0851;2024-12-17;Restaurante El Fogón;Aragón;Turismo;Influencers;Fidelización;130633,00;869736,00;2395890;43770;2330;Álvaro Gil;Finalizada
CMP-0852;2024-05-08;Yogures La Pradera;DESCONOCIDO;Retail;Prensa;Conversión;2045337,00;7957368,00;3894690;151960;34330;Cristina Ortega;Finalizada
CMP-0853;2023-12-20;Colchones Descanso;Galicia;Educación;Televisión;Branding;1645382,00;7173545,00;4397800;327440;28870;Diego Romero;Finalizada
CMP-0854;2024-02-21;Lácteos del Sur;Asturias;Turismo;Televisión;Lead Generation;1640233,00;5331372,00;1286990;82620;17790;David López;Finalizada
CMP-0855;2023-08-27;Colchones Descanso;Cantabria;Inmobiliario;Marketing de Contenidos;Lead Generation;844908,00;332456,00;3033330;199610;39120;Pablo Navarro;Finalizada
CMP-0856;2024-10-31;Electro Ríos;Navarra;Salud;Email Marketing;Conversión;1181907,00;2970605,00;2614380;154000;9450;Carlos Ruiz;Activa
CMP-0857;2025-08-11;Constructora Levante;Navarra;Deporte;Marketing de Contenidos;Lead Generation;NULL;55193,00;3994810;186020;28940;Miguel Álvarez;Pausada
CMP-0858;2023-03-24;Constructora Levante;Castilla-La Mancha;Turismo;SEO;Lead Generation;607254,00;NULL;4851000;46400;9790;Álvaro Gil;Cancelada
CMP-0859;2023-07-11;Modaline;Comunidad Valenciana;Tecnología;Marketing de Contenidos;Awareness;880281,00;3487379,00;1106270;77880;11440;David López;Finalizada
CMP-0860;2023-07-10;Solaris Energía;Región de Murcia;Finanzas;Email Marketing;Conversión;1449842,00;6476661,00;438310;9100;1380;Álvaro Gil;Cancelada
CMP-0861;2023-07-02;Sabores del Mediterráneo;Asturias;Moda;Google Ads;Branding;1177051,00;3616804,00;285510;3890;750;Javier Torres;Cancelada
CMP-0862;2024-01-30;Grupo Peralta;Canarias;Hostelería;Prensa;Branding;510919,00;1490091,00;3830620;80660;6490;DESCONOCIDO;Finalizada
CMP-0863;2023-09-21;Solaris Energía;Galicia;Educación;Influencers;Awareness;1449545,00;2423472,00;710870;11550;910;Carlos Ruiz;Activa
CMP-0864;2025-10-13;EcoHogar;Castilla y León;Belleza;Google Ads;Lead Generation;1794870,00;4826862,00;1815040;26520;4680;Elena Castro;Finalizada
CMP-0865;2025-09-13;Hotel Costa Azul;Región de Murcia;Belleza;SEO;Fidelización;NULL;9490522,00;4086690;68300;2990;Pablo Navarro;Cancelada
CMP-0866;2025-12-23;TransLogic;Región de Murcia;Deporte;Email Marketing;Branding;2157671,00;850117,00;NULL;17710;3830;Laura Gómez;Cancelada
CMP-0867;2024-09-23;Xtreme Bikes;Islas Baleares;Automoción;SEM;Lead Generation;1419782,00;NULL;2372020;77420;17360;Ana Fernández;Pausada
CMP-0868;2025-11-19;Viñedos del Valle;Galicia;Retail;Televisión;Branding;NULL;838326,00;2914490;27550;1050;Marta Sánchez;Activa
CMP-0869;2024-12-02;Panadería Trigo Dorado;Cantabria;Alimentación;SEO;Fidelización;1130448,00;1042448,00;164810;11550;410;Miguel Álvarez;Activa
CMP-0870;2025-03-31;Joyería Alba;Galicia;Retail;Redes Sociales;Conversión;91558,00;2315424,00;1449660;60740;3510;Cristina Ortega;Cancelada
CMP-0871;2024-02-15;Electro Ríos;País Vasco;Deporte;Radio;Awareness;649326,00;275751,00;636740;29980;2700;Sara Molina;Activa
CMP-0873;2024-10-07;Colchones Descanso;Andalucía;Automoción;Email Marketing;Branding;1898072,00;7408679,00;3313640;189640;28020;Ana Fernández;Cancelada
CMP-0874;2024-02-11;Restaurante El Fogón;Cantabria;Finanzas;Google Ads;Lead Generation;1962648,00;4950955,00;2588810;136980;22670;Carlos Ruiz;Activa
CMP-0875;2023-12-23;Joyería Alba;Extremadura;Tecnología;SEO;Fidelización;2382315,00;5567684,00;2998770;74850;4930;Paula Serrano;Activa
CMP-0876;2023-04-15;Clínica Dental Sonrisa;País Vasco;Alimentación;Google Ads;Branding;2210894,00;8538717,00;3466990;53620;3290;Álvaro Gil;Activa
CMP-0877;2023-10-28;Farmacia Central;Cantabria;Retail;Prensa;Fidelización;1437475,00;4026354,00;4644690;369150;NULL;Elena Castro;Activa
CMP-0878;2024-12-30;Restaurante El Fogón;Castilla y León;Inmobiliario;Radio;Fidelización;2237526,00;3529203,00;729770;12440;480;Laura Gómez;Cancelada
CMP-0879;2023-06-24;Lácteos del Sur;Asturias;Alimentación;Google Ads;Fidelización;1193723,00;82788,00;4422610;81760;NULL;Lucía Herrera;Terminada
CMP-0880;2024-07-01;Dulcería Real;Islas Baleares;Turismo;Google Ads;Lead Generation;235931,00;7349628,00;4450600;181510;29490;Pablo Navarro;Finalizada
CMP-0881;2025-03-26;Muebles Castillo;Cataluña;Agricultura;Marketing de Contenidos;Lead Generation;1812706,00;3239267,00;4089360;305980;45720;Diego Romero;Pausada
CMP-0882;2023-01-24;Farmacia Central;Aragón;Alimentación;Televisión;Fidelización;1084684,00;1535596,00;2687780;76410;1950;Elena Castro;Terminada
CMP-0883;2024-06-13;Agrocampo;Andalucía;Moda;Redes Sociales;Branding;1747786,00;2197664,00;220410;15650;670;Diego Romero;Finalizada
CMP-0884;2023-01-01;EcoHogar;La Rioja;Retail;SEM;Awareness;1792542,00;1350562,00;1123530;45650;4920;Javier Torres;Finalizada
CMP-0885;2023-03-06;Kapital Seguros;Canarias;DESCONOCIDO;Redes Sociales;Lead Generation;1249068,00;1750153,00;3236080;39810;3430;Lucía Herrera;Activa
CMP-0886;2023-01-06;Rural Gourmet;Comunidad Valenciana;Belleza;SEM;Lead Generation;1756483,00;4913055,00;3010400;185060;29850;Lucía Herrera;Finalizada
CMP-0887;2024-05-24;Quimera Cosmética;Asturias;Educación;Marketing de Contenidos;Fidelización;2369019,00;6142495,00;3237060;177180;NULL;Paula Serrano;Pausada
CMP-0888;2024-01-05;Lácteos del Sur;La Rioja;Automoción;SEO;Lead Generation;2012877,00;1020654,00;655720;33450;6130;Carlos Ruiz;Activa
CMP-0889;2025-04-21;Agrocampo;Asturias;Belleza;Redes Sociales;Fidelización;1886712,00;4965836,00;2075330;42610;3640;Ana Fernández;Cancelada
CMP-0890;2025-06-09;Quimera Cosmética;Extremadura;Retail;Influencers;Lead Generation;1712373,00;NULL;4739470;286930;41200;Lucía Herrera;Pausada
CMP-0891;2024-09-23;Xtreme Bikes;Castilla y León;Salud;Prensa;Fidelización;189554,00;327483,00;4684070;33670;3970;Ana Fernández;Finalizada
CMP-0892;2024-11-15;Constructora Levante;Islas Baleares;Retail;Televisión;Branding;1930653,00;3307847,00;1521190;13780;1440;Pablo Navarro;Cancelada
CMP-0893;2023-06-11;Kapital Seguros;DESCONOCIDO;Construcción;SEM;Fidelización;1015066,00;3560849,00;3220310;32360;530;Laura Gómez;Activa
CMP-0894;2023-06-12;Zapatería Confort;Islas Baleares;Agricultura;SEM;Lead Generation;2455307,00;5698869,00;2597780;206190;8380;Lucía Herrera;Cancelada
CMP-0895;2024-04-13;Modaline;La Rioja;Automoción;SEO;Lead Generation;385241,00;295022,00;868100;7820;1070;Sara Molina;Cancelada
CMP-0896;2025-11-18;Bebidas Norte;Castilla-La Mancha;Educación;SEO;Fidelización;888879,00;3324233,00;890010;NULL;2130;Ana Fernández;Cancelada
CMP-0897;2024-02-08;Hotel Costa Azul;Región de Murcia;Tecnología;Radio;Awareness;777648,00;1433356,00;3424440;137120;25710;Miguel Álvarez;Activa
CMP-0898;2023-12-14;EcoHogar;Asturias;Finanzas;Email Marketing;Branding;622383,00;953848,00;3368380;188250;NULL;Elena Castro;Cancelada
CMP-0899;2024-04-15;Grupo Peralta;Comunidad Valenciana;Automoción;SEO;Awareness;207022,00;2837662,00;3752390;197560;3540;Álvaro Gil;Activa
CMP-0900;2024-12-08;Restaurante El Fogón;Castilla-La Mancha;Turismo;Influencers;Awareness;1112543,00;2694198,00;2700820;196820;41760;Elena Castro;Pausada
CMP-0901;2023-02-01;Modaline;Aragón;Salud;Marketing de Contenidos;Branding;1198276,00;3477484,00;2366050;136860;19510;Ana Fernández;Cancelada
CMP-0902;2023-05-05;Dulcería Real;Aragón;Belleza;Marketing de Contenidos;Conversión;1328681,00;4731336,00;4643890;332050;58350;Álvaro Gil;Cancelada
CMP-0903;2025-02-19;Fintech Nova;Cantabria;Tecnología;Prensa;Conversión;110344,00;74601,00;3826530;302240;NULL;Marta Sánchez;Cancelada
CMP-0904;2023-12-20;Verde Natural;Navarra;Agricultura;Redes Sociales;Fidelización;991905,00;3700825,00;4952710;352220;21280;Álvaro Gil;Finalizada
CMP-0905;2023-03-03;Verde Natural;DESCONOCIDO;Educación;Televisión;Branding;176316,00;439466,00;2423580;91000;3410;Carlos Ruiz;Finalizada
CMP-0906;2023-04-08;Joyería Alba;Castilla-La Mancha;Moda;Prensa;Conversión;2322819,00;7036928,00;3366480;255020;38630;Álvaro Gil;Activa
CMP-0907;2024-07-25;Verde Natural;Asturias;Belleza;Google Ads;Lead Generation;1153469,00;3987204,00;4807470;89790;8870;Sara Molina;Activa
CMP-0908;2024-04-05;Restaurante El Fogón;Cantabria;Construcción;Influencers;Branding;2292027,00;356681,00;458720;26680;4770;Laura Gómez;Finalizada
CMP-0909;2023-11-23;Joyería Alba;Cantabria;Hostelería;Redes Sociales;Fidelización;1393824,00;2630518,00;3809310;181170;28840;Carlos Ruiz;Cancelada
CMP-0910;2025-07-17;Farmacia Central;Cantabria;Agricultura;Televisión;Conversión;200167,00;85805,00;4214250;207980;11090;Marta Sánchez;Pausada
CMP-0911;2025-02-17;Viñedos del Valle;Andalucía;Construcción;Redes Sociales;Fidelización;2126190,00;6273219,00;3031770;142280;31220;Javier Torres;Activa
CMP-0912;2024-01-14;Joyería Alba;Región de Murcia;Deporte;Prensa;Conversión;1771045,00;5522206,00;728350;30310;3100;Diego Romero;Pausada
CMP-0913;2025-07-09;Constructora Levante;Castilla-La Mancha;Educación;Influencers;Awareness;423543,00;120001,00;2508620;75430;11390;Elena Castro;Cancelada
CMP-0914;2023-09-16;TecnoWave;La Rioja;Deporte;Redes Sociales;Branding;811022,00;2898519,00;667790;3480;510;David López;Cancelada
CMP-0915;2025-08-20;Innovatech Solutions;País Vasco;Agricultura;Prensa;Fidelización;2377585,00;530036,00;1112670;74600;5730;Laura Gómez;Finalizada
CMP-0917;2023-03-31;AutoMotion;Comunidad Valenciana;DESCONOCIDO;Google Ads;Fidelización;2453016,00;7504111,00;1656420;31380;920;Paula Serrano;Activa
CMP-0918;2023-10-16;Colchones Descanso;DESCONOCIDO;Belleza;Televisión;Fidelización;1967315,00;5231981,00;1720620;98820;6370;DESCONOCIDO;Cancelada
CMP-0919;2024-02-19;Nutrisana;Andalucía;Salud;Google Ads;Branding;2399154,00;8710686,00;2703350;201200;49200;DESCONOCIDO;Pausada
CMP-0920;2024-05-10;EcoHogar;DESCONOCIDO;Moda;SEM;Fidelización;2427634,00;8718655,00;3823760;122340;8740;Elena Castro;Pausada
CMP-0921;2024-04-11;Kapital Seguros;Canarias;Moda;Email Marketing;Fidelización;NULL;5622064,00;2873700;79810;4180;Paula Serrano;Pausada
CMP-0922;2024-01-10;Urbana Inmobiliaria;Comunidad de Madrid;Construcción;Influencers;Awareness;1557289,00;2772356,00;1914570;147550;7120;Miguel Álvarez;Activa
CMP-0923;2023-07-14;AutoMotion;Comunidad Valenciana;Educación;Radio;Lead Generation;2378584,00;10671474,00;2430870;154160;36370;Marta Sánchez;Pausada
CMP-0924;2023-12-29;Fintech Nova;País Vasco;Belleza;Influencers;Fidelización;801515,00;3337229,00;1410350;80950;2420;DESCONOCIDO;Activa
CMP-0925;2024-06-15;EcoHogar;Aragón;Retail;Radio;Awareness;2159803,00;9088680,00;4757700;337260;81610;Carlos Ruiz;Finalizada
CMP-0926;2023-05-15;Óptica Visión Plus;Asturias;Turismo;Marketing de Contenidos;Conversión;1776577,00;4934489,00;1924710;102570;23510;Laura Gómez;Activa
CMP-0927;2024-08-05;Rural Gourmet;Región de Murcia;Finanzas;Influencers;Fidelización;2345465,00;9355602,00;2251090;NULL;2970;Javier Torres;Pausada
CMP-0929;2024-06-30;Wellness Center;Comunidad Valenciana;Salud;SEO;Fidelización;671664,00;2397058,00;4699670;108660;13570;Javier Torres;Cancelada
CMP-0930;2024-03-22;Xtreme Bikes;Islas Baleares;Alimentación;Radio;Conversión;1157021,00;4034305,00;NULL;74590;6610;Marta Sánchez;Activa
CMP-0931;2023-11-03;Constructora Levante;Castilla y León;Turismo;Influencers;Branding;146364,00;4297968,00;3473120;264050;47150;Cristina Ortega;Activa
CMP-0932;2023-08-27;Agrocampo;Aragón;Agricultura;Radio;Awareness;1398349,00;2850981,00;1332900;30950;1430;Elena Castro;Pausada
CMP-0933;2024-09-30;Colchones Descanso;Cataluña;Salud;SEO;Lead Generation;2154545,00;1440211,00;3116220;187810;36630;Lucía Herrera;Cancelada
CMP-0934;2023-02-20;Panadería Trigo Dorado;Comunidad Valenciana;Alimentación;Google Ads;Conversión;897233,00;972118,00;1346300;53370;6460;Laura Gómez;Finalizada
CMP-0935;2025-09-28;Modaline;Islas Baleares;Moda;Google Ads;Fidelización;894378,00;3688075,00;4124200;59120;8710;Carlos Ruiz;Cancelada
CMP-0936;2023-04-14;Wellness Center;Aragón;Agricultura;SEO;Lead Generation;435349,00;1393584,00;2006310;93690;1930;DESCONOCIDO;Cancelada
CMP-0937;2025-11-08;Electro Ríos;DESCONOCIDO;Deporte;Redes Sociales;Fidelización;235766,00;5742754,00;3055750;125190;6430;Laura Gómez;Pausada
CMP-0938;2023-05-02;Agrocampo;Navarra;Educación;Google Ads;Fidelización;336103,00;140888,00;1203720;18230;4310;Marta Sánchez;Finalizada
CMP-0939;2025-06-17;Ferretería Ibérica;Comunidad Valenciana;Alimentación;SEO;Awareness;706956,00;2333277,00;787590;16870;690;Lucía Herrera;Cancelada
CMP-0940;2023-04-28;Muebles Castillo;Castilla y León;Agricultura;Radio;Lead Generation;2218113,00;4458548,00;2080510;41140;7140;Diego Romero;Finalizada
CMP-0941;2023-06-01;Verde Natural;Asturias;Deporte;Marketing de Contenidos;Branding;1636368,00;7299522,00;475070;17180;3810;Elena Castro;Activa
CMP-0942;2023-06-16;Agrocampo;Extremadura;Belleza;Redes Sociales;Awareness;2056521,00;1194632,00;2034510;69960;3230;Álvaro Gil;Cancelada
CMP-0943;2023-11-10;Viñedos del Valle;Navarra;Hostelería;Televisión;Awareness;2386036,00;9504666,00;217750;7340;1300;Lucía Herrera;Cancelada
CMP-0944;2024-04-05;TransLogic;Islas Baleares;Moda;Email Marketing;Lead Generation;99096,00;1114491,00;1610210;81070;4470;Sara Molina;Activa
CMP-0945;2024-10-18;Hotel Costa Azul;Comunidad Valenciana;Deporte;Prensa;Branding;556777,00;1127991,00;725600;53670;10050;Cristina Ortega;Cancelada
CMP-0946;2025-02-17;Byte Studio;Galicia;Construcción;Influencers;Conversión;1605886,00;5367338,00;NULL;316940;9600;Ana Fernández;Finalizada
CMP-0947;2023-03-13;Ferretería Ibérica;Andalucía;Alimentación;Influencers;Fidelización;924383,00;1192982,00;1292240;31730;1850;Javier Torres;Cancelada
CMP-0948;2024-07-03;Colchones Descanso;Aragón;Salud;Influencers;Conversión;1694346,00;NULL;4178670;163030;24590;Álvaro Gil;Cancelada
CMP-0949;2025-01-27;Modaline;Comunidad de Madrid;Agricultura;Marketing de Contenidos;Awareness;1088652,00;4468882,00;668080;7300;670;Marta Sánchez;Pausada
CMP-0950;2024-05-05;Panadería Trigo Dorado;Castilla-La Mancha;Tecnología;SEO;Awareness;1447777,00;2848812,00;4431240;170600;6320;Carlos Ruiz;Pausada
CMP-0951;2023-11-19;Ferretería Ibérica;Canarias;Hostelería;Influencers;Awareness;2494287,00;10738801,00;3416350;156580;8900;DESCONOCIDO;Cancelada
CMP-0952;2023-09-07;Fintech Nova;Islas Baleares;Tecnología;Google Ads;Branding;27854,00;NULL;4742810;30140;4160;David López;Pausada
CMP-0954;2024-02-04;Viñedos del Valle;Región de Murcia;Finanzas;Redes Sociales;Awareness;1143357,00;3115282,00;2103750;118120;NULL;Paula Serrano;Pausada
CMP-0955;2025-09-17;Lácteos del Sur;Comunidad Valenciana;Automoción;Radio;Conversión;1629711,00;4994735,00;244230;1880;430;DESCONOCIDO;Activa
CMP-0956;2023-12-03;EcoHogar;Región de Murcia;Automoción;Influencers;Conversión;1912398,00;4823381,00;3295150;NULL;24180;Paula Serrano;Finalizada
CMP-0957;2024-03-12;Xtreme Bikes;País Vasco;Tecnología;Radio;Conversión;1964551,00;3427496,00;3775340;124640;19650;Elena Castro;Pausada
CMP-0958;2024-12-26;Panadería Trigo Dorado;Castilla y León;Moda;Televisión;Branding;2135103,00;NULL;4347700;313380;65670;Pablo Navarro;Cancelada
CMP-0959;2023-07-22;Bahía Sports;Región de Murcia;Automoción;Prensa;Conversión;1915938,00;7068064,00;4355350;300580;30500;Elena Castro;Activa
CMP-0960;2025-12-29;Xtreme Bikes;Región de Murcia;Salud;Influencers;Lead Generation;1672227,00;6414029,00;2284290;169550;32700;David López;Finalizada
CMP-0961;2024-12-09;Yogures La Pradera;Comunidad Valenciana;Finanzas;Email Marketing;Conversión;61881,00;46148,00;3189670;85810;21390;Laura Gómez;Pausada
CMP-0962;2025-09-07;EcoHogar;Andalucía;Deporte;Google Ads;Awareness;941545,00;477455,00;2047680;47440;10680;Ana Fernández;Cancelada
CMP-0963;2024-10-25;Lácteos del Sur;Andalucía;Salud;Televisión;Branding;588206,00;1557181,00;1603500;100880;16820;Diego Romero;Pausada
CMP-0964;2024-05-29;Quimera Cosmética;País Vasco;DESCONOCIDO;Google Ads;Awareness;176879,00;595744,00;4150820;168980;16350;Paula Serrano;Pausada
CMP-0965;2024-03-09;Verde Natural;Cantabria;Construcción;Radio;Awareness;1432547,00;4464112,00;3026110;178740;27200;Lucía Herrera;Pausada
CMP-0966;2025-10-13;Clínica Dental Sonrisa;Andalucía;Tecnología;SEM;Branding;109780,00;1059204,00;83160;850;180;Sara Molina;Cancelada
CMP-0967;2024-03-17;Agrocampo;País Vasco;Tecnología;Radio;Lead Generation;1424993,00;3144095,00;195500;9280;1250;Javier Torres;Cancelada
CMP-0968;2024-09-24;Agrocampo;Asturias;Automoción;SEM;Conversión;1062484,00;1377374,00;3346820;251670;59330;DESCONOCIDO;Finalizada
CMP-0969;2025-09-22;TecnoWave;Canarias;Inmobiliario;Radio;Awareness;413178,00;1141029,00;1850350;126120;24700;Laura Gómez;Cancelada
CMP-0970;2025-07-06;Restaurante El Fogón;Aragón;Agricultura;Google Ads;Lead Generation;779302,00;2016813,00;4002770;150680;16000;Laura Gómez;Activa
CMP-0971;2024-07-11;Lácteos del Sur;País Vasco;Belleza;Radio;Branding;1753598,00;3989595,00;202310;9940;1020;Diego Romero;Finalizada
CMP-0972;2023-11-26;Dulcería Real;DESCONOCIDO;Moda;SEM;Conversión;NULL;391955,00;1934410;60410;2940;Diego Romero;Pausada
CMP-0973;2024-11-07;Farmacia Central;Canarias;Educación;SEO;Awareness;995808,00;4157432,00;2175270;118130;8210;Lucía Herrera;Cancelada
CMP-0974;2024-06-13;Colchones Descanso;Cantabria;Turismo;SEO;Fidelización;2321448,00;6440093,00;3952790;199850;41990;Elena Castro;Finalizada
CMP-0975;2024-03-23;Dulcería Real;Navarra;Inmobiliario;SEM;Branding;833906,00;1721631,00;3179240;188270;34570;Lucía Herrera;Terminada
CMP-0976;2025-04-25;TecnoWave;La Rioja;Hostelería;Marketing de Contenidos;Conversión;1207747,00;1890977,00;4469970;NULL;11030;David López;Cancelada
CMP-0978;2025-05-31;Dulcería Real;Galicia;Alimentación;SEM;Awareness;856707,00;2694919,00;2476240;191380;27420;Miguel Álvarez;Activa
CMP-0979;2025-04-14;Bebidas Norte;Comunidad Valenciana;Salud;SEM;Lead Generation;940047,00;377624,00;1560160;111970;6230;David López;Finalizada
CMP-0980;2023-02-27;Dulcería Real;Aragón;Educación;Email Marketing;Fidelización;1050899,00;358787,00;NULL;230550;24230;Laura Gómez;Activa
CMP-0981;2024-09-10;Xtreme Bikes;Aragón;Retail;Email Marketing;Conversión;1106622,00;1661476,00;2447210;60590;15050;Javier Torres;Pausada
CMP-0982;2023-11-23;TransLogic;Comunidad Valenciana;Inmobiliario;SEO;Branding;989292,00;104957,00;3945580;119380;26180;Carlos Ruiz;Finalizada
CMP-0983;2025-05-26;Hotel Costa Azul;Islas Baleares;Retail;Radio;Lead Generation;1032563,00;2222166,00;3853600;NULL;37480;Diego Romero;Finalizada
CMP-0984;2023-12-21;Ferretería Ibérica;Castilla-La Mancha;Deporte;Radio;Conversión;450431,00;1349208,00;1109190;10200;2400;Miguel Álvarez;Activa
CMP-0985;2023-02-03;Viñedos del Valle;País Vasco;DESCONOCIDO;Email Marketing;Awareness;188891,00;827959,00;3053870;200670;40390;Pablo Navarro;Pausada
CMP-0986;2025-10-11;Agrocampo;País Vasco;Agricultura;SEM;Branding;1167173,00;4155123,00;537620;36220;4500;Paula Serrano;Cancelada
CMP-0988;2023-07-24;Grupo Peralta;Cataluña;Salud;Influencers;Fidelización;1575459,00;3459317,00;4038980;NULL;61220;Paula Serrano;Activa
CMP-0990;2025-01-08;Quimera Cosmética;Comunidad Valenciana;Moda;Influencers;Awareness;1876127,00;2530985,00;2928200;114430;5630;Álvaro Gil;Activa
CMP-0991;2023-02-07;Distribuciones Marín;Navarra;DESCONOCIDO;Prensa;Fidelización;521845,00;791934,00;1588560;60700;13780;Laura Gómez;Pausada
CMP-0993;2023-12-16;Sabores del Mediterráneo;Islas Baleares;Retail;Televisión;Awareness;NULL;644298,00;4835170;204770;17720;Diego Romero;Finalizada
CMP-0994;2023-11-07;Bahía Sports;Aragón;Hostelería;Marketing de Contenidos;Lead Generation;196913,00;823304,00;4875300;305410;19060;Cristina Ortega;Cancelada
CMP-0995;2025-06-02;Constructora Levante;Aragón;Finanzas;SEM;Fidelización;2070137,00;6904783,00;3486690;217200;11540;Carlos Ruiz;Finalizada
CMP-0996;2023-11-18;TecnoWave;Andalucía;DESCONOCIDO;Email Marketing;Branding;128151,00;347336,00;4470190;307650;55080;Miguel Álvarez;Activa
CMP-0997;2024-09-02;Agrocampo;Región de Murcia;Construcción;Prensa;Branding;401061,00;853798,00;2192100;99040;24550;Cristina Ortega;Finalizada
CMP-0998;2024-10-04;Yogures La Pradera;Asturias;Finanzas;Televisión;Awareness;2290604,00;5476554,00;3351430;148570;10200;Sara Molina;Finalizada
CMP-0999;2023-05-11;TransLogic;País Vasco;Inmobiliario;SEM;Fidelización;2025485,00;2130794,00;1018490;19070;1580;DESCONOCIDO;Activa
CMP-1001;2024-02-07;Verde Natural;Aragón;Salud;Prensa;Lead Generation;1849001,00;6341203,00;3707680;19130;210;Javier Torres;Finalizada
CMP-1002;2023-12-17;Bebidas Norte;Cataluña;Retail;Radio;Lead Generation;NULL;7527555,00;2905100;164670;38190;Álvaro Gil;Finalizada
CMP-1003;2025-02-28;Constructora Levante;Galicia;Salud;Radio;Lead Generation;2112714,00;9444597,00;1089270;77500;10100;Javier Torres;Cancelada
CMP-1004;2023-08-11;Constructora Levante;Andalucía;Salud;Email Marketing;Fidelización;1006171,00;744537,00;2280690;105840;25570;Diego Romero;Finalizada
CMP-1005;2023-02-10;Viñedos del Valle;DESCONOCIDO;Belleza;Televisión;Lead Generation;1848189,00;6207986,00;336870;15030;NULL;Álvaro Gil;Activa
CMP-1006;2025-04-19;Innovatech Solutions;Navarra;Educación;Google Ads;Fidelización;633458,00;389737,00;673120;26940;3140;Ana Fernández;Activa
CMP-1007;2025-02-26;Byte Studio;Islas Baleares;Alimentación;Email Marketing;Awareness;1759708,00;3313276,00;NULL;279500;29570;Elena Castro;Finalizada
CMP-1008;2024-09-02;Electro Ríos;Comunidad de Madrid;Belleza;Email Marketing;Fidelización;696615,00;1482155,00;3341890;18970;2210;DESCONOCIDO;Cancelada
CMP-1009;2025-10-16;Verde Natural;Islas Baleares;Deporte;Marketing de Contenidos;Awareness;1414841,00;3712023,00;3126020;122840;21450;Elena Castro;Pausada
CMP-1010;2024-12-04;Bahía Sports;Región de Murcia;Turismo;Marketing de Contenidos;Fidelización;1039165,00;1370278,00;4403220;173370;41000;Marta Sánchez;Cancelada
CMP-1011;2025-03-27;Solaris Energía;Cantabria;Retail;Televisión;Fidelización;830134,00;844898,00;4386440;313940;5500;Ana Fernández;Activa
CMP-1012;2023-03-26;Solaris Energía;Canarias;Finanzas;Prensa;Fidelización;1399579,00;3591908,00;2917650;56150;9530;Álvaro Gil;Pausada
CMP-1013;2025-01-28;Sabores del Mediterráneo;Comunidad de Madrid;Automoción;Televisión;Lead Generation;2460935,00;3183372,00;788160;58640;6870;Lucía Herrera;Activa
CMP-1014;2025-06-16;Óptica Visión Plus;Canarias;Moda;Radio;Fidelización;NULL;694165,00;1373700;85910;4800;DESCONOCIDO;Cancelada
CMP-1015;2023-09-09;TecnoWave;Castilla-La Mancha;Agricultura;SEM;Awareness;97450,00;287507,00;1074780;39850;8890;Diego Romero;Cancelada
CMP-1016;2025-02-05;Innovatech Solutions;Cataluña;Moda;Email Marketing;Conversión;1669858,00;7196599,00;2933800;213220;22640;Diego Romero;Terminada
CMP-1017;2024-03-17;Constructora Levante;Canarias;Belleza;Redes Sociales;Lead Generation;476907,00;1855862,00;659750;33430;2990;Ana Fernández;Finalizada
CMP-1018;2023-01-13;Lácteos del Sur;Andalucía;Tecnología;SEM;Awareness;443392,00;1712395,00;4292520;96070;6150;Marta Sánchez;Activa
CMP-1020;2024-09-17;Bebidas Norte;Islas Baleares;Alimentación;Televisión;Awareness;816043,00;2558661,00;2910300;85420;4560;Pablo Navarro;Activa
CMP-1021;2025-08-23;Ferretería Ibérica;Islas Baleares;DESCONOCIDO;Email Marketing;Awareness;NULL;2594226,00;1359370;52490;4390;Miguel Álvarez;Cancelada
CMP-1022;2024-06-16;Bahía Sports;Galicia;Retail;Influencers;Conversión;90389,00;1411132,00;4229590;332010;39930;David López;Cancelada
CMP-1023;2024-01-09;Nutrisana;Cataluña;Construcción;Radio;Fidelización;218714,00;1286739,00;1059020;24320;4000;Carlos Ruiz;Cancelada
CMP-1024;2024-10-03;Distribuciones Marín;Cantabria;Educación;SEM;Lead Generation;43914,00;165744,00;2284570;42940;7480;Paula Serrano;Activa
CMP-1025;2025-10-13;AutoMotion;Asturias;Inmobiliario;Google Ads;Conversión;903476,00;2872465,00;990610;26680;5830;Diego Romero;Cancelada
CMP-1026;2023-03-01;TransLogic;Región de Murcia;Construcción;Influencers;Lead Generation;669743,00;2749528,00;281080;14250;2100;Paula Serrano;Pausada
CMP-1027;2024-08-11;Clínica Dental Sonrisa;Canarias;Moda;SEM;Fidelización;256095,00;168238,00;3121630;111500;15080;Paula Serrano;Cancelada
CMP-1028;2025-10-01;Dulcería Real;Islas Baleares;Tecnología;Prensa;Branding;939366,00;955265,00;4780410;338270;70260;Pablo Navarro;Activa
CMP-1029;2023-06-17;Kapital Seguros;Aragón;Hostelería;Marketing de Contenidos;Fidelización;1331464,00;1448143,00;3194950;233380;27640;Lucía Herrera;Cancelada
CMP-1030;2024-01-09;Xtreme Bikes;Comunidad de Madrid;Automoción;Televisión;Branding;1906163,00;1851797,00;2056110;161710;5680;Pablo Navarro;Pausada
CMP-1031;2023-12-08;Colchones Descanso;Cantabria;Inmobiliario;Redes Sociales;Fidelización;48164,00;180542,00;3873660;250310;41950;David López;Pausada
CMP-1032;2024-10-14;Yogures La Pradera;Asturias;Retail;Google Ads;Fidelización;1355383,00;524267,00;3789890;151030;28650;Álvaro Gil;Finalizada
CMP-1033;2025-12-23;Lácteos del Sur;Región de Murcia;Educación;Google Ads;Branding;886913,00;1172559,00;2241570;18310;440;David López;Cancelada
CMP-1034;2024-12-15;EcoHogar;DESCONOCIDO;Inmobiliario;SEO;Conversión;960204,00;1909499,00;4802300;182440;11320;DESCONOCIDO;Pausada
CMP-1035;2024-11-15;TransLogic;Castilla y León;Inmobiliario;Radio;Fidelización;244062,00;721948,00;1535390;59530;4110;Sara Molina;Activa
CMP-1036;2025-05-13;Yogures La Pradera;Asturias;Moda;Redes Sociales;Awareness;2279314,00;5197872,00;957680;37600;8090;Lucía Herrera;Cancelada
CMP-1037;2024-02-24;Modaline;DESCONOCIDO;DESCONOCIDO;SEM;Branding;106706,00;78999,00;3657020;144950;34450;Cristina Ortega;Cancelada
CMP-1038;2025-11-08;EcoHogar;Castilla-La Mancha;DESCONOCIDO;SEM;Lead Generation;40516,00;36439,00;2205420;45510;1920;David López;Activa
CMP-1039;2023-01-08;Colchones Descanso;DESCONOCIDO;Construcción;Prensa;Awareness;1997274,00;410886,00;2113320;51790;9910;Lucía Herrera;Pausada
CMP-1041;2024-02-20;Quimera Cosmética;DESCONOCIDO;Inmobiliario;Prensa;Fidelización;2101076,00;7873143,00;NULL;240480;50250;Pablo Navarro;Finalizada
CMP-1042;2024-04-21;EcoHogar;Comunidad de Madrid;Alimentación;Influencers;Conversión;1023663,00;3578849,00;2361710;14270;1000;Sara Molina;Finalizada
CMP-1043;2023-12-15;Hotel Costa Azul;Andalucía;Inmobiliario;Redes Sociales;Awareness;197306,00;862924,00;4848520;119500;19980;Ana Fernández;Activa
CMP-1044;2024-07-08;Xtreme Bikes;Castilla y León;DESCONOCIDO;Prensa;Branding;1729878,00;6613731,00;1431640;17860;1100;DESCONOCIDO;Pausada
CMP-1045;2025-03-09;Agrocampo;Comunidad Valenciana;Turismo;SEO;Conversión;2381253,00;996024,00;3833290;230580;28570;Álvaro Gil;Pausada
CMP-1046;2023-11-02;Quimera Cosmética;Cantabria;Educación;Email Marketing;Branding;1324084,00;NULL;2005060;42370;5250;Diego Romero;Cancelada
CMP-1047;2023-03-05;Sabores del Mediterráneo;Cantabria;DESCONOCIDO;Marketing de Contenidos;Awareness;1809175,00;1075246,00;1894480;37400;8970;David López;Activa
CMP-1048;2023-12-18;EcoHogar;Región de Murcia;DESCONOCIDO;Marketing de Contenidos;Branding;1546033,00;1044803,00;3950970;250490;41840;Sara Molina;Activa
CMP-1049;2023-08-18;Hotel Costa Azul;País Vasco;Construcción;Google Ads;Lead Generation;804209,00;3355648,00;4060230;105360;11350;Laura Gómez;Finalizada
CMP-1050;2025-03-24;Joyería Alba;Aragón;Tecnología;SEO;Fidelización;2144935,00;9027665,00;695720;13060;580;Paula Serrano;Pausada
CMP-1051;2023-02-16;Kapital Seguros;País Vasco;Moda;Influencers;Awareness;1859931,00;4042608,00;4422490;179480;9560;Pablo Navarro;Pausada
CMP-1052;2025-01-05;Bebidas Norte;Islas Baleares;Tecnología;Google Ads;Awareness;79784,00;349201,00;NULL;17870;1650;Paula Serrano;Cancelada
CMP-1053;2025-04-27;Agrocampo;Navarra;Finanzas;Televisión;Lead Generation;2204489,00;NULL;3691360;97500;15170;Elena Castro;Pausada
CMP-1054;2023-08-13;Verde Natural;La Rioja;Turismo;Marketing de Contenidos;Fidelización;NULL;1634137,00;4308690;233960;57160;Diego Romero;Finalizada
CMP-1055;2024-07-07;Distribuciones Marín;Cataluña;Construcción;Email Marketing;Branding;NULL;8687107,00;1465670;66720;8830;Marta Sánchez;Finalizada
CMP-1057;2023-07-04;Viñedos del Valle;Región de Murcia;Retail;Marketing de Contenidos;Branding;613396,00;470576,00;30310;150;20;Marta Sánchez;Cancelada
CMP-1058;2023-04-02;Dulcería Real;Aragón;Turismo;Prensa;Branding;1689670,00;7213705,00;3031030;180360;33830;Pablo Navarro;Activa
CMP-1060;2023-05-21;Byte Studio;Aragón;Hostelería;SEO;Awareness;243249,00;2661808,00;1366960;89350;15140;Javier Torres;Pausada
CMP-1061;2023-04-20;Joyería Alba;Comunidad Valenciana;Educación;Redes Sociales;Fidelización;1463372,00;476624,00;4530810;160080;18560;Marta Sánchez;Pausada
CMP-1062;2023-05-24;Solaris Energía;Aragón;Agricultura;Email Marketing;Lead Generation;390244,00;1576925,00;742870;5590;520;Cristina Ortega;Finalizada
CMP-1063;2023-07-13;Fintech Nova;Aragón;Alimentación;Prensa;Branding;874213,00;1930806,00;49150;1330;60;Lucía Herrera;Activa
CMP-1064;2025-05-23;Bahía Sports;Cataluña;Alimentación;Email Marketing;Fidelización;2210756,00;1228065,00;3159190;56760;1320;Miguel Álvarez;Finalizada
CMP-1065;2023-09-14;Rural Gourmet;Islas Baleares;Moda;Influencers;Conversión;1428140,00;6367879,00;3293050;121970;11480;Miguel Álvarez;Pausada
CMP-1066;2025-06-19;Quimera Cosmética;Castilla y León;Deporte;SEM;Lead Generation;1819007,00;7961265,00;1606490;86960;19520;Diego Romero;Pausada
CMP-1067;2023-11-01;Xtreme Bikes;Islas Baleares;Moda;Google Ads;Fidelización;1803563,00;6590054,00;1079560;83450;7020;Marta Sánchez;Finalizada
CMP-1068;2025-03-30;Yogures La Pradera;Castilla-La Mancha;Alimentación;Marketing de Contenidos;Lead Generation;992122,00;2040679,00;4247740;144660;13630;Elena Castro;Pausada
CMP-1069;2024-03-01;Farmacia Central;Cataluña;Moda;Google Ads;Awareness;NULL;169124,00;427150;23350;3470;Ana Fernández;Pausada
CMP-1070;2025-02-13;Innovatech Solutions;Región de Murcia;Hostelería;Televisión;Fidelización;NULL;3236376,00;1615810;96060;21210;Diego Romero;Cancelada
CMP-1071;2025-10-06;Innovatech Solutions;Andalucía;Construcción;Email Marketing;Lead Generation;2006554,00;6019333,00;466060;29110;990;Sara Molina;Pausada
CMP-1072;2024-07-21;Yogures La Pradera;Extremadura;Construcción;Redes Sociales;Lead Generation;218859,00;5277345,00;942270;55870;7640;Javier Torres;Activa
CMP-1073;2024-05-21;Panadería Trigo Dorado;Asturias;Retail;SEM;Fidelización;NULL;2419234,00;1467580;16390;3020;David López;Cancelada
CMP-1074;2025-07-03;Ferretería Ibérica;Cataluña;Alimentación;Google Ads;Branding;2468887,00;2841862,00;NULL;26590;1550;Pablo Navarro;Cancelada
CMP-1075;2023-08-03;AutoMotion;Comunidad Valenciana;Automoción;Marketing de Contenidos;Branding;1482441,00;3350118,00;3424570;159610;3340;Ana Fernández;Pausada
CMP-1076;2024-04-02;Panadería Trigo Dorado;País Vasco;Educación;Google Ads;Fidelización;2304736,00;6777036,00;408910;8360;960;Miguel Álvarez;Cancelada
CMP-1077;2025-05-23;Electro Ríos;Navarra;Alimentación;Marketing de Contenidos;Lead Generation;1905923,00;6295735,00;2458390;32930;3610;Paula Serrano;Cancelada
CMP-1078;2024-04-09;Hotel Costa Azul;Extremadura;Construcción;Google Ads;Branding;1213182,00;4312322,00;2812420;55810;5090;Miguel Álvarez;Cancelada
CMP-1079;2023-10-04;Yogures La Pradera;Asturias;Tecnología;Email Marketing;Branding;98065,00;99321,00;1351860;74600;5990;Cristina Ortega;Cancelada
CMP-1080;2024-12-31;Hotel Costa Azul;Región de Murcia;Agricultura;Influencers;Conversión;1008059,00;230147,00;2044130;132990;23100;Carlos Ruiz;Finalizada
CMP-1081;2025-12-06;Wellness Center;País Vasco;Turismo;SEO;Branding;2320804,00;281713,00;1913290;16220;3820;Ana Fernández;Activa
CMP-1082;2023-02-01;Kapital Seguros;Castilla y León;Retail;Email Marketing;Branding;2283929,00;7770107,00;3154320;207240;5780;Lucía Herrera;Cancelada
CMP-1083;2024-11-06;Joyería Alba;Andalucía;Alimentación;Redes Sociales;Awareness;1022614,00;3717804,00;1216560;67000;15710;Lucía Herrera;Cancelada
CMP-1084;2023-08-16;Bahía Sports;Andalucía;Agricultura;Radio;Lead Generation;813742,00;1087553,00;1771640;51500;9960;David López;Cancelada
CMP-1085;2023-04-04;Yogures La Pradera;Cantabria;Tecnología;SEO;Lead Generation;264187,00;481237,00;816410;27120;6380;Ana Fernández;Pausada
CMP-1086;2023-07-28;Innovatech Solutions;Galicia;Retail;Prensa;Lead Generation;1068672,00;2396838,00;746060;5780;140;Ana Fernández;Finalizada
CMP-1087;2025-06-24;EcoHogar;Andalucía;Deporte;SEM;Fidelización;262303,00;429078,00;1201790;NULL;10550;Sara Molina;Pausada
CMP-1088;2025-07-12;Hotel Costa Azul;Navarra;Deporte;SEM;Branding;1931033,00;3778248,00;NULL;97660;4430;Cristina Ortega;Finalizada
CMP-1089;2025-05-05;EcoHogar;Islas Baleares;Salud;Prensa;Lead Generation;2358836,00;2770765,00;2880660;223300;23710;Diego Romero;Activa
CMP-1090;2023-04-28;Zapatería Confort;Islas Baleares;Turismo;Redes Sociales;Fidelización;2297936,00;5740072,00;2067460;102020;6740;David López;Pausada
CMP-1091;2024-10-20;Electro Ríos;Cataluña;DESCONOCIDO;Radio;Fidelización;2137311,00;NULL;1354370;85640;7310;Javier Torres;Activa
CMP-1092;2024-03-06;Verde Natural;Comunidad Valenciana;Tecnología;Redes Sociales;Conversión;618275,00;2214214,00;1366420;21910;1170;Carlos Ruiz;Cancelada
CMP-1093;2025-05-16;Panadería Trigo Dorado;Canarias;Tecnología;Marketing de Contenidos;Fidelización;1635097,00;3856216,00;3186100;44770;5730;Diego Romero;Finalizada
CMP-1094;2023-03-02;TransLogic;Extremadura;Inmobiliario;Prensa;Branding;2389278,00;795695,00;3069530;212520;11260;Pablo Navarro;Activa
CMP-1095;2023-06-14;Urbana Inmobiliaria;Galicia;Belleza;Redes Sociales;Branding;1172092,00;471843,00;106320;7880;1600;Marta Sánchez;Pausada
CMP-1096;2024-07-24;Innovatech Solutions;Extremadura;Salud;Prensa;Branding;954303,00;1183605,00;598130;41700;4820;Sara Molina;Activa
CMP-1097;2024-03-24;Farmacia Central;Castilla y León;Tecnología;Radio;Conversión;1826748,00;6821112,00;2888800;84860;15080;Elena Castro;Activa
CMP-1098;2023-09-14;Fintech Nova;País Vasco;Construcción;SEM;Awareness;883193,00;442112,00;4054620;191540;21640;Ana Fernández;Pausada
CMP-1099;2023-01-06;Verde Natural;La Rioja;Automoción;Televisión;Branding;1142556,00;345505,00;4509480;207250;17060;Carlos Ruiz;Finalizada
CMP-1100;2024-05-02;Clínica Dental Sonrisa;Castilla-La Mancha;Turismo;Prensa;Fidelización;481704,00;30182,00;1952220;123470;29220;Marta Sánchez;Finalizada
CMP-1101;2024-11-09;Grupo Peralta;Región de Murcia;Educación;SEO;Awareness;906652,00;42712,00;4249570;140520;23390;Cristina Ortega;Cancelada
CMP-1102;2024-02-01;Dulcería Real;Castilla y León;Salud;Email Marketing;Awareness;1270648,00;3339787,00;2942380;77560;15350;Marta Sánchez;Activa
CMP-1103;2024-07-07;Agrocampo;Cataluña;Belleza;Influencers;Fidelización;2499557,00;3169598,00;667300;NULL;8950;Laura Gómez;Cancelada
CMP-1104;2023-05-15;Restaurante El Fogón;País Vasco;Inmobiliario;SEM;Branding;511258,00;1186483,00;1624990;79780;6110;Lucía Herrera;Cancelada
CMP-1105;2023-09-20;Urbana Inmobiliaria;La Rioja;Automoción;Email Marketing;Fidelización;208514,00;263173,00;2530060;83310;15270;DESCONOCIDO;Cancelada
CMP-1106;2025-12-27;Bahía Sports;Comunidad Valenciana;Tecnología;Google Ads;Awareness;NULL;3985209,00;143670;760;110;Ana Fernández;Activa
CMP-1107;2025-08-02;AutoMotion;Comunidad Valenciana;Construcción;Prensa;Conversión;762791,00;2363126,00;263830;11550;1330;Lucía Herrera;Activa
CMP-1108;2025-02-21;Solaris Energía;Galicia;Agricultura;SEO;Conversión;770228,00;1986782,00;2587840;20980;2690;Sara Molina;Activa
CMP-1110;2024-10-15;Rural Gourmet;Islas Baleares;Construcción;Email Marketing;Awareness;1652986,00;NULL;1905080;53120;3290;Cristina Ortega;Pausada
CMP-1111;2023-01-27;Urbana Inmobiliaria;País Vasco;Hostelería;Email Marketing;Conversión;446816,00;NULL;3092960;191870;42470;Diego Romero;Activa
CMP-1112;2023-01-01;Sabores del Mediterráneo;Aragón;Deporte;Redes Sociales;Awareness;998159,00;3785215,00;2329600;18590;NULL;Pablo Navarro;Activa
CMP-1113;2024-02-16;Farmacia Central;País Vasco;Tecnología;Email Marketing;Awareness;205681,00;NULL;447510;21530;1480;Diego Romero;Activa
CMP-1114;2023-08-16;Zapatería Confort;Extremadura;Deporte;Redes Sociales;Conversión;376044,00;880163,00;200410;NULL;440;Elena Castro;Activa
CMP-1115;2023-10-28;Fintech Nova;Región de Murcia;Inmobiliario;SEM;Awareness;1168312,00;1331312,00;2226190;26170;5450;Ana Fernández;Activa
CMP-1116;2025-03-06;Joyería Alba;La Rioja;Moda;Redes Sociales;Awareness;308434,00;1062628,00;2415500;NULL;5450;Laura Gómez;Activa
CMP-1117;2024-01-22;AutoMotion;Cataluña;Agricultura;Email Marketing;Awareness;1288761,00;NULL;458730;31050;3990;Ana Fernández;Cancelada
CMP-1118;2025-03-07;Clínica Dental Sonrisa;Cantabria;Inmobiliario;Redes Sociales;Fidelización;56318,00;985831,00;4099190;123560;7050;Sara Molina;Cancelada
CMP-1119;2023-01-07;Constructora Levante;Castilla y León;Construcción;Influencers;Awareness;510693,00;1083828,00;3706980;92550;15420;Marta Sánchez;Finalizada
CMP-1120;2023-04-13;TecnoWave;Extremadura;Educación;Google Ads;Fidelización;1462247,00;179209,00;2802760;30330;5190;DESCONOCIDO;Activa
CMP-1121;2025-04-28;Urbana Inmobiliaria;Asturias;Hostelería;SEO;Lead Generation;2111239,00;9172656,00;1847360;130950;9360;Lucía Herrera;Activa
CMP-1122;2023-12-08;Zapatería Confort;Región de Murcia;Turismo;Influencers;Branding;1871431,00;5051487,00;4924820;46710;5540;Sara Molina;Pausada
CMP-1123;2024-05-22;Sabores del Mediterráneo;Región de Murcia;Inmobiliario;Prensa;Conversión;1887189,00;3961775,00;1774260;128550;8310;Cristina Ortega;Cancelada
CMP-1124;2024-01-11;Wellness Center;La Rioja;Agricultura;Marketing de Contenidos;Awareness;1758091,00;7081923,00;635410;29290;1240;Lucía Herrera;Cancelada
CMP-1125;2025-03-04;Muebles Castillo;Galicia;Inmobiliario;Televisión;Conversión;560714,00;1957843,00;3550510;176930;36860;Álvaro Gil;Cancelada
CMP-1126;2024-09-11;Verde Natural;Comunidad Valenciana;Educación;Radio;Branding;185989,00;3017919,00;3348280;97760;1490;Carlos Ruiz;Cancelada
CMP-1127;2023-11-30;Verde Natural;Comunidad de Madrid;Inmobiliario;Email Marketing;Fidelización;1029695,00;1199510,00;4403440;42220;1120;Álvaro Gil;Activa
CMP-1128;2025-08-07;Sabores del Mediterráneo;Comunidad de Madrid;Inmobiliario;SEM;Conversión;1762021,00;7675817,00;4039200;82010;16650;Laura Gómez;Finalizada
CMP-1129;2023-02-09;Nutrisana;Islas Baleares;Inmobiliario;Televisión;Fidelización;1692938,00;2195914,00;1718550;47580;11770;David López;Finalizada
CMP-1130;2024-05-17;Innovatech Solutions;Comunidad Valenciana;Educación;Google Ads;Lead Generation;595361,00;2460236,00;3897830;NULL;41390;DESCONOCIDO;Pausada
CMP-1131;2023-04-17;Fintech Nova;Castilla-La Mancha;Agricultura;Marketing de Contenidos;Conversión;1700946,00;2965952,00;NULL;151010;32810;DESCONOCIDO;Cancelada
CMP-1132;2024-09-03;TecnoWave;Cataluña;Salud;Redes Sociales;Fidelización;303805,00;160554,00;3145880;246320;26830;Carlos Ruiz;Finalizada
CMP-1133;2025-12-14;Sabores del Mediterráneo;Comunidad de Madrid;Retail;Radio;Conversión;1384664,00;4202987,00;4044080;109990;8990;Javier Torres;Cancelada
CMP-1134;2023-08-19;Innovatech Solutions;Asturias;Deporte;Google Ads;Lead Generation;240267,00;49485,00;16440;600;90;Laura Gómez;Finalizada
CMP-1136;2023-10-20;Solaris Energía;Islas Baleares;Retail;Marketing de Contenidos;Branding;221433,00;76615,00;3918170;106340;17950;Javier Torres;Pausada
CMP-1137;2025-02-10;Colchones Descanso;Cantabria;Retail;Email Marketing;Awareness;1139346,00;4279675,00;4864330;281230;19680;Álvaro Gil;Activa
CMP-1138;2025-01-22;TransLogic;Castilla-La Mancha;Finanzas;Redes Sociales;Lead Generation;654489,00;2268705,00;3674550;165200;19080;Paula Serrano;Activa
CMP-1139;2025-03-30;Colchones Descanso;Galicia;Tecnología;SEO;Lead Generation;1140388,00;272933,00;2719600;88950;20930;DESCONOCIDO;Cancelada
